IDHM,codigo
0.641,110001
0.702,110002
0.65,110003
0.718,110004
0.692,110005
0.685,110006
0.613,110007
0.611,110008
0.672,110009
0.657,110010
0.689,110011
0.714,110012
0.596,110013
0.643,110014
0.682,110015
0.71,110018
0.736,110020
0.664,110025
0.643,110026
0.7,110028
0.67,110029
0.731,110030
0.646,110032
0.587,110033
0.643,110034
0.592,110037
0.625,110040
0.616,110045
0.634,110050
0.646,110060
0.593,110070
0.649,110080
0.658,110090
0.652,110092
0.612,110094
0.596,110100
0.614,110110
0.638,110120
0.643,110130
0.607,110140
0.587,110143
0.617,110145
0.665,110146
0.641,110147
0.649,110148
0.611,110149
0.598,110150
0.643,110155
0.589,110160
0.609,110170
0.584,110175
0.627,110180
0.604,120001
0.588,120005
0.614,120010
0.589,120013
0.575,120017
0.664,120020
0.653,120025
0.539,120030
0.469,120032
0.625,120033
0.551,120034
0.501,120035
0.622,120038
0.532,120039
0.727,120040
0.567,120042
0.517,120043
0.64,120045
0.603,120050
0.539,120060
0.599,120070
0.576,120080
0.527,130002
0.56,130006
0.594,130008
0.561,130010
0.637,130014
0.45,130020
0.577,130030
0.5,130040
0.574,130050
0.574,130060
0.506,130063
0.565,130068
0.588,130070
0.56,130080
0.569,130083
0.53,130090
0.549,130100
0.557,130110
0.568,130115
0.586,130120
0.563,130130
0.563,130140
0.509,130150
0.53,130160
0.532,130165
0.605,130170
0.481,130180
0.613,130185
0.644,130190
0.477,130195
0.654,130200
0.522,130210
0.522,130220
0.516,130230
0.531,130240
0.614,130250
0.596,130255
0.737,130260
0.582,130270
0.498,130280
0.588,130290
0.586,130300
0.558,130310
0.57,130320
0.554,130330
0.658,130340
0.496,130350
0.647,130353
0.611,130356
0.479,130360
0.49,130370
0.609,130380
0.521,130390
0.577,130395
0.632,130400
0.616,130406
0.502,130410
0.639,130420
0.548,130423
0.527,130426
0.62,130430
0.588,130440
0.484,140002
0.542,140005
0.752,140010
0.626,140015
0.619,140017
0.624,140020
0.639,140023
0.582,140028
0.665,140030
0.594,140040
0.65,140045
0.619,140047
0.655,140050
0.649,140060
0.453,140070
0.628,150010
0.622,150013
0.506,150020
0.489,150030
0.564,150034
0.564,150040
0.642,150050
0.665,150060
0.484,150070
0.718,150080
0.548,150085
0.52,150090
0.519,150095
0.541,150100
0.471,150110
0.578,150120
0.594,150125
0.662,150130
0.746,150140
0.588,150145
0.665,150150
0.589,150157
0.546,150160
0.6,150170
0.613,150172
0.591,150175
0.568,150178
0.503,150180
0.552,150190
0.473,150195
0.546,150200
0.577,150210
0.673,150215
0.655,150220
0.548,150230
0.673,150240
0.453,150250
0.602,150260
0.64,150270
0.566,150275
0.55,150276
0.636,150277
0.502,150280
0.578,150285
0.582,150290
0.615,150293
0.56,150295
0.563,150300
0.583,150304
0.526,150307
0.56,150309
0.509,150310
0.595,150320
0.547,150330
0.572,150340
0.489,150345
0.559,150350
0.64,150360
0.528,150370
0.505,150375
0.622,150380
0.592,150390
0.541,150400
0.599,150405
0.597,150410
0.668,150420
0.57,150430
0.609,150440
0.676,150442
0.582,150445
0.418,150450
0.575,150460
0.547,150470
0.589,150480
0.547,150490
0.502,150495
0.581,150497
0.609,150500
0.673,150503
0.537,150506
0.594,150510
0.507,150520
0.623,150530
0.568,150540
0.624,150543
0.515,150548
0.589,150549
0.645,150550
0.715,150553
0.574,150555
0.581,150560
0.563,150563
0.552,150565
0.562,150570
0.483,150580
0.503,150590
0.523,150600
0.577,150610
0.543,150611
0.672,150613
0.638,150616
0.602,150618
0.548,150619
0.647,150620
0.608,150630
0.627,150635
0.557,150640
0.659,150650
0.546,150655
0.544,150658
0.598,150660
0.602,150670
0.691,150680
0.587,150690
0.632,150700
0.585,150710
0.594,150715
0.532,150720
0.594,150730
0.608,150740
0.595,150745
0.583,150746
0.539,150747
0.55,150750
0.591,150760
0.558,150770
0.59,150775
0.514,150780
0.615,150790
0.588,150795
0.605,150796
0.635,150797
0.586,150800
0.531,150803
0.562,150805
0.659,150808
0.666,150810
0.604,150812
0.589,150815
0.617,150820
0.515,150830
0.596,150835
0.646,150840
0.709,160005
0.642,160010
0.626,160015
0.643,160020
0.628,160021
0.656,160023
0.576,160025
0.665,160027
0.733,160030
0.592,160040
0.658,160050
0.64,160053
0.614,160055
0.692,160060
0.592,160070
0.619,160080
0.665,170025
0.657,170030
0.663,170035
0.636,170040
0.708,170070
0.671,170100
0.648,170105
0.651,170110
0.593,170130
0.639,170190
0.675,170200
0.752,170210
0.604,170215
0.631,170220
0.68,170230
0.651,170240
0.67,170255
0.677,170270
0.627,170290
0.642,170300
0.638,170305
0.603,170307
0.642,170310
0.638,170320
0.66,170330
0.684,170360
0.686,170370
0.627,170380
0.627,170382
0.544,170384
0.662,170386
0.64,170388
0.594,170389
0.658,170390
0.569,170410
0.619,170460
0.62,170510
0.701,170550
0.697,170555
0.592,170560
0.605,170600
0.673,170610
0.644,170625
0.581,170650
0.701,170700
0.683,170710
0.583,170720
0.679,170730
0.57,170740
0.697,170755
0.689,170765
0.621,170770
0.67,170820
0.659,170825
0.621,170830
0.576,170900
0.741,170930
0.759,170950
0.62,170980
0.612,171050
0.616,171070
0.601,171090
0.65,171110
0.662,171150
0.584,171180
0.627,171190
0.579,171195
0.675,171200
0.66,171215
0.57,171240
0.639,171245
0.631,171250
0.607,171270
0.58,171280
0.684,171320
0.662,171330
0.622,171360
0.62,171370
0.628,171380
0.596,171395
0.673,171420
0.643,171430
0.631,171488
0.661,171500
0.639,171510
0.699,171515
0.596,171525
0.675,171550
0.571,171570
0.673,171575
0.764,171610
0.595,171620
0.661,171630
0.732,171650
0.674,171660
0.627,171665
0.671,171670
0.605,171700
0.621,171720
0.65,171750
0.603,171780
0.624,171790
0.645,171800
0.74,171820
0.583,171830
0.669,171840
0.669,171845
0.5,171850
0.572,171855
0.608,171865
0.616,171870
0.6,171875
0.606,171880
0.659,171884
0.616,171886
0.634,171888
0.651,171889
0.595,171890
0.662,171900
0.637,172000
0.605,172010
0.574,172015
0.623,172020
0.605,172025
0.573,172030
0.643,172049
0.675,172065
0.604,172080
0.667,172085
0.634,172090
0.601,172093
0.654,172097
0.788,172100
0.589,172110
0.681,172120
0.67,172125
0.587,172130
0.638,172208
0.671,172210
0.672,210005
0.529,210010
0.5,210015
0.573,210020
0.513,210030
0.549,210040
0.554,210043
0.558,210047
0.633,210050
0.52,210055
0.555,210060
0.581,210070
0.581,210080
0.568,210083
0.533,210087
0.521,210090
0.512,210095
0.626,210100
0.641,210110
0.651,210120
0.629,210125
0.578,210130
0.537,210135
0.687,210140
0.592,210150
0.606,210160
0.57,210170
0.512,210173
0.554,210177
0.546,210180
0.601,210190
0.604,210193
0.545,210197
0.538,210200
0.558,210203
0.562,210207
0.562,210210
0.519,210215
0.548,210220
0.59,210230
0.556,210232
0.583,210235
0.537,210237
0.553,210240
0.523,210250
0.652,210255
0.561,210260
0.565,210270
0.537,210275
0.634,210280
0.574,210290
0.624,210300
0.605,210310
0.585,210312
0.542,210315
0.518,210317
0.604,210320
0.6,210325
0.595,210330
0.564,210340
0.596,210350
0.512,210355
0.576,210360
0.612,210370
0.607,210375
0.622,210380
0.533,210390
0.586,210400
0.659,210405
0.532,210407
0.443,210408
0.556,210409
0.616,210410
0.58,210420
0.604,210430
0.568,210440
0.565,210450
0.629,210455
0.572,210460
0.544,210462
0.521,210465
0.569,210467
0.57,210470
0.609,210480
0.625,210490
0.535,210500
0.546,210510
0.569,210515
0.614,210520
0.731,210530
0.518,210535
0.599,210540
0.63,210542
0.561,210545
0.49,210547
0.641,210550
0.561,210560
0.552,210565
0.589,210570
0.581,210580
0.557,210590
0.566,210592
0.602,210594
0.502,210596
0.589,210598
0.581,210600
0.582,210610
0.588,210620
0.567,210630
0.582,210632
0.452,210635
0.55,210637
0.57,210640
0.619,210650
0.55,210660
0.533,210663
0.527,210667
0.545,210670
0.61,210675
0.622,210680
0.546,210690
0.575,210700
0.548,210710
0.585,210720
0.566,210725
0.584,210730
0.581,210735
0.589,210740
0.575,210745
0.724,210750
0.556,210760
0.58,210770
0.542,210780
0.532,210790
0.61,210800
0.561,210805
0.549,210810
0.682,210820
0.516,210825
0.554,210830
0.599,210840
0.564,210845
0.633,210850
0.637,210860
0.541,210870
0.576,210880
0.576,210890
0.684,210900
0.615,210905
0.653,210910
0.563,210920
0.591,210923
0.557,210927
0.587,210930
0.512,210940
0.626,210945
0.576,210950
0.615,210955
0.632,210960
0.565,210970
0.525,210975
0.571,210980
0.674,210990
0.55,211000
0.599,211003
0.555,211010
0.609,211020
0.51,211023
0.518,211027
0.566,211030
0.541,211040
0.602,211050
0.572,211060
0.59,211065
0.582,211070
0.557,211080
0.584,211085
0.528,211090
0.598,211100
0.509,211102
0.609,211105
0.517,211107
0.615,211110
0.708,211120
0.557,211125
0.768,211130
0.54,211140
0.616,211150
0.605,211153
0.6,211157
0.61,211160
0.516,211163
0.516,211167
0.592,211170
0.493,211172
0.538,211174
0.602,211176
0.519,211178
0.564,211180
0.579,211190
0.568,211195
0.599,211200
0.537,211210
0.649,211220
0.606,211223
0.555,211227
0.572,211230
0.561,211240
0.536,211245
0.561,211250
0.588,211260
0.542,211270
0.618,211280
0.581,211285
0.596,211290
0.57,211300
0.595,211400
0.528,220005
0.599,220010
0.639,220020
0.531,220025
0.585,220027
0.585,220030
0.614,220040
0.578,220045
0.598,220050
0.63,220060
0.594,220070
0.62,220080
0.583,220090
0.519,220095
0.56,220100
0.499,220105
0.554,220110
0.564,220115
0.577,220117
0.595,220120
0.557,220130
0.612,220140
0.545,220150
0.576,220155
0.551,220157
0.557,220160
0.612,220170
0.489,220173
0.575,220177
0.632,220180
0.668,220190
0.532,220191
0.542,220192
0.56,220194
0.577,220196
0.515,220198
0.565,220200
0.574,220202
0.583,220205
0.562,220207
0.546,220208
0.588,220209
0.544,220210
0.537,220211
0.56,220213
0.528,220217
0.656,220220
0.583,220225
0.576,220230
0.583,220240
0.553,220245
0.552,220250
0.505,220253
0.541,220255
0.587,220260
0.488,220265
0.497,220270
0.555,220271
0.498,220272
0.565,220273
0.628,220275
0.588,220277
0.589,220280
0.546,220285
0.642,220290
0.573,220300
0.566,220310
0.607,220320
0.542,220323
0.555,220325
0.527,220327
0.618,220330
0.561,220335
0.601,220340
0.55,220342
0.549,220345
0.58,220350
0.595,220360
0.605,220370
0.548,220375
0.547,220380
0.538,220385
0.7,220390
0.564,220400
0.577,220410
0.553,220415
0.608,220420
0.619,220430
0.561,220435
0.548,220440
0.65,220450
0.508,220455
0.599,220460
0.563,220465
0.624,220470
0.63,220480
0.582,220490
0.541,220500
0.583,220510
0.535,220515
0.524,220520
0.593,220525
0.566,220527
0.591,220530
0.561,220535
0.522,220540
0.504,220545
0.618,220550
0.57,220551
0.582,220552
0.555,220553
0.597,220554
0.55,220555
0.502,220556
0.529,220557
0.583,220558
0.541,220559
0.584,220560
0.541,220570
0.545,220580
0.563,220585
0.573,220590
0.562,220595
0.59,220600
0.525,220605
0.562,220610
0.539,220620
0.623,220630
0.508,220635
0.615,220640
0.561,220650
0.578,220660
0.542,220665
0.55,220667
0.53,220669
0.576,220670
0.586,220675
0.533,220680
0.562,220690
0.528,220695
0.634,220700
0.576,220710
0.541,220720
0.575,220730
0.559,220735
0.557,220740
0.562,220750
0.509,220755
0.575,220760
0.687,220770
0.561,220775
0.563,220777
0.514,220779
0.6,220780
0.526,220785
0.571,220790
0.562,220793
0.554,220795
0.698,220800
0.566,220810
0.564,220820
0.596,220830
0.635,220840
0.549,220850
0.563,220855
0.565,220860
0.515,220865
0.589,220870
0.591,220880
0.541,220885
0.52,220887
0.601,220890
0.572,220900
0.601,220910
0.577,220915
0.544,220920
0.588,220930
0.574,220935
0.567,220937
0.584,220940
0.619,220945
0.613,220950
0.596,220955
0.61,220960
0.485,220965
0.57,220970
0.56,220975
0.616,220980
0.559,220985
0.515,220987
0.582,220990
0.559,220995
0.523,220997
0.645,221000
0.565,221005
0.573,221010
0.552,221020
0.594,221030
0.595,221035
0.554,221037
0.563,221038
0.535,221039
0.556,221040
0.595,221050
0.661,221060
0.536,221062
0.562,221063
0.581,221065
0.575,221070
0.627,221080
0.561,221090
0.586,221093
0.501,221095
0.579,221097
0.751,221100
0.577,221110
0.631,221120
0.647,221130
0.553,221135
0.571,221140
0.503,221150
0.565,221160
0.544,221170
0.628,230010
0.606,230015
0.601,230020
0.595,230030
0.569,230040
0.6,230050
0.602,230060
0.601,230070
0.606,230075
0.599,230080
0.618,230090
0.641,230100
0.655,230110
0.615,230120
0.59,230125
0.564,230130
0.622,230140
0.618,230150
0.6,230160
0.605,230170
0.627,230180
0.606,230185
0.683,230190
0.616,230195
0.599,230200
0.571,230205
0.619,230210
0.638,230220
0.623,230230
0.598,230240
0.647,230250
0.62,230260
0.63,230270
0.612,230280
0.611,230290
0.592,230300
0.596,230310
0.578,230320
0.597,230330
0.593,230340
0.646,230350
0.618,230360
0.609,230365
0.682,230370
0.627,230380
0.586,230390
0.585,230393
0.604,230395
0.61,230400
0.644,230410
0.713,230420
0.59,230423
0.632,230425
0.609,230426
0.61,230427
0.701,230428
0.633,230430
0.644,230435
0.754,230440
0.624,230445
0.604,230450
0.568,230460
0.57,230465
0.559,230470
0.585,230480
0.633,230490
0.617,230495
0.609,230500
0.637,230510
0.597,230520
0.658,230523
0.577,230526
0.608,230530
0.606,230533
0.616,230535
0.606,230540
0.677,230550
0.632,230560
0.579,230565
0.606,230570
0.618,230580
0.573,230590
0.652,230600
0.605,230610
0.656,230620
0.626,230625
0.623,230630
0.64,230640
0.604,230650
0.606,230655
0.562,230660
0.612,230670
0.618,230680
0.621,230690
0.624,230700
0.614,230710
0.651,230720
0.652,230725
0.694,230730
0.598,230740
0.613,230750
0.682,230760
0.61,230763
0.686,230765
0.659,230770
0.612,230780
0.599,230790
0.616,230800
0.605,230810
0.618,230820
0.628,230830
0.626,230835
0.592,230837
0.622,230840
0.582,230850
0.61,230860
0.61,230870
0.581,230880
0.588,230890
0.607,230900
0.607,230910
0.625,230920
0.614,230930
0.605,230940
0.594,230945
0.636,230950
0.659,230960
0.675,230970
0.635,230980
0.621,230990
0.638,231000
0.622,231010
0.637,231020
0.634,231025
0.57,231030
0.583,231040
0.603,231050
0.646,231060
0.629,231070
0.601,231080
0.636,231085
0.6,231090
0.591,231095
0.581,231100
0.622,231110
0.562,231120
0.604,231123
0.594,231126
0.659,231130
0.591,231135
0.642,231140
0.622,231150
0.626,231160
0.601,231170
0.674,231180
0.575,231190
0.54,231195
0.587,231200
0.612,231210
0.616,231220
0.611,231230
0.665,231240
0.654,231250
0.62,231260
0.619,231270
0.603,231280
0.714,231290
0.625,231300
0.645,231310
0.58,231320
0.576,231325
0.633,231330
0.584,231335
0.657,231340
0.606,231350
0.606,231355
0.648,231360
0.591,231370
0.587,231375
0.639,231380
0.566,231390
0.611,231395
0.629,231400
0.571,231410
0.679,240010
0.661,240020
0.585,240030
0.616,240040
0.606,240050
0.624,240060
0.672,240070
0.624,240080
0.578,240090
0.639,240100
0.682,240110
0.606,240120
0.621,240130
0.609,240140
0.574,240145
0.566,240150
0.582,240160
0.629,240165
0.584,240170
0.592,240180
0.574,240185
0.587,240190
0.71,240200
0.626,240210
0.579,240220
0.638,240230
0.659,240240
0.589,240250
0.616,240260
0.607,240270
0.587,240280
0.578,240290
0.654,240300
0.691,240310
0.621,240320
0.766,240325
0.629,240330
0.623,240340
0.558,240350
0.66,240360
0.636,240370
0.597,240375
0.642,240380
0.606,240390
0.597,240400
0.564,240410
0.638,240420
0.592,240430
0.664,240440
0.626,240450
0.55,240460
0.603,240470
0.679,240480
0.624,240485
0.614,240490
0.604,240500
0.569,240510
0.615,240520
0.574,240530
0.569,240540
0.565,240550
0.603,240560
0.663,240570
0.595,240580
0.53,240590
0.608,240600
0.601,240610
0.595,240615
0.601,240620
0.553,240630
0.589,240640
0.585,240650
0.582,240660
0.624,240670
0.625,240680
0.646,240690
0.608,240700
0.64,240710
0.665,240720
0.617,240725
0.609,240730
0.622,240740
0.608,240750
0.644,240760
0.557,240770
0.609,240780
0.598,240790
0.72,240800
0.763,240810
0.622,240820
0.629,240830
0.585,240840
0.645,240850
0.589,240860
0.603,240870
0.549,240880
0.676,240890
0.569,240895
0.606,240910
0.589,240920
0.618,240930
0.59,240933
0.678,240940
0.559,240950
0.558,240960
0.583,240970
0.568,240980
0.631,240990
0.614,241000
0.587,241010
0.621,241020
0.59,241025
0.563,241030
0.567,241040
0.608,241050
0.654,241060
0.584,241070
0.591,241080
0.592,241090
0.604,241100
0.635,241105
0.605,241110
0.635,241120
0.591,241140
0.642,241142
0.62,241150
0.555,241160
0.595,241170
0.608,241180
0.628,241190
0.661,241200
0.655,241210
0.611,241220
0.615,241230
0.694,241240
0.606,241250
0.591,241255
0.622,241260
0.589,241270
0.611,241280
0.585,241290
0.642,241300
0.583,241310
0.57,241320
0.582,241330
0.614,241335
0.597,241340
0.592,241350
0.598,241355
0.604,241360
0.572,241370
0.612,241380
0.569,241390
0.608,241400
0.592,241410
0.623,241415
0.645,241420
0.64,241430
0.572,241440
0.602,241445
0.618,241450
0.596,241460
0.626,241470
0.555,241475
0.587,241480
0.592,241490
0.576,241500
0.572,250010
0.597,250020
0.582,250030
0.576,250040
0.595,250050
0.578,250053
0.548,250057
0.582,250060
0.608,250070
0.606,250073
0.578,250077
0.549,250080
0.548,250090
0.567,250100
0.594,250110
0.562,250115
0.608,250120
0.548,250130
0.609,250135
0.581,250140
0.568,250150
0.558,250153
0.567,250157
0.562,250160
0.572,250170
0.649,250180
0.592,250190
0.578,250200
0.558,250205
0.599,250210
0.649,250215
0.597,250220
0.592,250230
0.574,250240
0.607,250250
0.61,250260
0.558,250270
0.597,250280
0.619,250290
0.602,250300
0.611,250310
0.748,250320
0.587,250330
0.596,250340
0.564,250350
0.523,250355
0.592,250360
0.679,250370
0.55,250375
0.568,250380
0.567,250390
0.72,250400
0.533,250403
0.585,250407
0.603,250410
0.514,250415
0.574,250420
0.64,250430
0.623,250435
0.592,250440
0.594,250450
0.618,250460
0.581,250470
0.592,250480
0.641,250485
0.552,250490
0.566,250500
0.591,250510
0.57,250520
0.524,250523
0.529,250527
0.606,250530
0.521,250535
0.58,250540
0.566,250550
0.593,250560
0.545,250570
0.603,250580
0.595,250590
0.623,250600
0.56,250610
0.641,250620
0.513,250625
0.673,250630
0.556,250640
0.625,250650
0.586,250660
0.557,250670
0.592,250680
0.613,250690
0.615,250700
0.564,250710
0.562,250720
0.558,250730
0.603,250740
0.763,250750
0.579,250760
0.567,250770
0.617,250780
0.548,250790
0.57,250800
0.563,250810
0.57,250820
0.627,250830
0.533,250840
0.566,250850
0.583,250855
0.583,250860
0.542,250870
0.642,250880
0.585,250890
0.543,250900
0.529,250905
0.548,250910
0.608,250915
0.567,250920
0.536,250930
0.541,250933
0.565,250937
0.572,250939
0.574,250940
0.59,250950
0.587,250960
0.628,250970
0.565,250980
0.541,250990
0.562,251000
0.601,251010
0.573,251020
0.595,251030
0.572,251040
0.603,251050
0.614,251060
0.584,251065
0.62,251070
0.701,251080
0.587,251090
0.599,251100
0.574,251110
0.59,251120
0.621,251130
0.608,251140
0.579,251150
0.56,251160
0.564,251170
0.595,251180
0.57,251190
0.591,251200
0.525,251203
0.612,251207
0.634,251210
0.608,251220
0.606,251230
0.617,251240
0.608,251250
0.622,251260
0.607,251270
0.542,251272
0.574,251274
0.553,251275
0.555,251276
0.594,251278
0.568,251280
0.585,251290
0.563,251300
0.568,251310
0.525,251315
0.618,251320
0.609,251330
0.572,251335
0.682,251340
0.535,251350
0.594,251360
0.622,251365
0.627,251370
0.627,251380
0.6,251385
0.58,251390
0.606,251392
0.589,251394
0.548,251396
0.58,251398
0.622,251400
0.552,251410
0.53,251420
0.565,251430
0.577,251440
0.541,251445
0.591,251450
0.565,251455
0.578,251460
0.581,251465
0.617,251470
0.556,251480
0.641,251490
0.548,251500
0.594,251510
0.581,251520
0.569,251530
0.555,251540
0.628,251550
0.626,251560
0.586,251570
0.57,251580
0.547,251590
0.621,251593
0.573,251597
0.595,251600
0.616,251610
0.573,251615
0.668,251620
0.627,251630
0.551,251640
0.578,251650
0.586,251660
0.605,251670
0.581,251675
0.609,251680
0.636,251690
0.584,251700
0.707,251710
0.571,251720
0.623,251740
0.679,260005
0.657,260010
0.588,260020
0.592,260030
0.553,260040
0.526,260050
0.599,260060
0.604,260070
0.598,260080
0.58,260090
0.572,260100
0.592,260105
0.602,260110
0.667,260120
0.577,260130
0.586,260140
0.578,260150
0.642,260160
0.629,260170
0.559,260180
0.606,260190
0.565,260200
0.563,260210
0.602,260220
0.561,260230
0.547,260240
0.574,260250
0.562,260260
0.593,260270
0.527,260280
0.686,260290
0.623,260300
0.579,260310
0.522,260320
0.566,260330
0.571,260340
0.692,260345
0.588,260350
0.606,260360
0.541,260370
0.549,260380
0.583,260390
0.573,260392
0.68,260400
0.677,260410
0.567,260415
0.609,260420
0.615,260430
0.604,260440
0.599,260450
0.602,260460
0.536,260470
0.568,260480
0.572,260490
0.592,260500
0.594,260510
0.589,260515
0.632,260520
0.576,260530
0.6,260540
0.788,260545
0.622,260550
0.556,260560
0.626,260570
0.576,260580
0.602,260590
0.664,260600
0.604,260610
0.651,260620
0.595,260630
0.634,260640
0.528,260650
0.552,260660
0.58,260670
0.665,260680
0.598,260690
0.523,260700
0.608,260710
0.619,260720
0.55,260730
0.595,260740
0.51,260750
0.653,260760
0.575,260765
0.592,260770
0.633,260775
0.586,260780
0.717,260790
0.575,260795
0.53,260800
0.645,260805
0.576,260810
0.554,260820
0.55,260825
0.575,260830
0.509,260840
0.609,260845
0.602,260850
0.525,260860
0.551,260870
0.597,260875
0.611,260880
0.663,260890
0.609,260900
0.578,260910
0.487,260915
0.534,260920
0.591,260930
0.652,260940
0.662,260950
0.735,260960
0.61,260970
0.61,260980
0.572,260990
0.622,261000
0.549,261010
0.569,261020
0.537,261030
0.599,261040
0.592,261050
0.639,261060
0.732,261070
0.567,261080
0.61,261090
0.623,261100
0.697,261110
0.528,261120
0.598,261130
0.58,261140
0.552,261150
0.577,261153
0.772,261160
0.57,261170
0.602,261180
0.613,261190
0.585,261200
0.534,261210
0.669,261220
0.559,261230
0.603,261240
0.549,261245
0.612,261247
0.648,261250
0.533,261255
0.59,261260
0.548,261270
0.593,261280
0.53,261290
0.593,261300
0.591,261310
0.57,261320
0.537,261330
0.608,261340
0.61,261350
0.635,261360
0.653,261370
0.549,261380
0.661,261390
0.595,261400
0.613,261410
0.597,261420
0.6,261430
0.585,261440
0.635,261450
0.605,261460
0.554,261470
0.573,261480
0.593,261485
0.641,261500
0.545,261510
0.599,261520
0.618,261530
0.618,261540
0.605,261550
0.595,261560
0.67,261570
0.519,261580
0.634,261590
0.592,261600
0.605,261610
0.563,261618
0.582,261620
0.605,261630
0.64,261640
0.552,261650
0.549,270010
0.568,270020
0.649,270030
0.561,270040
0.557,270050
0.615,270060
0.594,270070
0.593,270080
0.517,270090
0.604,270100
0.513,270110
0.531,270120
0.562,270130
0.559,270135
0.57,270140
0.524,270150
0.506,270160
0.573,270170
0.526,270180
0.575,270190
0.533,270200
0.517,270210
0.586,270220
0.626,270230
0.525,270235
0.612,270240
0.532,270250
0.534,270255
0.533,270260
0.565,270270
0.527,270280
0.536,270290
0.518,270300
0.564,270310
0.568,270320
0.484,270330
0.583,270340
0.548,270350
0.57,270360
0.552,270370
0.556,270375
0.531,270380
0.562,270390
0.575,270400
0.552,270410
0.58,270420
0.721,270430
0.566,270440
0.574,270450
0.569,270460
0.642,270470
0.597,270480
0.577,270490
0.504,270500
0.584,270510
0.568,270520
0.563,270530
0.539,270540
0.527,270550
0.521,270560
0.565,270570
0.525,270580
0.503,270590
0.493,270600
0.547,270610
0.558,270620
0.638,270630
0.593,270640
0.548,270642
0.605,270644
0.533,270650
0.589,270660
0.63,270670
0.572,270680
0.61,270690
0.574,270700
0.589,270710
0.526,270720
0.586,270730
0.541,270740
0.551,270750
0.559,270760
0.643,270770
0.505,270780
0.597,270790
0.591,270800
0.519,270810
0.572,270820
0.573,270830
0.527,270840
0.536,270850
0.623,270860
0.591,270870
0.549,270880
0.66,270890
0.518,270895
0.555,270900
0.541,270910
0.564,270915
0.532,270920
0.593,270930
0.586,270940
0.611,280010
0.578,280020
0.77,280030
0.595,280040
0.579,280050
0.649,280060
0.604,280067
0.54,280070
0.621,280100
0.569,280110
0.567,280120
0.615,280130
0.588,280140
0.643,280150
0.623,280160
0.553,280170
0.604,280190
0.61,280200
0.647,280210
0.584,280220
0.589,280230
0.564,280240
0.645,280250
0.577,280260
0.562,280270
0.58,280280
0.642,280290
0.556,280300
0.602,280310
0.561,280320
0.621,280330
0.56,280340
0.625,280350
0.642,280360
0.583,280370
0.599,280380
0.587,280390
0.618,280400
0.587,280410
0.553,280420
0.626,280430
0.589,280440
0.577,280445
0.587,280450
0.6,280460
0.598,280470
0.664,280480
0.555,280490
0.593,280500
0.592,280510
0.583,280520
0.603,280530
0.529,280540
0.561,280550
0.568,280560
0.661,280570
0.539,280580
0.617,280590
0.613,280600
0.631,280610
0.609,280620
0.545,280630
0.59,280640
0.592,280650
0.637,280660
0.662,280670
0.588,280680
0.587,280690
0.567,280700
0.604,280710
0.609,280720
0.604,280730
0.557,280740
0.551,280750
0.579,280760
0.603,290010
0.575,290020
0.582,290030
0.546,290035
0.55,290040
0.584,290050
0.583,290060
0.683,290070
0.608,290080
0.563,290090
0.625,290100
0.666,290110
0.561,290115
0.54,290120
0.555,290130
0.588,290135
0.625,290140
0.589,290150
0.592,290160
0.561,290170
0.598,290180
0.548,290190
0.552,290195
0.581,290200
0.57,290205
0.534,290210
0.588,290220
0.559,290225
0.575,290230
0.568,290240
0.589,290250
0.585,290260
0.579,290265
0.557,290270
0.575,290280
0.551,290290
0.63,290300
0.577,290310
0.721,290320
0.607,290323
0.61,290327
0.602,290330
0.598,290340
0.575,290350
0.538,290360
0.567,290370
0.551,290380
0.633,290390
0.546,290395
0.612,290400
0.561,290405
0.603,290410
0.575,290420
0.597,290430
0.592,290440
0.57,290450
0.656,290460
0.613,290470
0.565,290475
0.561,290480
0.581,290485
0.647,290490
0.637,290500
0.546,290510
0.542,290515
0.625,290520
0.584,290530
0.627,290540
0.573,290550
0.581,290560
0.694,290570
0.565,290580
0.557,290590
0.586,290600
0.565,290610
0.587,290620
0.59,290630
0.587,290640
0.691,290650
0.591,290660
0.601,290670
0.557,290680
0.562,290682
0.599,290685
0.621,290687
0.555,290689
0.616,290690
0.552,290700
0.576,290710
0.57,290720
0.613,290730
0.582,290740
0.677,290750
0.571,290755
0.596,290760
0.6,290770
0.585,290780
0.601,290790
0.613,290800
0.596,290810
0.634,290820
0.606,290830
0.611,290840
0.663,290850
0.56,290860
0.582,290870
0.577,290880
0.592,290890
0.579,290900
0.6,290910
0.535,290920
0.603,290930
0.59,290940
0.599,290950
0.543,290960
0.614,290970
0.699,290980
0.581,290990
0.54,291000
0.676,291005
0.591,291010
0.632,291020
0.623,291030
0.544,291040
0.615,291050
0.589,291060
0.567,291070
0.677,291072
0.559,291075
0.588,291077
0.712,291080
0.565,291085
0.578,291090
0.557,291100
0.618,291110
0.632,291120
0.599,291125
0.559,291130
0.593,291140
0.576,291150
0.643,291160
0.569,291165
0.673,291170
0.558,291180
0.563,291185
0.574,291190
0.611,291200
0.625,291210
0.591,291220
0.584,291230
0.616,291240
0.584,291250
0.511,291260
0.558,291270
0.614,291280
0.576,291290
0.585,291300
0.602,291310
0.636,291320
0.631,291330
0.614,291340
0.574,291345
0.552,291350
0.69,291360
0.565,291370
0.55,291380
0.67,291390
0.549,291400
0.59,291410
0.576,291420
0.571,291430
0.599,291440
0.62,291450
0.691,291460
0.599,291465
0.62,291470
0.712,291480
0.583,291490
0.572,291500
0.543,291510
0.589,291520
0.634,291530
0.562,291535
0.592,291540
0.599,291550
0.627,291560
0.578,291570
0.578,291580
0.584,291590
0.637,291600
0.67,291610
0.599,291620
0.572,291630
0.667,291640
0.486,291650
0.571,291660
0.553,291670
0.61,291680
0.582,291685
0.6,291690
0.544,291700
0.594,291710
0.57,291720
0.606,291730
0.591,291733
0.613,291735
0.593,291740
0.649,291750
0.58,291760
0.659,291770
0.556,291780
0.55,291790
0.665,291800
0.547,291810
0.553,291820
0.575,291830
0.593,291835
0.677,291840
0.541,291845
0.571,291850
0.567,291855
0.602,291860
0.599,291870
0.545,291875
0.586,291880
0.632,291890
0.546,291900
0.584,291905
0.518,291910
0.596,291915
0.754,291920
0.623,291930
0.621,291940
0.611,291950
0.716,291955
0.524,291960
0.605,291970
0.609,291980
0.604,291990
0.708,291992
0.538,291995
0.576,292000
0.572,292010
0.562,292020
0.578,292030
0.566,292040
0.599,292045
0.607,292050
0.621,292060
0.593,292070
0.561,292080
0.581,292090
0.668,292100
0.572,292105
0.625,292110
0.586,292120
0.622,292130
0.542,292140
0.527,292145
0.506,292150
0.558,292160
0.588,292170
0.618,292180
0.606,292190
0.665,292200
0.566,292205
0.59,292210
0.617,292220
0.549,292225
0.66,292230
0.601,292240
0.641,292250
0.547,292260
0.56,292265
0.545,292270
0.597,292273
0.57,292275
0.524,292280
0.567,292285
0.555,292290
0.654,292300
0.597,292303
0.554,292305
0.559,292310
0.554,292320
0.607,292330
0.56,292335
0.586,292340
0.643,292350
0.615,292360
0.59,292370
0.577,292380
0.583,292390
0.674,292400
0.587,292405
0.588,292410
0.513,292420
0.571,292430
0.506,292440
0.603,292450
0.577,292460
0.612,292465
0.533,292467
0.575,292470
0.578,292480
0.572,292490
0.56,292500
0.604,292510
0.666,292520
0.58,292525
0.676,292530
0.625,292540
0.621,292550
0.614,292560
0.542,292570
0.559,292575
0.592,292580
0.544,292590
0.578,292593
0.564,292595
0.579,292600
0.636,292610
0.578,292620
0.628,292630
0.615,292640
0.512,292650
0.601,292660
0.54,292665
0.605,292670
0.576,292680
0.594,292690
0.572,292700
0.632,292710
0.61,292720
0.617,292730
0.759,292740
0.583,292750
0.546,292760
0.654,292770
0.61,292780
0.574,292790
0.598,292800
0.556,292805
0.614,292810
0.608,292820
0.592,292830
0.605,292840
0.587,292850
0.646,292860
0.7,292870
0.626,292880
0.579,292890
0.64,292895
0.639,292900
0.639,292905
0.616,292910
0.674,292920
0.592,292925
0.627,292930
0.546,292935
0.552,292937
0.593,292940
0.657,292950
0.614,292960
0.527,292970
0.617,292975
0.549,292980
0.635,292990
0.615,293000
0.666,293010
0.595,293015
0.585,293020
0.608,293030
0.566,293040
0.634,293050
0.59,293060
0.675,293070
0.564,293075
0.533,293076
0.631,293077
0.592,293080
0.584,293090
0.577,293100
0.599,293105
0.597,293110
0.566,293120
0.594,293130
0.685,293135
0.594,293140
0.566,293150
0.555,293160
0.578,293170
0.528,293180
0.579,293190
0.605,293200
0.582,293210
0.611,293220
0.593,293230
0.617,293240
0.515,293245
0.56,293250
0.598,293260
0.616,293270
0.59,293280
0.623,293290
0.637,293300
0.539,293305
0.575,293310
0.555,293315
0.586,293317
0.645,293320
0.577,293325
0.678,293330
0.587,293340
0.6,293345
0.544,293350
0.585,293360
0.689,310010
0.698,310020
0.654,310030
0.63,310040
0.61,310050
0.576,310060
0.675,310070
0.663,310080
0.645,310090
0.601,310100
0.684,310110
0.668,310120
0.649,310130
0.673,310140
0.726,310150
0.761,310160
0.675,310163
0.642,310170
0.646,310180
0.725,310190
0.668,310200
0.661,310205
0.62,310210
0.592,310220
0.676,310230
0.572,310240
0.641,310250
0.734,310260
0.578,310270
0.7,310280
0.597,310285
0.683,310290
0.645,310300
0.684,310310
0.695,310320
0.661,310330
0.663,310340
0.773,310350
0.697,310360
0.536,310370
0.708,310375
0.724,310380
0.698,310390
0.772,310400
0.683,310410
0.749,310420
0.727,310430
0.643,310440
0.582,310445
0.656,310450
0.694,310460
0.588,310470
0.656,310480
0.681,310490
0.671,310500
0.741,310510
0.599,310520
0.692,310530
0.722,310540
0.649,310550
0.769,310560
0.624,310570
0.734,310590
0.674,310600
0.66,310610
0.81,310620
0.686,310630
0.655,310640
0.628,310650
0.594,310660
0.604,310665
0.749,310670
0.62,310680
0.744,310690
0.688,310700
0.704,310710
0.645,310720
0.7,310730
0.75,310740
0.673,310750
0.735,310760
0.683,310770
0.623,310780
0.653,310790
0.692,310800
0.637,310810
0.678,310820
0.537,310825
0.73,310830
0.702,310840
0.602,310850
0.674,310855
0.656,310860
0.625,310870
0.624,310880
0.692,310890
0.747,310900
0.658,310910
0.669,310920
0.627,310925
0.672,310930
0.624,310940
0.648,310945
0.674,310950
0.741,310960
0.706,310970
0.726,310980
0.706,310990
0.728,311000
0.633,311010
0.617,311020
0.687,311030
0.69,311040
0.689,311050
0.751,311060
0.699,311070
0.616,311080
0.709,311090
0.698,311100
0.704,311110
0.621,311115
0.711,311120
0.683,311130
0.706,311140
0.702,311150
0.682,311160
0.649,311170
0.722,311180
0.65,311190
0.678,311200
0.631,311205
0.624,311210
0.648,311220
0.653,311230
0.675,311240
0.695,311250
0.723,311260
0.624,311265
0.639,311270
0.71,311280
0.615,311290
0.558,311300
0.634,311310
0.697,311320
0.695,311330
0.706,311340
0.638,311350
0.683,311360
0.648,311370
0.65,311380
0.655,311390
0.689,311400
0.682,311410
0.71,311420
0.705,311430
0.733,311440
0.7,311450
0.741,311455
0.725,311460
0.724,311470
0.646,311480
0.652,311490
0.721,311500
0.704,311510
0.685,311520
0.751,311530
0.684,311535
0.6,311540
0.54,311545
0.621,311547
0.743,311550
0.678,311560
0.665,311570
0.678,311580
0.664,311590
0.655,311600
0.598,311610
0.635,311615
0.711,311620
0.579,311630
0.698,311640
0.67,311650
0.709,311660
0.669,311670
0.583,311680
0.697,311690
0.593,311700
0.691,311710
0.668,311720
0.712,311730
0.676,311740
0.634,311750
0.7,311760
0.665,311770
0.703,311780
0.621,311783
0.747,311787
0.712,311790
0.753,311800
0.568,311810
0.729,311820
0.761,311830
0.662,311840
0.673,311850
0.756,311860
0.694,311870
0.642,311880
0.656,311890
0.66,311900
0.68,311910
0.626,311920
0.708,311930
0.755,311940
0.627,311950
0.669,311960
0.677,311970
0.692,311980
0.692,311990
0.678,311995
0.632,312000
0.659,312010
0.585,312015
0.692,312020
0.583,312030
0.695,312040
0.668,312050
0.651,312060
0.696,312070
0.695,312080
0.627,312083
0.585,312087
0.713,312090
0.616,312100
0.669,312110
0.74,312120
0.639,312125
0.68,312130
0.639,312140
0.631,312150
0.716,312160
0.601,312170
0.702,312180
0.657,312190
0.605,312200
0.661,312210
0.623,312220
0.764,312230
0.608,312235
0.67,312240
0.609,312245
0.673,312247
0.688,312250
0.622,312260
0.709,312270
0.687,312280
0.701,312290
0.686,312300
0.636,312310
0.719,312320
0.629,312330
0.692,312340
0.706,312350
0.645,312352
0.685,312360
0.644,312370
0.655,312380
0.634,312385
0.672,312390
0.625,312400
0.671,312410
0.663,312420
0.627,312430
0.685,312440
0.691,312450
0.71,312460
0.676,312470
0.696,312480
0.675,312490
0.676,312500
0.732,312510
0.717,312520
0.687,312530
0.606,312540
0.64,312550
0.583,312560
0.648,312570
0.646,312580
0.603,312590
0.58,312595
0.724,312600
0.755,312610
0.64,312620
0.67,312630
0.696,312640
0.622,312650
0.625,312660
0.654,312670
0.603,312675
0.59,312680
0.648,312690
0.543,312695
0.684,312700
0.592,312705
0.544,312707
0.73,312710
0.655,312720
0.654,312730
0.65,312733
0.679,312735
0.647,312737
0.716,312738
0.683,312740
0.606,312750
0.681,312760
0.727,312770
0.604,312780
0.731,312790
0.686,312800
0.679,312810
0.623,312820
0.677,312825
0.701,312830
0.677,312840
0.652,312850
0.69,312860
0.751,312870
0.683,312880
0.693,312890
0.674,312900
0.68,312910
0.657,312920
0.654,312930
0.657,312940
0.718,312950
0.614,312960
0.591,312965
0.706,312970
0.704,312980
0.674,312990
0.675,313000
0.624,313005
0.698,313010
0.651,313020
0.707,313030
0.714,313040
0.68,313050
0.553,313055
0.692,313060
0.61,313065
0.674,313070
0.697,313080
0.658,313090
0.702,313100
0.664,313110
0.665,313115
0.693,313120
0.771,313130
0.696,313140
0.686,313150
0.695,313160
0.756,313170
0.653,313180
0.73,313190
0.628,313200
0.641,313210
0.691,313220
0.552,313230
0.787,313240
0.646,313250
0.688,313260
0.634,313270
0.634,313280
0.674,313290
0.705,313300
0.739,313310
0.65,313320
0.629,313330
0.723,313340
0.713,313350
0.72,313360
0.677,313370
0.776,313375
0.758,313380
0.627,313390
0.6,313400
0.635,313410
0.739,313420
0.726,313430
0.747,313440
0.727,313450
0.681,313460
0.62,313470
0.668,313480
0.715,313490
0.679,313500
0.638,313505
0.609,313507
0.696,313510
0.658,313520
0.721,313530
0.608,313535
0.661,313540
0.624,313545
0.601,313550
0.643,313560
0.689,313570
0.615,313580
0.658,313590
0.587,313600
0.626,313610
0.758,313620
0.697,313630
0.637,313640
0.628,313650
0.632,313652
0.617,313655
0.564,313657
0.662,313660
0.717,313665
0.778,313670
0.669,313680
0.723,313690
0.592,313695
0.541,313700
0.718,313710
0.732,313720
0.634,313730
0.676,313740
0.703,313750
0.679,313753
0.777,313760
0.661,313770
0.711,313780
0.655,313790
0.714,313800
0.629,313810
0.782,313820
0.71,313830
0.67,313835
0.726,313840
0.672,313850
0.71,313860
0.71,313862
0.646,313865
0.608,313867
0.614,313868
0.678,313870
0.724,313880
0.64,313890
0.715,313900
0.699,313910
0.618,313920
0.618,313925
0.642,313930
0.689,313940
0.697,313950
0.675,313960
0.672,313970
0.684,313980
0.702,313990
0.742,314000
0.615,314010
0.699,314015
0.68,314020
0.657,314030
0.65,314040
0.669,314050
0.635,314053
0.581,314055
0.597,314060
0.704,314070
0.72,314080
0.616,314085
0.631,314090
0.662,314100
0.731,314110
0.707,314120
0.711,314130
0.624,314140
0.626,314150
0.664,314160
0.656,314170
0.633,314180
0.658,314190
0.665,314200
0.663,314210
0.68,314220
0.593,314225
0.638,314230
0.721,314240
0.65,314250
0.721,314260
0.613,314270
0.674,314280
0.659,314290
0.688,314300
0.728,314310
0.541,314315
0.71,314320
0.77,314330
0.724,314340
0.587,314345
0.696,314350
0.648,314360
0.597,314370
0.647,314380
0.734,314390
0.644,314400
0.74,314410
0.585,314420
0.701,314430
0.675,314435
0.671,314437
0.693,314440
0.69,314450
0.667,314460
0.556,314465
0.592,314467
0.709,314470
0.813,314480
0.63,314490
0.701,314500
0.641,314505
0.671,314510
0.715,314520
0.571,314530
0.555,314535
0.616,314537
0.636,314540
0.626,314545
0.674,314550
0.699,314560
0.635,314570
0.663,314580
0.637,314585
0.562,314587
0.764,314590
0.722,314600
0.741,314610
0.595,314620
0.599,314625
0.596,314630
0.669,314640
0.728,314650
0.59,314655
0.72,314660
0.703,314670
0.565,314675
0.666,314690
0.744,314700
0.725,314710
0.715,314720
0.729,314730
0.694,314740
0.642,314750
0.715,314760
0.687,314770
0.648,314780
0.756,314790
0.614,314795
0.765,314800
0.729,314810
0.682,314820
0.637,314830
0.625,314840
0.627,314850
0.627,314860
0.627,314870
0.573,314875
0.624,314880
0.708,314890
0.655,314900
0.675,314910
0.614,314915
0.729,314920
0.757,314930
0.637,314940
0.694,314950
0.674,314960
0.703,314970
0.723,314980
0.744,314990
0.651,314995
0.656,315000
0.629,315010
0.612,315015
0.639,315020
0.678,315030
0.626,315040
0.686,315050
0.619,315053
0.594,315057
0.646,315060
0.723,315070
0.6,315080
0.685,315090
0.717,315100
0.709,315110
0.731,315120
0.684,315130
0.725,315140
0.737,315150
0.712,315160
0.691,315170
0.779,315180
0.626,315190
0.689,315200
0.717,315210
0.606,315213
0.595,315217
0.651,315220
0.634,315230
0.624,315240
0.774,315250
0.71,315260
0.689,315270
0.695,315280
0.729,315290
0.721,315300
0.632,315310
0.614,315320
0.595,315330
0.701,315340
0.66,315350
0.69,315360
0.683,315370
0.682,315380
0.73,315390
0.655,315400
0.692,315410
0.629,315415
0.685,315420
0.67,315430
0.683,315440
0.632,315445
0.627,315450
0.684,315460
0.737,315470
0.673,315480
0.65,315490
0.664,315500
0.605,315510
0.602,315520
0.648,315530
0.707,315540
0.709,315550
0.624,315560
0.685,315570
0.714,315580
0.679,315590
0.558,315600
0.653,315610
0.684,315620
0.668,315630
0.708,315640
0.662,315645
0.582,315650
0.609,315660
0.731,315670
0.638,315680
0.732,315690
0.679,315700
0.608,315710
0.707,315720
0.613,315725
0.606,315727
0.637,315730
0.706,315733
0.577,315737
0.625,315740
0.607,315750
0.615,315760
0.567,315765
0.706,315770
0.715,315780
0.61,315790
0.648,315800
0.613,315810
0.64,315820
0.698,315830
0.694,315840
0.628,315850
0.651,315860
0.667,315870
0.647,315880
0.621,315890
0.685,315895
0.665,315900
0.647,315910
0.69,315920
0.682,315930
0.613,315935
0.63,315940
0.607,315950
0.721,315960
0.705,315970
0.71,315980
0.672,315990
0.671,316000
0.633,316010
0.558,316020
0.574,316030
0.724,316040
0.57,316045
0.669,316050
0.657,316060
0.741,316070
0.672,316080
0.664,316090
0.638,316095
0.69,316100
0.62,316105
0.638,316110
0.66,316120
0.688,316130
0.663,316140
0.651,316150
0.6,316160
0.63,316165
0.67,316170
0.689,316180
0.667,316190
0.715,316200
0.736,316210
0.724,316220
0.634,316225
0.653,316230
0.569,316240
0.529,316245
0.758,316250
0.65,316255
0.64,316257
0.648,316260
0.625,316265
0.615,316270
0.638,316280
0.708,316290
0.662,316292
0.739,316294
0.729,316295
0.583,316300
0.704,316310
0.717,316320
0.658,316330
0.666,316340
0.566,316350
0.657,316360
0.759,316370
0.644,316380
0.674,316390
0.659,316400
0.622,316410
0.64,316420
0.672,316430
0.692,316440
0.66,316443
0.607,316447
0.581,316450
0.626,316460
0.722,316470
0.632,316480
0.676,316490
0.662,316500
0.7,316510
0.667,316520
0.715,316530
0.68,316540
0.636,316550
0.734,316553
0.542,316555
0.654,316556
0.661,316557
0.674,316560
0.644,316570
0.684,316580
0.62,316590
0.631,316600
0.565,316610
0.626,316620
0.56,316630
0.66,316640
0.557,316650
0.677,316660
0.651,316670
0.696,316680
0.677,316690
0.633,316695
0.643,316700
0.656,316710
0.76,316720
0.652,316730
0.699,316740
0.638,316750
0.632,316760
0.631,316770
0.697,316780
0.681,316790
0.67,316800
0.645,316805
0.712,316810
0.667,316820
0.651,316830
0.633,316840
0.675,316850
0.701,316860
0.77,316870
0.74,316880
0.683,316890
0.688,316900
0.696,316905
0.661,316910
0.718,316920
0.744,316930
0.752,316935
0.731,316940
0.626,316950
0.719,316960
0.682,316970
0.696,316980
0.724,316990
0.609,317000
0.614,317005
0.772,317010
0.789,317020
0.638,317030
0.736,317040
0.672,317043
0.664,317047
0.633,317050
0.619,317052
0.631,317057
0.696,317060
0.634,317065
0.778,317070
0.711,317075
0.666,317080
0.594,317090
0.742,317100
0.584,317103
0.632,317107
0.667,317110
0.612,317115
0.688,317120
0.775,317130
0.668,317140
0.612,317150
0.61,317160
0.651,317170
0.675,317180
0.62,317190
0.709,317200
0.669,317210
0.678,317220
0.667,320010
0.678,320013
0.652,320016
0.721,320020
0.71,320030
0.664,320035
0.73,320040
0.673,320050
0.752,320060
0.708,320070
0.702,320080
0.683,320090
0.679,320100
0.734,320110
0.656,320115
0.746,320120
0.718,320130
0.726,320140
0.746,320150
0.681,320160
0.67,320170
0.632,320180
0.669,320190
0.654,320200
0.662,320210
0.718,320220
0.694,320225
0.703,320230
0.731,320240
0.647,320245
0.726,320250
0.622,320255
0.729,320260
0.637,320265
0.702,320270
0.654,320280
0.684,320290
0.666,320300
0.678,320305
0.698,320310
0.753,320313
0.656,320316
0.724,320320
0.657,320330
0.696,320332
0.71,320334
0.696,320335
0.67,320340
0.667,320350
0.666,320360
0.645,320370
0.694,320380
0.712,320390
0.667,320400
0.654,320405
0.673,320410
0.727,320420
0.669,320425
0.657,320430
0.681,320435
0.711,320440
0.626,320450
0.671,320455
0.714,320460
0.682,320465
0.709,320470
0.688,320480
0.735,320490
0.7,320495
0.739,320500
0.662,320501
0.663,320503
0.728,320506
0.686,320510
0.681,320515
0.675,320517
0.8,320520
0.845,320530
0.724,330010
0.692,330015
0.718,330020
0.684,330022
0.728,330023
0.733,330025
0.733,330030
0.729,330040
0.684,330045
0.66,330050
0.732,330060
0.735,330070
0.7,330080
0.691,330090
0.713,330093
0.685,330095
0.716,330100
0.709,330110
0.648,330115
0.696,330120
0.726,330130
0.712,330140
0.729,330150
0.659,330160
0.711,330170
0.722,330180
0.698,330185
0.761,330187
0.693,330190
0.715,330200
0.688,330205
0.713,330210
0.73,330220
0.737,330225
0.659,330227
0.668,330230
0.764,330240
0.703,330245
0.709,330250
0.753,330260
0.765,330270
0.736,330280
0.737,330285
0.745,330290
0.713,330300
0.73,330310
0.753,330320
0.837,330330
0.745,330340
0.713,330350
0.72,330360
0.702,330370
0.693,330380
0.671,330385
0.745,330390
0.715,330395
0.708,330400
0.697,330410
0.713,330411
0.69,330412
0.68,330414
0.704,330415
0.768,330420
0.71,330430
0.683,330440
0.68,330450
0.773,330452
0.799,330455
0.668,330460
0.718,330470
0.639,330475
0.691,330480
0.739,330490
0.671,330500
0.719,330510
0.652,330513
0.66,330515
0.712,330520
0.646,330530
0.675,330540
0.709,330550
0.713,330555
0.654,330560
0.611,330570
0.654,330575
0.73,330580
0.667,330590
0.725,330600
0.738,330610
0.659,330615
0.714,330620
0.771,330630
0.79,350010
0.73,350020
0.715,350030
0.781,350040
0.745,350050
0.757,350055
0.854,350060
0.745,350070
0.712,350075
0.741,350080
0.687,350090
0.73,350100
0.7,350110
0.766,350115
0.728,350120
0.758,350130
0.688,350140
0.722,350150
0.811,350160
0.751,350170
0.745,350180
0.785,350190
0.754,350200
0.779,350210
0.719,350220
0.721,350230
0.741,350240
0.755,350250
0.721,350260
0.71,350270
0.704,350275
0.788,350280
0.776,350290
0.74,350300
0.685,350310
0.68,350315
0.815,350320
0.781,350330
0.722,350335
0.744,350340
0.697,350350
0.695,350360
0.733,350370
0.749,350380
0.784,350390
0.735,350395
0.805,350400
0.765,350410
0.773,350420
0.714,350430
0.705,350440
0.767,350450
0.746,350460
0.669,350470
0.756,350480
0.733,350490
0.711,350500
0.699,350510
0.75,350520
0.788,350530
0.66,350535
0.641,350540
0.789,350550
0.725,350560
0.786,350570
0.751,350580
0.761,350590
0.801,350600
0.78,350610
0.744,350620
0.734,350630
0.73,350635
0.768,350640
0.78,350650
0.712,350660
0.681,350670
0.742,350680
0.705,350690
0.78,350700
0.713,350710
0.66,350715
0.746,350720
0.754,350730
0.73,350740
0.705,350745
0.8,350750
0.776,350760
0.737,350770
0.71,350775
0.755,350780
0.74,350790
0.667,350800
0.763,350810
0.735,350820
0.694,350830
0.738,350840
0.788,350850
0.764,350860
0.72,350870
0.742,350880
0.729,350890
0.781,350900
0.697,350910
0.728,350920
0.694,350925
0.734,350930
0.713,350940
0.717,350945
0.805,350950
0.769,350960
0.749,350970
0.706,350980
0.72,350990
0.704,350995
0.747,351000
0.789,351010
0.68,351015
0.721,351020
0.699,351030
0.75,351040
0.759,351050
0.749,351060
0.722,351070
0.73,351080
0.734,351090
0.731,351100
0.785,351110
0.751,351120
0.766,351130
0.729,351140
0.782,351150
0.706,351160
0.736,351170
0.725,351190
0.757,351200
0.71,351210
0.708,351220
0.736,351230
0.758,351240
0.719,351250
0.69,351260
0.754,351270
0.769,351280
0.722,351290
0.78,351300
0.756,351310
0.734,351320
0.774,351330
0.788,351340
0.737,351350
0.684,351360
0.76,351370
0.757,351380
0.741,351385
0.734,351390
0.718,351400
0.725,351410
0.742,351420
0.738,351430
0.776,351440
0.748,351450
0.744,351460
0.745,351470
0.691,351480
0.695,351490
0.747,351492
0.73,351495
0.735,351500
0.749,351510
0.727,351512
0.732,351515
0.787,351518
0.696,351519
0.76,351520
0.74,351530
0.704,351535
0.732,351540
0.797,351550
0.758,351560
0.703,351565
0.738,351570
0.727,351580
0.747,351590
0.715,351600
0.713,351610
0.78,351620
0.703,351630
0.731,351640
0.763,351650
0.709,351660
0.769,351670
0.723,351680
0.719,351685
0.747,351690
0.717,351700
0.735,351710
0.739,351720
0.728,351730
0.753,351740
0.725,351750
0.675,351760
0.718,351770
0.719,351780
0.737,351790
0.732,351800
0.713,351810
0.763,351820
0.731,351830
0.798,351840
0.687,351850
0.719,351860
0.751,351870
0.763,351880
0.743,351885
0.697,351890
0.727,351900
0.793,351905
0.756,351907
0.745,351910
0.733,351920
0.674,351925
0.703,351930
0.74,351940
0.708,351950
0.747,351960
0.71,351970
0.72,351980
0.736,351990
0.727,352000
0.768,352010
0.711,352020
0.726,352030
0.756,352040
0.725,352042
0.812,352044
0.788,352050
0.761,352060
0.751,352070
0.759,352080
0.727,352090
0.719,352100
0.753,352110
0.73,352115
0.703,352120
0.749,352130
0.776,352140
0.713,352150
0.712,352160
0.693,352170
0.713,352180
0.73,352190
0.705,352200
0.745,352210
0.68,352215
0.742,352220
0.763,352230
0.732,352240
0.735,352250
0.762,352260
0.661,352265
0.744,352270
0.719,352280
0.725,352290
0.72,352300
0.714,352310
0.703,352320
0.677,352330
0.778,352340
0.706,352350
0.724,352360
0.707,352370
0.717,352380
0.773,352390
0.762,352400
0.765,352410
0.711,352420
0.778,352430
0.777,352440
0.723,352450
0.717,352460
0.784,352470
0.776,352480
0.756,352490
0.76,352500
0.735,352510
0.733,352520
0.778,352530
0.703,352540
0.699,352550
0.741,352560
0.777,352570
0.716,352580
0.741,352585
0.822,352590
0.745,352600
0.7,352610
0.709,352620
0.693,352630
0.729,352640
0.721,352650
0.729,352660
0.744,352670
0.764,352680
0.775,352690
0.742,352700
0.786,352710
0.766,352720
0.742,352725
0.777,352730
0.752,352740
0.733,352750
0.731,352760
0.702,352770
0.724,352780
0.72,352790
0.77,352800
0.743,352810
0.74,352820
0.753,352830
0.743,352840
0.788,352850
0.739,352860
0.677,352870
0.771,352880
0.752,352885
0.718,352890
0.798,352900
0.731,352910
0.721,352920
0.773,352930
0.766,352940
0.744,352950
0.731,352960
0.724,352965
0.741,352970
0.73,352980
0.697,352990
0.743,353000
0.751,353010
0.724,353020
0.762,353030
0.738,353040
0.762,353050
0.783,353060
0.774,353070
0.784,353080
0.719,353090
0.772,353100
0.754,353110
0.759,353120
0.768,353130
0.785,353140
0.753,353150
0.741,353160
0.71,353170
0.733,353180
0.712,353190
0.715,353200
0.741,353205
0.726,353210
0.714,353215
0.718,353220
0.655,353230
0.678,353240
0.754,353250
0.751,353260
0.713,353270
0.738,353280
0.651,353282
0.715,353284
0.756,353286
0.765,353290
0.739,353300
0.726,353310
0.735,353320
0.719,353325
0.743,353330
0.791,353340
0.753,353350
0.746,353360
0.717,353370
0.73,353380
0.773,353390
0.738,353400
0.77,353410
0.767,353420
0.78,353430
0.776,353440
0.749,353450
0.762,353460
0.778,353470
0.77,353475
0.692,353480
0.725,353490
0.732,353500
0.722,353510
0.753,353520
0.746,353530
0.722,353540
0.762,353550
0.719,353560
0.749,353570
0.717,353580
0.732,353590
0.737,353600
0.727,353610
0.736,353620
0.721,353625
0.73,353630
0.711,353640
0.795,353650
0.718,353657
0.725,353660
0.739,353670
0.677,353680
0.742,353690
0.715,353700
0.769,353710
0.774,353715
0.696,353720
0.759,353730
0.766,353740
0.736,353750
0.749,353760
0.732,353770
0.716,353780
0.69,353790
0.773,353800
0.737,353810
0.725,353820
0.711,353830
0.757,353850
0.739,353860
0.785,353870
0.758,353880
0.749,353890
0.756,353900
0.727,353910
0.776,353920
0.801,353930
0.779,353940
0.723,353950
0.719,353960
0.719,353970
0.771,353980
0.766,353990
0.786,354000
0.755,354010
0.725,354020
0.702,354025
0.732,354030
0.714,354040
0.703,354050
0.758,354060
0.751,354070
0.697,354075
0.747,354080
0.696,354085
0.733,354090
0.754,354100
0.701,354105
0.735,354110
0.757,354120
0.75,354130
0.806,354140
0.763,354150
0.743,354160
0.678,354165
0.738,354170
0.715,354180
0.722,354190
0.732,354200
0.745,354210
0.751,354220
0.657,354230
0.768,354240
0.728,354250
0.754,354260
0.705,354270
0.698,354280
0.712,354290
0.639,354300
0.711,354310
0.747,354320
0.721,354323
0.705,354325
0.784,354330
0.8,354340
0.664,354350
0.74,354360
0.734,354370
0.723,354380
0.803,354390
0.759,354400
0.749,354410
0.703,354420
0.764,354425
0.737,354430
0.721,354440
0.759,354450
0.728,354460
0.73,354470
0.751,354480
0.772,354490
0.732,354500
0.719,354510
0.791,354515
0.78,354520
0.729,354530
0.704,354540
0.709,354550
0.76,354560
0.728,354570
0.781,354580
0.735,354600
0.733,354610
0.79,354620
0.743,354625
0.728,354630
0.762,354640
0.738,354650
0.784,354660
0.737,354670
0.738,354680
0.737,354690
0.686,354700
0.739,354710
0.773,354720
0.814,354730
0.761,354740
0.775,354750
0.77,354760
0.772,354765
0.753,354770
0.815,354780
0.702,354790
0.702,354800
0.757,354805
0.714,354810
0.706,354820
0.732,354830
0.74,354840
0.84,354850
0.72,354860
0.805,354870
0.862,354880
0.805,354890
0.723,354900
0.797,354910
0.72,354920
0.748,354925
0.75,354930
0.762,354940
0.693,354950
0.684,354960
0.774,354970
0.797,354980
0.807,354990
0.728,354995
0.697,355000
0.744,355010
0.71,355020
0.805,355030
0.755,355040
0.703,355050
0.768,355060
0.772,355070
0.701,355080
0.766,355090
0.768,355100
0.707,355110
0.688,355120
0.773,355130
0.686,355140
0.729,355150
0.767,355160
0.761,355170
0.673,355180
0.715,355190
0.678,355200
0.729,355210
0.798,355220
0.747,355230
0.762,355240
0.765,355250
0.699,355255
0.735,355260
0.704,355270
0.769,355280
0.723,355290
0.709,355300
0.71,355310
0.76,355320
0.731,355330
0.748,355340
0.681,355350
0.751,355360
0.759,355365
0.748,355370
0.701,355380
0.679,355385
0.726,355390
0.753,355395
0.752,355400
0.8,355410
0.668,355420
0.741,355430
0.749,355440
0.778,355450
0.71,355460
0.714,355465
0.744,355470
0.722,355475
0.785,355480
0.753,355490
0.728,355495
0.771,355500
0.769,355510
0.751,355520
0.736,355530
0.7,355535
0.751,355540
0.727,355550
0.721,355560
0.749,355570
0.746,355580
0.712,355590
0.745,355600
0.735,355610
0.819,355620
0.725,355630
0.699,355635
0.737,355640
0.77,355645
0.759,355650
0.754,355660
0.817,355670
0.739,355680
0.744,355690
0.725,355695
0.767,355700
0.79,355710
0.729,355715
0.729,355720
0.74,355730
0.687,410010
0.667,410020
0.66,410030
0.699,410040
0.667,410045
0.721,410050
0.696,410060
0.676,410070
0.708,410080
0.669,410090
0.709,410100
0.695,410105
0.725,410110
0.721,410115
0.687,410120
0.656,410130
0.748,410140
0.748,410150
0.723,410160
0.676,410165
0.704,410170
0.74,410180
0.67,410185
0.728,410190
0.729,410200
0.747,410210
0.736,410220
0.696,410230
0.727,410240
0.696,410250
0.706,410260
0.744,410270
0.681,410275
0.716,410280
0.667,410290
0.72,410300
0.7,410302
0.655,410304
0.67,410305
0.64,410310
0.697,410315
0.686,410320
0.742,410322
0.717,410330
0.701,410335
0.681,410337
0.693,410340
0.748,410345
0.692,410347
0.722,410350
0.721,410360
0.734,410370
0.725,410380
0.704,410390
0.63,410395
0.718,410400
0.681,410405
0.686,410410
0.745,410420
0.701,410425
0.757,410430
0.629,410440
0.635,410442
0.635,410445
0.706,410450
0.716,410460
0.728,410465
0.713,410470
0.782,410480
0.703,410490
0.678,410500
0.668,410510
0.573,410520
0.732,410530
0.74,410540
0.755,410550
0.718,410560
0.694,410570
0.733,410580
0.73,410590
0.668,410600
0.707,410610
0.681,410620
0.738,410630
0.759,410640
0.6,410645
0.723,410650
0.638,410655
0.709,410657
0.717,410660
0.713,410670
0.664,410680
0.666,410685
0.823,410690
0.656,410700
0.723,410710
0.608,410712
0.644,410715
0.767,410720
0.724,410725
0.746,410730
0.752,410740
0.73,410750
0.689,410752
0.761,410753
0.636,410754
0.715,410755
0.687,410760
0.72,410765
0.716,410770
0.645,410773
0.677,410775
0.745,410780
0.682,410785
0.736,410790
0.701,410800
0.732,410810
0.723,410820
0.751,410830
0.669,410832
0.774,410840
0.645,410845
0.652,410850
0.675,410855
0.731,410860
0.641,410865
0.658,410870
0.724,410880
0.693,410890
0.669,410895
0.702,410900
0.719,410910
0.698,410920
0.677,410930
0.731,410940
0.587,410950
0.717,410960
0.683,410965
0.71,410970
0.685,410975
0.726,410980
0.666,410990
0.758,411000
0.703,411005
0.622,411007
0.66,411010
0.6,411020
0.705,411030
0.724,411040
0.652,411050
0.706,411060
0.707,411065
0.726,411070
0.665,411080
0.707,411090
0.738,411095
0.694,411100
0.746,411110
0.731,411120
0.637,411125
0.656,411130
0.651,411140
0.73,411150
0.706,411155
0.766,411160
0.718,411170
0.743,411180
0.715,411190
0.743,411200
0.747,411210
0.696,411220
0.696,411230
0.712,411240
0.689,411250
0.682,411260
0.687,411270
0.705,411275
0.7,411280
0.688,411290
0.708,411295
0.718,411300
0.721,411310
0.706,411320
0.585,411325
0.706,411330
0.707,411340
0.68,411342
0.666,411345
0.725,411350
0.744,411360
0.778,411370
0.668,411373
0.69,411375
0.71,411380
0.708,411390
0.719,411400
0.718,411410
0.751,411420
0.655,411430
0.645,411435
0.688,411440
0.716,411450
0.774,411460
0.703,411470
0.735,411480
0.691,411490
0.681,411500
0.639,411510
0.808,411520
0.698,411530
0.758,411535
0.722,411540
0.614,411545
0.721,411550
0.725,411560
0.743,411570
0.632,411573
0.652,411575
0.763,411580
0.74,411585
0.68,411590
0.748,411600
0.711,411605
0.675,411610
0.686,411620
0.726,411630
0.709,411640
0.717,411650
0.698,411660
0.733,411670
0.658,411680
0.722,411690
0.714,411695
0.688,411700
0.642,411705
0.758,411710
0.71,411720
0.68,411721
0.731,411722
0.716,411725
0.651,411727
0.71,411729
0.609,411730
0.72,411740
0.709,411745
0.716,411750
0.66,411760
0.718,411770
0.639,411780
0.768,411790
0.746,411800
0.717,411810
0.75,411820
0.709,411830
0.763,411840
0.747,411845
0.782,411850
0.717,411860
0.708,411870
0.723,411880
0.713,411885
0.7,411890
0.726,411900
0.694,411910
0.751,411915
0.697,411920
0.695,411925
0.654,411930
0.708,411940
0.7,411950
0.702,411960
0.71,411965
0.705,411970
0.706,411980
0.763,411990
0.738,411995
0.738,412000
0.7,412010
0.688,412015
0.735,412020
0.685,412030
0.71,412033
0.752,412035
0.713,412040
0.701,412050
0.676,412060
0.71,412065
0.714,412070
0.742,412080
0.791,412085
0.681,412090
0.688,412100
0.715,412110
0.68,412120
0.63,412125
0.707,412130
0.704,412135
0.722,412140
0.672,412150
0.733,412160
0.618,412170
0.648,412175
0.716,412180
0.701,412190
0.687,412200
0.729,412210
0.629,412215
0.64,412217
0.679,412220
0.76,412230
0.739,412240
0.681,412250
0.713,412260
0.662,412265
0.74,412270
0.7,412280
0.704,412290
0.718,412300
0.653,412310
0.723,412320
0.71,412330
0.705,412340
0.744,412350
0.717,412360
0.72,412370
0.696,412380
0.687,412382
0.609,412385
0.7,412390
0.704,412395
0.687,412400
0.705,412402
0.738,412405
0.718,412410
0.696,412420
0.716,412430
0.671,412440
0.739,412450
0.682,412460
0.637,412470
0.727,412480
0.664,412490
0.693,412500
0.629,412510
0.722,412520
0.743,412530
0.676,412535
0.671,412540
0.713,412545
0.758,412550
0.725,412555
0.719,412560
0.704,412570
0.683,412575
0.717,412580
0.704,412590
0.715,412600
0.725,412610
0.655,412620
0.695,412625
0.699,412627
0.663,412630
0.762,412635
0.725,412640
0.723,412650
0.704,412660
0.693,412665
0.621,412667
0.731,412670
0.703,412680
0.697,412690
0.671,412700
0.734,412710
0.728,412720
0.71,412730
0.714,412740
0.664,412750
0.636,412760
0.768,412770
0.699,412780
0.681,412785
0.611,412788
0.695,412790
0.73,412795
0.672,412796
0.739,412800
0.761,412810
0.74,412820
0.72,412830
0.721,412840
0.687,412850
0.65,412853
0.699,412855
0.72,412860
0.678,412862
0.546,412863
0.722,412865
0.702,412870
0.706,412880
0.694,420005
0.696,420010
0.725,420020
0.741,420030
0.698,420040
0.713,420050
0.745,420055
0.723,420060
0.668,420070
0.755,420075
0.699,420080
0.687,420090
0.688,420100
0.674,420110
0.749,420120
0.708,420125
0.733,420127
0.703,420130
0.76,420140
0.77,420150
0.764,420160
0.715,420165
0.742,420170
0.733,420180
0.733,420190
0.746,420195
0.845,420200
0.716,420205
0.728,420207
0.672,420208
0.701,420209
0.738,420210
0.675,420213
0.705,420215
0.74,420220
0.739,420230
0.806,420240
0.647,420243
0.781,420245
0.696,420250
0.718,420253
0.712,420257
0.699,420260
0.724,420270
0.778,420280
0.78,420285
0.661,420287
0.795,420290
0.735,420300
0.728,420310
0.622,420315
0.726,420320
0.654,420325
0.714,420330
0.641,420340
0.69,420350
0.742,420360
0.697,420370
0.757,420380
0.752,420390
0.767,420395
0.714,420400
0.691,420410
0.719,420415
0.621,420417
0.704,420419
0.79,420420
0.78,420425
0.8,420430
0.747,420435
0.744,420440
0.696,420445
0.78,420450
0.702,420455
0.788,420460
0.742,420470
0.754,420475
0.721,420480
0.743,420490
0.706,420500
0.742,420510
0.716,420515
0.657,420517
0.726,420519
0.723,420520
0.758,420530
0.708,420535
0.847,420540
0.715,420543
0.753,420545
0.731,420550
0.682,420555
0.708,420560
0.753,420570
0.725,420580
0.765,420590
0.747,420600
0.736,420610
0.757,420620
0.754,420630
0.751,420640
0.751,420650
0.73,420660
0.717,420665
0.758,420670
0.725,420675
0.708,420680
0.737,420690
0.741,420700
0.738,420710
0.667,420720
0.765,420730
0.713,420740
0.777,420750
0.795,420757
0.736,420760
0.759,420765
0.66,420768
0.738,420770
0.722,420775
0.742,420780
0.707,420785
0.699,420790
0.771,420800
0.708,420810
0.795,420820
0.796,420830
0.775,420840
0.761,420845
0.748,420850
0.732,420860
0.716,420870
0.721,420880
0.803,420890
0.709,420895
0.827,420900
0.809,420910
0.694,420915
0.719,420917
0.781,420920
0.77,420930
0.752,420940
0.771,420945
0.749,420950
0.735,420960
0.649,420970
0.686,420980
0.743,420985
0.704,420990
0.737,421000
0.789,421003
0.662,421005
0.777,421010
0.698,421020
0.69,421030
0.768,421040
0.781,421050
0.743,421055
0.774,421060
0.657,421070
0.738,421080
0.708,421085
0.76,421090
0.748,421100
0.643,421105
0.675,421110
0.738,421120
0.701,421125
0.736,421130
0.765,421140
0.736,421145
0.748,421150
0.768,421160
0.706,421165
0.755,421170
0.74,421175
0.774,421180
0.695,421185
0.718,421187
0.664,421189
0.757,421190
0.704,421200
0.671,421205
0.737,421210
0.704,421220
0.7,421223
0.72,421225
0.659,421227
0.716,421230
0.728,421240
0.743,421250
0.766,421260
0.716,421270
0.756,421280
0.783,421290
0.777,421300
0.758,421310
0.751,421315
0.78,421320
0.673,421330
0.689,421335
0.693,421340
0.76,421350
0.786,421360
0.72,421370
0.718,421380
0.77,421390
0.759,421400
0.737,421410
0.706,421415
0.73,421420
0.753,421430
0.697,421440
0.729,421450
0.754,421460
0.729,421470
0.802,421480
0.806,421490
0.738,421500
0.653,421505
0.714,421507
0.754,421510
0.692,421520
0.744,421530
0.654,421535
0.784,421540
0.7,421545
0.698,421550
0.727,421555
0.757,421560
0.705,421565
0.669,421567
0.682,421568
0.728,421569
0.781,421570
0.677,421575
0.782,421580
0.731,421590
0.769,421600
0.665,421605
0.765,421610
0.762,421620
0.761,421625
0.74,421630
0.738,421635
0.695,421640
0.687,421650
0.809,421660
0.731,421670
0.636,421680
0.749,421690
0.755,421700
0.742,421710
0.71,421715
0.801,421720
0.734,421725
0.755,421730
0.769,421740
0.779,421750
0.773,421755
0.774,421760
0.728,421770
0.707,421775
0.761,421780
0.737,421790
0.717,421795
0.76,421800
0.72,421810
0.784,421820
0.659,421825
0.706,421830
0.774,421835
0.729,421840
0.795,421850
0.775,421860
0.796,421870
0.752,421875
0.74,421880
0.705,421885
0.694,421890
0.699,421895
0.772,421900
0.686,421910
0.629,421915
0.718,421917
0.7,421920
0.764,421930
0.673,421935
0.71,421940
0.775,421950
0.749,421960
0.752,421970
0.761,421985
0.687,430003
0.75,430005
0.694,430010
0.753,430020
0.672,430030
0.74,430040
0.695,430045
0.74,430047
0.671,430050
0.747,430055
0.734,430057
0.699,430060
0.624,430063
0.682,430064
0.72,430066
0.74,430070
0.758,430080
0.691,430085
0.679,430087
0.772,430090
0.769,430100
0.74,430105
0.669,430107
0.698,430110
0.707,430120
0.657,430130
0.694,430140
0.743,430150
0.707,430155
0.74,430160
0.696,430163
0.748,430165
0.719,430170
0.61,430175
0.71,430180
0.734,430185
0.662,430187
0.67,430190
0.723,430192
0.763,430195
0.65,430200
0.619,430205
0.778,430210
0.676,430215
0.762,430220
0.703,430222
0.731,430223
0.728,430225
0.666,430230
0.746,430235
0.723,430237
0.739,430240
0.7,430245
0.692,430250
0.745,430258
0.674,430260
0.699,430265
0.689,430270
0.704,430280
0.7,430290
0.742,430300
0.757,430310
0.662,430320
0.719,430330
0.699,430340
0.697,430350
0.736,430355
0.697,430360
0.706,430367
0.738,430370
0.76,430380
0.745,430390
0.703,430400
0.708,430410
0.674,430420
0.728,430430
0.698,430435
0.748,430440
0.65,430450
0.75,430460
0.713,430461
0.637,430462
0.743,430463
0.672,430465
0.637,430466
0.766,430467
0.661,430468
0.746,430469
0.766,430470
0.652,430471
0.796,430480
0.739,430485
0.785,430490
0.703,430495
0.739,430500
0.782,430510
0.701,430511
0.649,430512
0.661,430513
0.674,430515
0.66,430517
0.764,430520
0.757,430530
0.747,430535
0.62,430537
0.732,430540
0.706,430543
0.616,430544
0.729,430545
0.719,430550
0.765,430558
0.758,430560
0.747,430570
0.754,430580
0.692,430583
0.746,430585
0.744,430587
0.665,430590
0.727,430593
0.741,430595
0.706,430597
0.712,430600
0.644,430605
0.66,430607
0.75,430610
0.719,430613
0.723,430620
0.762,430630
0.707,430632
0.654,430635
0.648,430637
0.743,430640
0.67,430642
0.757,430645
0.587,430650
0.691,430655
0.708,430660
0.697,430670
0.706,430673
0.724,430675
0.717,430676
0.767,430680
0.657,430690
0.717,430692
0.68,430693
0.703,430695
0.712,430697
0.776,430700
0.716,430705
0.687,430710
0.681,430720
0.685,430730
0.68,430740
0.661,430745
0.765,430750
0.753,430755
0.757,430760
0.754,430770
0.767,430780
0.679,430781
0.712,430783
0.763,430786
0.777,430790
0.72,430800
0.666,430805
0.698,430807
0.75,430810
0.754,430820
0.663,430825
0.661,430830
0.682,430840
0.683,430843
0.756,430845
0.76,430850
0.786,430860
0.671,430865
0.738,430870
0.686,430880
0.733,430885
0.746,430890
0.721,430900
0.714,430905
0.764,430910
0.685,430912
0.634,430915
0.736,430920
0.758,430925
0.73,430930
0.765,430940
0.737,430950
0.749,430955
0.616,430957
0.783,430960
0.643,430965
0.738,430970
0.652,430975
0.739,430980
0.724,430990
0.638,430995
0.765,431000
0.721,431010
0.781,431020
0.73,431030
0.764,431033
0.743,431036
0.693,431040
0.673,431041
0.728,431043
0.791,431046
0.691,431050
0.76,431053
0.657,431055
0.664,431057
0.713,431060
0.669,431065
0.681,431070
0.724,431075
0.784,431080
0.658,431085
0.662,431087
0.726,431090
0.707,431100
0.712,431110
0.614,431112
0.631,431113
0.686,431115
0.716,431120
0.67,431123
0.643,431125
0.789,431127
0.738,431130
0.778,431140
0.613,431142
0.699,431150
0.685,431160
0.712,431162
0.749,431164
0.692,431170
0.684,431171
0.649,431173
0.655,431175
0.682,431177
0.697,431179
0.774,431180
0.724,431190
0.701,431198
0.73,431200
0.687,431205
0.656,431210
0.727,431213
0.746,431215
0.717,431217
0.699,431220
0.681,431225
0.725,431230
0.764,431235
0.65,431237
0.752,431238
0.755,431240
0.714,431242
0.711,431244
0.702,431245
0.743,431247
0.664,431250
0.746,431260
0.702,431261
0.689,431262
0.765,431265
0.753,431267
0.702,431270
0.74,431275
0.785,431280
0.747,431290
0.768,431295
0.778,431300
0.759,431301
0.735,431303
0.689,431306
0.761,431308
0.744,431310
0.78,431320
0.766,431330
0.742,431333
0.741,431335
0.718,431337
0.688,431339
0.747,431340
0.663,431342
0.676,431344
0.767,431346
0.706,431349
0.751,431350
0.706,431360
0.715,431365
0.737,431370
0.72,431380
0.761,431390
0.661,431395
0.773,431400
0.676,431402
0.749,431403
0.704,431405
0.622,431406
0.698,431407
0.776,431410
0.71,431413
0.683,431415
0.64,431417
0.678,431420
0.741,431430
0.739,431440
0.758,431442
0.72,431445
0.65,431446
0.678,431447
0.71,431449
0.661,431450
0.669,431455
0.658,431460
0.687,431470
0.744,431475
0.725,431477
0.725,431478
0.713,431480
0.805,431490
0.693,431500
0.698,431505
0.69,431507
0.723,431510
0.715,431513
0.757,431514
0.683,431515
0.733,431517
0.715,431520
0.704,431530
0.689,431531
0.665,431532
0.756,431535
0.631,431540
0.731,431545
0.683,431550
0.656,431555
0.744,431560
0.693,431570
0.661,431575
0.729,431580
0.732,431590
0.689,431595
0.688,431600
0.724,431610
0.764,431620
0.688,431630
0.699,431640
0.678,431642
0.762,431643
0.687,431645
0.753,431647
0.74,431650
0.747,431660
0.725,431670
0.725,431673
0.74,431675
0.773,431680
0.784,431690
0.676,431695
0.663,431697
0.633,431700
0.727,431710
0.769,431720
0.746,431725
0.712,431730
0.766,431740
0.772,431750
0.764,431755
0.717,431760
0.686,431770
0.759,431775
0.739,431780
0.738,431790
0.732,431795
0.736,431800
0.763,431805
0.675,431810
0.685,431820
0.699,431830
0.696,431840
0.694,431842
0.748,431843
0.732,431844
0.651,431845
0.717,431846
0.707,431848
0.747,431849
0.623,431850
0.755,431860
0.725,431861
0.663,431862
0.739,431870
0.687,431880
0.741,431890
0.768,431900
0.726,431910
0.652,431912
0.667,431915
0.645,431920
0.692,431930
0.739,431935
0.664,431936
0.763,431937
0.709,431940
0.739,431950
0.708,431960
0.72,431970
0.764,431971
0.642,431973
0.754,431975
0.685,431980
0.711,431990
0.726,432000
0.777,432010
0.723,432020
0.712,432023
0.659,432026
0.777,432030
0.693,432032
0.671,432035
0.76,432040
0.652,432045
0.751,432050
0.689,432055
0.683,432057
0.752,432060
0.742,432065
0.631,432067
0.743,432070
0.731,432080
0.701,432085
0.76,432090
0.747,432100
0.695,432110
0.727,432120
0.733,432130
0.739,432132
0.656,432135
0.708,432140
0.689,432143
0.747,432145
0.742,432146
0.689,432147
0.683,432149
0.762,432150
0.719,432160
0.701,432162
0.791,432163
0.718,432166
0.71,432170
0.759,432180
0.662,432183
0.703,432185
0.768,432190
0.687,432195
0.733,432200
0.747,432210
0.657,432215
0.694,432218
0.709,432220
0.718,432225
0.728,432230
0.629,432232
0.7,432234
0.733,432235
0.649,432237
0.744,432240
0.721,432250
0.646,432252
0.624,432253
0.737,432254
0.757,432255
0.712,432260
0.737,432270
0.773,432280
0.723,432285
0.702,432290
0.717,432300
0.638,432310
0.777,432320
0.742,432330
0.705,432335
0.761,432340
0.662,432345
0.739,432350
0.78,432360
0.757,432370
0.655,432375
0.752,432377
0.735,432380
0.67,500020
0.711,500025
0.673,500060
0.663,500070
0.67,500080
0.697,500085
0.643,500090
0.697,500100
0.688,500110
0.633,500124
0.681,500150
0.71,500190
0.684,500200
0.698,500210
0.666,500215
0.67,500220
0.701,500230
0.692,500240
0.703,500260
0.784,500270
0.647,500280
0.727,500290
0.754,500295
0.671,500310
0.589,500315
0.7,500320
0.706,500325
0.703,500330
0.694,500345
0.639,500348
0.699,500350
0.747,500370
0.684,500375
0.714,500380
0.66,500390
0.721,500400
0.675,500410
0.662,500430
0.681,500440
0.654,500450
0.62,500460
0.72,500470
0.526,500480
0.664,500490
0.712,500500
0.708,500510
0.623,500515
0.704,500520
0.672,500525
0.736,500540
0.632,500560
0.686,500568
0.7,500570
0.639,500580
0.694,500600
0.721,500620
0.649,500625
0.721,500630
0.588,500635
0.671,500640
0.701,500660
0.666,500690
0.664,500710
0.715,500720
0.709,500730
0.673,500740
0.651,500750
0.642,500755
0.729,500769
0.614,500770
0.682,500780
0.686,500790
0.681,500793
0.593,500795
0.651,500797
0.658,500800
0.744,500830
0.711,500840
0.628,510010
0.729,510020
0.714,510025
0.704,510030
0.651,510035
0.701,510040
0.638,510050
0.705,510060
0.675,510080
0.687,510100
0.701,510120
0.725,510125
0.704,510130
0.675,510140
0.6,510160
0.693,510170
0.748,510180
0.661,510185
0.696,510190
0.708,510250
0.538,510260
0.734,510263
0.75,510267
0.744,510268
0.667,510269
0.693,510270
0.665,510279
0.665,510285
0.688,510300
0.699,510305
0.66,510310
0.713,510320
0.611,510325
0.689,510330
0.668,510335
0.718,510336
0.601,510337
0.785,510340
0.69,510343
0.683,510345
0.718,510350
0.69,510360
0.692,510370
0.679,510380
0.615,510385
0.67,510390
0.71,510395
0.703,510410
0.705,510420
0.661,510450
0.727,510452
0.71,510454
0.69,510455
0.693,510460
0.735,510480
0.63,510490
0.673,510500
0.682,510510
0.716,510515
0.662,510517
0.714,510520
0.627,510523
0.768,510525
0.676,510530
0.645,510550
0.701,510558
0.716,510560
0.704,510562
0.699,510590
0.702,510600
0.638,510610
0.65,510615
0.595,510617
0.636,510618
0.714,510619
0.651,510620
0.686,510621
0.758,510622
0.682,510623
0.669,510624
0.704,510625
0.674,510626
0.664,510627
0.649,510628
0.672,510629
0.667,510630
0.653,510631
0.679,510637
0.649,510642
0.656,510645
0.652,510650
0.734,510665
0.686,510670
0.703,510675
0.673,510677
0.685,510680
0.652,510682
0.599,510685
0.678,510700
0.752,510704
0.692,510706
0.719,510710
0.676,510715
0.67,510718
0.692,510719
0.707,510720
0.715,510724
0.689,510726
0.661,510729
0.682,510730
0.657,510735
0.66,510740
0.64,510757
0.755,510760
0.65,510770
0.684,510774
0.666,510775
0.735,510776
0.609,510777
0.655,510779
0.656,510780
0.668,510785
0.732,510787
0.664,510788
0.754,510790
0.744,510792
0.695,510794
0.729,510795
0.714,510800
0.698,510805
0.655,510810
0.716,510820
0.665,510830
0.656,510835
0.734,510840
0.68,510850
0.688,510860
0.688,510880
0.704,510885
0.663,510890
0.691,510895
0.708,520005
0.689,520010
0.686,520013
0.702,520015
0.671,520017
0.722,520020
0.686,520025
0.682,520030
0.697,520050
0.719,520055
0.713,520060
0.66,520080
0.609,520082
0.7,520085
0.681,520090
0.737,520110
0.725,520120
0.714,520130
0.718,520140
0.693,520145
0.693,520150
0.693,520160
0.732,520170
0.684,520180
0.674,520215
0.687,520235
0.675,520250
0.7,520260
0.66,520280
0.655,520310
0.742,520320
0.716,520330
0.67,520340
0.701,520350
0.683,520355
0.63,520357
0.701,520360
0.672,520380
0.71,520390
0.687,520393
0.704,520396
0.668,520400
0.71,520410
0.727,520420
0.698,520425
0.73,520430
0.693,520440
0.733,520450
0.685,520455
0.653,520460
0.631,520465
0.688,520470
0.694,520480
0.661,520485
0.692,520490
0.654,520495
0.713,520500
0.701,520505
0.766,520510
0.664,520520
0.584,520530
0.775,520540
0.711,520545
0.742,520547
0.717,520549
0.657,520551
0.658,520552
0.686,520570
0.68,520580
0.698,520590
0.699,520620
0.688,520630
0.708,520640
0.706,520650
0.737,520660
0.654,520670
0.697,520680
0.716,520690
0.729,520710
0.668,520725
0.702,520735
0.739,520740
0.707,520750
0.65,520753
0.685,520760
0.732,520780
0.597,520790
0.744,520800
0.715,520810
0.659,520815
0.653,520830
0.703,520840
0.76,520850
0.727,520860
0.799,520870
0.694,520880
0.709,520890
0.725,520910
0.674,520915
0.697,520920
0.687,520929
0.637,520940
0.652,520945
0.694,520960
0.706,520970
0.677,520980
0.644,520990
0.692,520993
0.701,520995
0.72,521000
0.701,521010
0.696,521015
0.743,521020
0.711,521030
0.719,521040
0.693,521056
0.718,521060
0.691,521080
0.725,521090
0.677,521100
0.726,521120
0.693,521130
0.718,521140
0.752,521150
0.704,521160
0.707,521170
0.699,521180
0.757,521190
0.689,521200
0.649,521205
0.706,521210
0.743,521220
0.74,521225
0.659,521230
0.701,521250
0.745,521260
0.626,521270
0.691,521280
0.699,521290
0.679,521295
0.677,521300
0.665,521305
0.707,521308
0.718,521310
0.696,521340
0.615,521350
0.707,521370
0.733,521375
0.613,521377
0.734,521380
0.695,521385
0.706,521390
0.683,521400
0.634,521405
0.68,521410
0.71,521440
0.721,521450
0.715,521460
0.678,521470
0.747,521480
0.643,521483
0.681,521486
0.655,521487
0.634,521490
0.718,521500
0.699,521520
0.684,521523
0.658,521525
0.715,521530
0.719,521540
0.747,521550
0.651,521560
0.713,521565
0.698,521570
0.73,521580
0.722,521590
0.686,521600
0.711,521630
0.672,521640
0.676,521645
0.712,521680
0.684,521690
0.721,521710
0.721,521720
0.693,521730
0.744,521740
0.669,521760
0.687,521770
0.727,521800
0.684,521805
0.654,521810
0.659,521830
0.684,521839
0.74,521850
0.727,521860
0.693,521870
0.731,521878
0.754,521880
0.719,521890
0.736,521900
0.706,521910
0.688,521920
0.713,521925
0.724,521930
0.683,521935
0.714,521940
0.634,521945
0.701,521950
0.665,521960
0.701,521970
0.691,521971
0.723,521973
0.665,521975
0.597,521980
0.651,521990
0.685,522000
0.724,522005
0.731,522010
0.669,522015
0.664,522020
0.697,522026
0.693,522028
0.72,522040
0.701,522045
0.681,522050
0.709,522060
0.645,522068
0.617,522070
0.716,522100
0.661,522108
0.685,522119
0.745,522130
0.699,522140
0.653,522145
0.697,522150
0.691,522155
0.67,522157
0.737,522160
0.703,522170
0.732,522180
0.746,522185
0.687,522190
0.712,522200
0.684,522205
0.647,522220
0.634,522230
0.824,530010
