codigo,densidade
110001,3.25
110037,3.35
110040,8.08
110034,4.76
110002,24.37
110045,12.14
110003,4.04
110060,3.18
110004,22.51
110070,4.11
110080,3.9
110090,3.42
110005,5.86
110092,2.18
110006,10.95
110007,2.42
110008,3.68
110094,6.53
110009,7.17
110100,1.53
110010,1.86
110110,2.56
110011,17.59
110012,18.7
110013,4.7
110120,12.1
110130,9.18
110140,8.21
110014,17.72
110033,3.04
110143,8.64
110050,10.12
110015,18.29
110145,2.38
110018,5.87
110146,0.36
110020,15.53
110025,10.8
110147,4.72
110026,2.19
110028,37.77
110029,5.42
110148,9.55
110149,1.85
110032,2.87
110150,3.14
110155,9.37
110160,4.75
110170,13.78
110175,3.57
110180,7.07
110030,8.67
120001,8.44
120005,1.49
120010,6.71
120013,3.38
120017,6.89
120020,10.07
120025,11.13
120030,1.24
120032,1.55
120033,3.48
120034,0.89
120035,2.3
120038,10.17
120080,7.1
120039,1.86
120040,46.1
120042,6.15
120043,1.06
120050,1.93
120045,9.92
120060,2.11
120070,3.61
130002,2.71
130006,2.42
130008,5.55
130010,3.63
130014,0.41
130020,0.26
130030,5.21
130040,0.22
130050,5.57
130060,4.89
130063,1.14
130068,7.42
130070,1.56
130080,0.93
130083,1.38
130090,0.52
130100,1.1
130110,6.22
130115,11.49
130120,1.47
130130,1.53
130140,2.35
130150,2.67
130160,1.45
130165,2.2
130170,1.67
130180,2.46
130185,21.81
130190,11.4
130195,0.31
130200,2.16
130210,0.05
130220,0.76
130230,0.21
130240,0.68
130250,13.28
130255,8.08
130260,191.45
130270,1.15
130280,1.08
130290,1.6
130300,1.5
130310,6.66
130320,0.52
130330,0.62
130340,19.2
130350,0.47
130353,1.43
130356,5.74
130360,0.4
130370,1.76
130380,0.42
130390,1.99
130395,1.31
130400,2.45
130406,20.42
130410,0.19
130420,2.52
130423,2.92
130426,1.32
130430,0.58
130440,7.94
140005,0.61
140002,0.45
140010,70.2
140015,1.53
140017,2.39
140020,0.46
140023,0.84
140028,0.83
140030,1.43
140040,1.62
140045,2.17
140047,0.9
140050,1.91
140060,5.23
140070,1.31
150010,97.91
150013,12.1
150020,12.8
150030,4.68
150034,3.86
150040,2.4
150050,0.47
150060,0.72
150070,4.23
150080,2785.26
150085,2.34
150090,42.14
150095,17.3
150100,0.96
150110,6.98
150120,12.62
150125,1.11
150130,95.15
150140,1409.04
150145,4.03
150150,334.02
150157,6.03
150160,27.76
150170,61.04
150172,2.37
150175,5.73
150178,16.75
150180,10.75
150190,28.98
150200,7.66
150195,13.77
150210,44.75
150215,11.79
150220,112.5
150230,18.73
150240,195.16
150250,1.81
150260,19.82
150270,8.21
150275,48.22
150276,0.79
150277,7.57
150280,9.52
150285,10.06
150290,59.56
150293,11.33
150295,11.43
150300,0.61
150304,5.9
150307,16.3
150309,5.76
150310,3.91
150320,49.37
150330,31.4
150340,24.84
150345,12.28
150350,23.6
150360,1.63
150370,6.76
150375,0.15
150380,29.46
150390,6.98
150400,19.42
150405,64.06
150410,26.4
150420,18.47
150430,34.38
150440,35.6
150442,1272.66
150445,3.82
150450,4.08
150460,35.76
150470,9.03
150480,3.2
150490,10.72
150495,7.61
150497,10.66
150500,31.36
150503,0.68
150506,4.93
150510,1.86
150520,8.44
150530,0.68
150540,31.73
150543,2.29
150548,4.03
150549,7.71
150550,5.85
150553,29.94
150555,3.28
150560,17.9
150563,3.92
150565,4.32
150570,9.24
150580,2.44
150590,2.36
150600,2.02
150610,41.86
150611,41.97
150613,22.17
150616,4.42
150618,6.35
150619,7.19
150620,171.27
150630,22.86
150635,75.78
150640,9.42
150650,98.66
150655,14.64
150658,2.08
150660,54.31
150670,6.28
150680,13.31
150690,29.23
150700,58.56
150710,24.28
150715,18.35
150720,19.07
150730,1.53
150740,33.12
150745,7.84
150746,31.33
150747,32.65
150750,10.94
150760,53.13
150770,16.32
150775,4.57
150780,0.81
150790,7.21
150795,24.0
150796,56.78
150797,9.9
150800,12.33
150803,33.07
150805,1.58
150808,15.76
150810,54.48
150812,11.64
150815,4.21
150820,99.59
150830,12.49
150835,4.83
150840,11.84
160010,0.99
160020,0.78
160021,2.83
160023,1.54
160025,3.23
160027,1.63
160030,78.54
160040,1.65
160050,1.21
160015,1.74
160053,4.99
160055,1.03
160060,76.83
160005,0.7
160070,2.58
160080,6.42
170025,1.36
170030,28.6
170035,3.41
170040,1.76
170070,6.94
170100,6.06
170105,7.6
170110,4.13
170130,4.91
170190,2.55
170200,1.65
170210,45.11
170215,6.85
170220,13.62
170230,4.28
170240,1.83
170255,46.62
170270,4.99
170290,64.95
170300,5.96
170305,2.3
170307,4.15
170310,7.9
170320,4.81
170330,3.67
170360,3.43
170370,3.19
170380,45.05
170382,6.46
170384,3.12
170386,3.88
170388,7.6
170389,21.22
170390,3.17
170410,1.49
170510,2.02
170460,2.13
170550,41.98
171670,8.28
170555,23.15
170560,1.64
170600,3.52
170610,3.94
170625,1.75
170650,3.72
170700,6.88
170710,2.94
170720,1.92
170730,1.37
170740,21.82
170755,10.02
170765,2.73
170770,4.45
170820,1.37
170825,4.17
170830,2.84
170900,2.03
170930,11.43
170950,47.19
170980,2.47
171050,2.44
171070,7.93
171090,3.04
171110,2.49
171150,1.77
171180,4.56
171190,1.26
171195,4.74
171200,9.72
171215,3.7
171240,0.65
171245,11.12
171250,2.47
171270,0.28
171280,4.64
171320,6.87
171330,13.02
171360,2.2
171370,2.09
171395,2.99
171420,2.85
171430,9.85
171488,7.55
171500,8.25
171510,1.63
171515,11.65
171525,2.08
171550,5.4
172100,134.81
171570,2.28
171380,8.9
171575,4.49
171610,40.42
171620,0.93
171630,3.52
171650,6.75
171660,2.22
171665,4.53
171700,2.85
171720,2.21
171750,0.76
171780,2.54
171790,1.24
171800,6.25
171820,11.91
171830,29.17
171840,4.78
171845,6.69
171850,1.94
171855,8.98
171865,2.71
171870,3.35
171875,1.02
171880,21.19
171884,0.96
171886,4.48
171888,2.43
171889,0.72
171890,2.69
171900,5.31
172000,9.38
172010,4.81
172015,0.83
172020,30.44
172025,2.17
172030,16.73
172049,1.57
172065,4.29
172080,27.86
172085,1.92
172090,6.84
172093,1.92
172097,1.29
172110,2.9
172120,21.23
172125,2.66
172130,2.98
172208,8.51
172210,9.73
210005,19.37
210010,17.57
210015,28.36
210020,14.86
210030,13.66
210040,11.27
210043,70.58
210047,16.52
210050,1.01
210055,13.86
210060,5.57
210070,26.51
210080,25.86
210083,48.81
210087,19.16
210090,26.05
210095,10.87
210100,27.13
210110,59.71
210120,62.36
210125,27.71
210130,23.59
210135,8.37
210140,7.22
210150,8.37
210160,16.96
210170,20.09
210177,43.89
210173,14.96
210180,3.16
210190,27.67
210193,23.11
210197,23.02
210200,6.32
210203,12.7
210207,36.54
210210,33.87
210215,8.67
210220,19.46
210230,15.09
210232,28.43
210235,18.85
210237,13.37
210240,12.3
210250,29.27
210255,23.36
210260,12.35
210270,28.45
210275,18.52
210280,3.78
210290,19.32
210300,32.01
210310,36.93
210312,27.18
210315,12.53
210317,2.62
210320,24.54
210325,10.04
210330,28.17
210340,50.67
210350,20.79
210355,22.14
210360,28.84
210370,26.73
210375,38.42
210380,65.13
210390,35.7
210400,35.85
210405,15.43
210407,5.77
210408,2.04
210409,4.83
210410,7.59
210420,22.38
210430,17.52
210440,20.41
210450,24.04
210455,29.71
210460,20.6
210462,20.92
210465,8.77
210467,24.66
210470,23.07
210480,7.87
210490,20.21
210500,13.47
210510,18.71
210515,38.45
210520,30.25
210530,188.96
210535,12.96
210540,46.35
210542,7.26
210545,17.17
210547,8.41
210550,37.11
210560,23.72
210565,6.18
210570,41.09
210580,35.08
210594,49.19
210590,26.09
210592,6.66
210596,15.31
210598,7.21
210600,36.94
210610,3.38
210620,14.98
210630,45.77
210632,34.0
210635,5.38
210637,16.72
210640,30.69
210650,57.18
210660,17.1
210663,21.07
210667,13.33
210670,2.49
210675,83.2
210680,21.76
210690,25.68
210700,6.15
210710,11.33
210720,25.25
210725,7.25
210730,4.79
210735,8.53
210740,28.05
210745,74.38
210750,979.51
210760,37.52
210770,40.31
210780,10.15
210790,14.0
210800,11.91
210805,16.38
210810,19.97
210820,136.01
210825,14.37
210830,52.11
210840,35.33
210845,28.13
210850,134.55
210860,55.12
210870,39.41
210880,27.04
210890,18.25
210900,16.85
210905,28.05
210910,61.96
210920,35.9
210923,16.03
210927,26.12
210930,24.37
210940,11.2
210945,478.0
210950,3.17
210955,10.38
210960,62.39
210970,2.29
210975,12.9
210980,18.25
210990,217.18
211000,15.25
211003,28.15
211010,13.37
211020,53.59
211023,14.36
211027,9.9
211030,18.85
211040,20.04
211050,98.48
211060,28.31
211065,7.69
211070,29.84
211080,2.26
211085,15.82
211090,5.2
211100,29.92
211102,25.68
211105,5.44
211107,12.89
211110,17.28
211120,457.52
211125,21.07
211130,1319.97
211140,19.47
211150,53.02
211153,17.61
211157,4.77
211160,5.36
211163,12.49
211167,29.54
211170,56.92
211172,31.49
211174,26.13
211176,11.56
211178,8.49
211180,5.8
211190,9.9
211195,10.02
211200,1.94
211210,19.59
211220,97.01
211223,98.67
211227,21.55
211230,12.34
211240,13.81
211245,16.95
211250,35.64
211260,27.43
211270,28.86
211280,44.88
211285,11.27
211290,45.71
211300,24.15
211400,21.4
220005,5.54
220010,45.71
220020,179.42
220025,14.36
220027,17.39
220030,8.23
220040,42.32
220045,2.54
220050,15.23
220060,30.38
220070,29.24
220080,4.9
220090,7.1
220095,9.92
220100,6.92
220105,4.64
220110,8.65
220115,1.48
220117,15.0
220120,27.37
220130,1.65
220140,53.63
220150,16.9
220155,8.04
220157,14.66
220160,13.27
220170,4.49
220173,10.99
220177,20.09
220180,16.76
220190,4.6
220191,10.79
220192,19.61
220194,23.02
220196,9.46
220198,1.77
220200,28.62
220202,3.11
220205,17.4
220207,6.92
220208,28.13
220209,11.67
220210,6.75
220211,7.67
220213,19.06
220217,15.23
220220,27.95
220225,1.83
220230,4.9
220240,19.28
220245,3.62
220250,6.78
220253,12.45
220255,10.11
220260,9.69
220265,11.11
220270,21.89
220271,17.34
220272,17.2
220273,8.28
220275,15.06
220277,8.08
220280,5.78
220285,2.45
220290,8.74
220300,6.9
220310,5.65
220320,4.87
220323,1.57
220327,7.1
220325,12.85
220330,63.73
220335,6.89
220340,31.51
220345,2.47
220342,5.14
220350,10.84
220360,4.51
220370,43.61
220375,7.44
220380,4.71
220385,13.14
220390,17.58
220400,19.9
220410,6.62
220415,20.51
220420,18.95
220430,14.99
220435,11.77
220440,3.06
220450,10.26
220455,1.46
220460,17.27
220465,70.18
220470,15.65
220480,18.59
220490,11.02
220500,13.92
220510,4.31
220515,4.19
220520,22.08
220525,8.83
220527,7.45
220530,2.38
220535,1.67
220540,19.41
220545,32.7
220550,25.49
220551,6.62
220552,4.34
220553,3.74
220555,21.64
220557,43.42
220556,3.69
220558,9.53
220559,6.43
220554,42.15
220560,4.86
220570,28.3
220580,36.18
220585,46.91
220590,3.3
220595,59.02
220600,6.72
220605,12.36
220610,48.31
220620,24.22
220630,13.32
220635,4.82
220640,18.57
220650,19.3
220660,4.39
220665,2.14
220667,20.7
220669,19.01
220670,5.58
220672,23.57
220675,13.67
220680,24.25
220795,4.81
220690,12.5
220695,6.21
220700,13.7
220710,11.2
220720,25.25
220730,10.29
220735,3.14
220740,2.49
220750,9.7
220755,8.8
220760,3.15
220770,351.44
220775,5.08
220777,8.5
220779,9.39
220780,10.42
220785,3.37
220790,25.52
220793,2.91
220800,146.29
220810,2.66
220820,9.46
220830,12.1
220840,45.24
220850,49.73
220855,2.32
220860,16.05
220865,6.65
220870,3.56
220880,14.37
220885,1.94
220887,4.46
220890,1.84
220900,10.11
220910,10.2
220915,4.1
220920,1.18
220930,4.94
220937,15.45
220935,32.84
220940,16.56
220945,65.19
220950,4.45
220955,6.78
220960,4.48
220965,5.23
220970,4.79
220975,2.2
220980,33.39
220985,9.59
220987,7.9
220990,6.1
220995,12.24
220997,37.44
221000,13.48
221005,16.75
221010,2.91
221020,18.37
221030,24.74
221035,6.8
221037,12.0
221038,6.38
221039,3.74
221040,3.39
221050,27.57
221060,14.37
221062,3.88
221063,1.36
221065,10.38
221070,13.66
221080,9.45
221090,6.0
221093,32.09
221095,1.84
221097,6.93
221100,621.31
221110,37.91
221120,2.56
221130,15.67
221135,10.97
221140,18.53
221150,9.0
221160,13.61
221170,16.53
230010,65.63
230015,93.13
230020,74.35
230030,24.08
230040,7.15
230050,84.51
230060,103.5
230070,12.81
230075,36.85
230080,28.27
230090,26.43
230100,166.34
230110,59.77
230120,40.31
230125,31.78
230130,19.64
230140,103.21
230150,7.35
230160,20.98
230170,27.7
230180,42.94
230185,16.85
230190,101.42
230195,93.09
230200,31.86
230205,39.17
230210,115.85
230220,32.99
230230,39.53
230240,19.2
230250,74.58
230260,55.88
230270,25.33
230280,23.92
230290,79.7
230300,26.64
230310,24.37
230320,42.31
230330,17.61
230340,48.26
230350,85.68
230360,42.51
230365,13.2
230370,295.31
230380,35.21
230390,54.86
230393,16.57
230395,72.78
230400,29.82
230410,25.12
230420,114.1
230423,25.92
230425,74.31
230426,20.46
230427,18.18
230428,678.64
230430,38.62
230435,46.84
230440,8476.07
230445,58.43
230450,77.64
230460,40.71
230465,51.08
230470,20.29
230480,48.38
230490,70.97
230495,102.6
230500,66.47
230510,51.49
230520,21.54
230523,420.91
230526,15.22
230530,60.24
230533,29.52
230535,47.08
230540,36.33
230550,100.78
230560,8.13
230565,16.51
230570,45.51
230580,66.68
230590,25.83
230600,17.35
230610,16.65
230620,37.3
230625,250.8
230630,122.38
230640,80.66
230650,34.62
230655,58.04
230660,27.63
230670,10.32
230680,17.05
230690,18.48
230700,39.78
230710,52.35
230720,22.46
230725,96.76
230730,1104.68
230740,26.5
230750,33.24
230760,79.19
230763,19.19
230765,2046.87
230770,218.28
230780,47.66
230790,37.57
230800,68.37
230810,44.45
230820,100.48
230830,47.68
230835,26.19
230837,19.74
230840,54.41
230850,20.66
230860,19.29
230870,22.27
230880,20.99
230890,54.23
230900,76.27
230910,113.23
230920,54.73
230930,43.52
230940,30.23
230945,33.58
230950,37.18
230960,283.73
230970,575.09
230980,111.88
230990,85.82
231000,21.31
231010,113.08
231020,118.41
231025,108.81
231030,13.63
231040,25.33
231050,33.19
231060,63.96
231070,27.39
231080,38.54
231085,281.88
231090,28.85
231095,45.05
231100,9.42
231110,68.92
231120,32.61
231123,15.86
231126,20.25
231130,43.43
231135,27.74
231140,24.35
231150,36.26
231160,128.79
231170,48.24
231180,49.14
231190,11.43
231195,20.58
231220,10.26
231200,33.48
231210,20.69
231230,141.62
231240,57.75
231250,27.26
231260,106.19
231270,26.67
231280,17.98
231290,98.42
231300,11.93
231310,35.62
231320,13.12
231325,18.91
231330,14.68
231335,24.54
231340,83.56
231350,60.41
231355,80.44
231360,82.64
231370,29.3
231375,62.58
231380,203.13
231390,19.86
231395,102.68
231400,48.73
231410,46.42
240010,18.3
240020,44.51
240030,19.15
240040,64.16
240050,35.62
240060,36.98
240070,75.94
240080,15.8
240090,29.21
240100,22.37
240110,77.66
240120,123.86
240140,37.74
240145,34.36
240150,26.19
240160,18.26
240165,8.77
240170,83.66
240180,206.29
240185,34.55
240190,14.1
240200,55.31
240210,52.48
240220,139.67
240230,18.72
240240,33.3
240250,19.83
240260,101.46
240270,28.4
240280,29.64
240290,41.93
240300,27.04
240310,51.82
240320,65.35
240330,44.84
240340,22.81
240350,77.34
240360,204.79
240370,22.28
240375,9.47
240380,18.05
240390,15.55
240400,64.29
240410,8.14
240420,136.93
240430,11.54
240440,82.11
240450,60.47
240460,44.12
240470,41.39
240480,17.6
240485,37.07
240490,44.19
240500,167.39
240510,15.78
240520,17.28
240530,54.38
240540,26.75
240550,10.28
240560,44.89
240570,33.63
240580,48.89
240590,30.1
240600,50.59
240610,19.59
240615,87.32
240620,64.07
240630,64.12
240640,24.21
240650,88.56
240660,103.96
240670,16.67
240680,36.55
240690,129.19
240700,60.71
240710,158.18
240720,40.37
240725,125.74
240730,24.14
240740,51.49
240750,94.21
240760,34.06
240770,136.85
240780,106.23
240790,29.26
240800,141.65
240810,5289.08
240820,89.66
240830,134.49
240840,30.16
240850,19.0
240860,52.27
240870,9.83
240880,19.07
240890,41.86
240325,2115.63
240910,315.1
240920,74.95
240930,39.97
240940,116.92
240950,14.62
240960,8.33
240970,7.05
240980,76.83
240990,36.1
241000,46.42
241010,66.9
241020,71.48
241025,20.18
241040,19.08
241050,65.17
241060,31.99
241070,28.13
241080,32.82
241090,30.92
240895,72.19
241100,28.85
241110,28.62
241120,63.54
240933,25.28
241140,9.01
241142,14.22
241150,80.16
241160,9.51
241170,23.32
241180,8.86
241190,55.94
241200,411.04
241210,22.36
241220,151.2
241230,37.69
241240,26.56
241250,136.99
241255,30.06
241260,73.12
241270,30.58
241280,17.48
241290,12.82
241300,32.47
241310,36.31
241320,171.2
241030,62.12
241330,59.63
241335,19.36
241340,14.36
241350,32.22
241355,39.14
241360,15.46
241370,25.87
241380,20.68
241390,34.8
241400,44.07
241410,48.22
241415,80.03
241105,24.27
241420,139.26
241430,17.82
241440,39.61
241445,12.05
241450,49.42
241460,16.77
241470,75.67
241475,58.32
241480,149.54
241490,45.33
241500,66.52
250010,43.25
250020,16.36
250030,88.89
250040,170.54
250050,149.4
250053,17.98
250057,11.66
250060,107.24
250073,18.35
250077,28.23
250080,73.49
250090,135.91
250100,82.66
250110,84.67
250115,22.09
250120,211.15
250130,51.12
250135,31.56
250140,87.85
250150,82.65
250153,96.72
250160,19.83
250157,22.18
250170,10.14
250180,3030.06
250190,176.49
250200,12.17
250205,69.15
250210,31.46
250215,14.8
250220,53.77
250230,27.02
250240,52.19
250250,47.86
250270,202.59
250280,35.4
250290,68.72
250300,145.36
250310,12.39
250320,2122.39
250330,53.06
250340,16.71
250350,105.0
250355,56.68
250360,56.3
250370,109.55
250375,11.09
250380,107.67
250390,11.06
250400,689.58
250403,83.45
250407,8.37
250410,48.77
250415,37.08
250420,9.32
250430,55.33
250435,41.09
250440,32.76
250450,23.69
250460,142.64
250470,14.35
250480,40.7
250485,11.31
250490,88.55
250500,56.93
250510,27.42
250523,58.58
250520,173.1
250527,61.42
250530,11.28
250535,28.7
250540,46.25
250560,24.35
250570,62.91
250580,136.93
250590,14.62
250600,201.53
250610,59.53
250620,12.23
250625,43.22
250630,354.97
250640,40.83
250650,9.99
250660,24.25
250260,31.82
250670,37.29
250680,62.86
250690,111.85
250700,52.75
250710,127.78
250720,44.89
250730,57.04
250740,43.16
250750,3825.6
251365,35.62
250760,112.03
250770,38.87
250780,41.96
250790,136.42
250800,24.47
250810,26.23
250820,91.34
250830,255.63
250840,26.66
250850,27.88
250855,114.01
250860,147.06
250870,16.45
250880,36.86
250890,131.8
250900,31.07
250905,69.64
250910,141.05
250915,104.02
250920,67.58
250930,45.76
250933,118.04
250937,34.82
250939,78.49
250940,68.49
250950,179.47
250960,41.46
250970,33.68
250980,50.7
250990,50.98
251000,38.13
251010,224.53
251020,70.61
251030,15.81
251040,10.95
251050,12.37
251060,23.49
251065,13.78
251070,21.62
251080,227.47
251090,21.4
251100,33.66
251110,22.3
251120,71.08
251272,82.78
251130,28.46
251140,28.27
251150,116.38
251160,102.95
251170,113.35
251180,132.5
251190,139.74
251200,29.56
251203,39.98
251207,42.66
251210,36.9
251220,21.92
251230,63.44
251240,188.22
251250,109.43
251260,12.48
251270,110.23
251274,39.8
251275,117.83
251276,112.99
251278,21.33
251280,32.29
251290,52.0
251300,21.09
251310,60.14
251315,28.78
251320,31.32
251330,28.0
251335,11.08
251340,33.75
251370,187.92
251380,12.78
251350,12.84
251360,19.87
251385,11.2
251392,23.11
251390,137.11
251396,18.17
251394,11.95
251398,35.68
251400,6.42
250070,38.01
251410,5.42
251420,22.32
251430,36.06
251440,6.45
251450,29.9
251455,25.33
251460,26.4
251465,7.12
251470,20.01
251480,8.68
251445,60.64
251490,14.55
251500,79.63
251510,233.58
251520,7.58
251540,38.97
251530,166.78
251550,19.94
251560,108.25
251570,34.85
251580,125.95
251590,93.4
251593,153.18
251597,126.06
251600,113.78
251610,26.76
251615,22.97
251620,94.03
251630,20.24
251640,44.24
251650,23.19
251660,62.05
251670,94.23
251675,29.05
251680,43.0
251690,51.76
251700,54.64
251710,14.75
251720,36.44
250550,61.9
251740,20.48
260005,767.59
260010,98.65
260020,13.17
260030,123.53
260040,68.95
260050,49.03
260060,67.19
260070,140.72
260080,50.55
260090,97.16
260100,94.46
260105,222.41
260110,44.6
260120,211.85
260130,125.47
260140,182.79
260150,163.72
260160,11.32
260170,118.02
260180,10.22
260190,123.87
260200,23.6
260210,61.29
260220,179.39
260230,96.39
260240,56.28
260250,70.45
260260,66.56
260270,141.17
260280,43.32
260290,463.63
260300,20.64
260310,113.69
260320,87.23
260330,90.64
260340,32.07
260345,3082.94
260350,258.91
260360,227.92
260370,58.63
260380,59.61
260390,45.7
260392,12.87
260400,577.11
260410,392.26
260415,123.77
260420,206.96
260430,68.79
260440,278.97
260450,255.73
260460,294.73
260470,55.4
260480,124.15
260490,37.32
260500,228.37
260510,26.43
260515,12.3
260520,198.51
260530,23.79
260540,205.44
260545,179.88
260550,135.68
260560,22.73
260570,9.02
260580,72.67
260590,121.32
260600,304.85
260610,132.01
260620,158.92
260630,14.34
260640,166.44
260650,30.23
260660,14.96
260670,40.94
260680,382.97
260690,14.59
260760,393.77
260700,19.66
260710,18.66
260720,180.62
260730,35.82
260740,11.44
260750,24.31
260765,119.57
260770,33.63
260775,359.01
260780,163.94
260790,2716.13
260795,133.66
260800,25.51
260805,53.25
260810,244.61
260820,131.44
260825,94.72
260830,141.31
260840,103.73
260850,374.1
260845,259.4
260860,66.14
260870,73.09
260875,13.82
260880,213.06
260890,205.49
260900,234.86
260910,267.97
260915,56.22
260920,56.76
260930,18.73
261430,27.86
260940,320.21
260950,216.09
260960,9421.3
260970,172.25
260980,27.02
260990,28.67
261000,186.42
261010,48.68
261020,71.37
261030,49.91
261040,8.48
261050,88.55
261060,203.62
261070,3407.56
261080,28.16
261090,67.7
261100,34.59
261110,76.59
261120,45.8
261130,132.77
261140,135.83
261150,112.9
261153,32.33
261160,7532.0
261170,65.43
261180,164.69
261190,103.47
261200,52.0
261210,122.94
261220,36.12
261230,62.85
261240,98.49
261245,12.26
261247,109.56
261250,321.94
261255,14.4
261260,13.97
261270,153.42
261280,60.41
261290,99.05
261300,82.74
261310,97.38
261320,88.23
261330,92.13
261340,307.16
261350,23.04
261360,42.5
261370,431.92
261380,158.07
261390,28.98
261400,12.66
261410,14.83
261420,124.27
261440,43.4
261450,257.42
261460,73.54
261470,56.56
261480,20.38
261485,109.13
261500,60.56
261510,47.34
261520,31.41
261530,181.41
261540,1759.22
261550,116.3
261560,132.96
261570,79.65
261580,30.87
261590,45.93
261600,57.62
261610,20.03
261618,103.46
261620,105.6
261630,143.16
261640,373.2
261650,132.88
270010,44.42
270020,92.6
270030,650.65
270040,89.24
270050,115.09
270060,108.62
270070,56.81
270080,89.33
270090,20.06
270100,146.26
270110,63.09
270120,39.78
270130,171.12
270135,104.48
270140,193.37
270150,57.12
270160,30.84
270170,70.29
270180,80.32
270190,42.3
270200,120.81
270210,104.37
270220,147.12
270230,62.0
270235,89.26
270240,85.58
270250,78.84
270255,70.08
270260,128.32
270270,51.76
270280,38.38
270290,81.73
270300,58.86
270310,76.64
270320,57.38
270330,48.79
270340,36.9
270350,33.37
270360,97.28
270370,55.64
270375,32.93
270380,80.44
270390,45.05
270400,102.35
270410,201.83
270420,90.68
270430,2025.46
270440,43.63
270490,37.74
270450,97.9
270460,30.34
270470,156.48
270480,76.11
270500,27.77
270510,112.01
270520,156.87
270530,31.79
270540,83.14
270550,66.15
270560,54.37
270570,118.23
270580,29.02
270590,43.23
270600,67.21
270610,56.14
270620,102.49
270630,161.74
270640,35.72
270642,40.74
270644,141.72
270650,62.36
270660,63.85
270670,92.41
270680,74.28
270690,140.61
270700,24.73
270710,61.35
270720,49.28
270730,88.22
270740,30.22
270750,82.94
270760,35.31
270770,245.23
270780,51.54
270790,246.45
270800,108.83
270810,47.77
270820,49.74
270830,93.23
270840,65.16
270850,87.0
270860,169.77
270870,103.6
270880,108.38
270890,324.39
270895,40.47
270900,47.58
270910,120.33
270915,148.28
270920,39.71
270930,155.97
270940,74.95
280010,67.57
280020,60.02
280030,3612.82
280040,52.18
280050,126.41
280060,336.65
280067,130.21
280070,55.82
280100,89.77
280110,23.54
280120,33.14
280130,77.28
280140,34.7
280150,362.36
280160,70.45
280170,75.68
280190,31.0
280200,55.97
280210,107.42
280220,30.19
280230,38.52
280240,17.72
280250,167.51
280260,24.04
280270,155.93
280280,57.27
280290,283.43
280300,84.99
280310,26.59
280320,46.43
280330,51.37
280340,32.97
280350,107.68
280360,183.79
280370,50.53
280380,58.26
280390,125.0
280400,183.57
280410,118.3
280420,36.89
280430,100.51
280440,70.39
280445,25.84
280450,48.81
280460,55.09
280470,79.98
280480,1171.32
280490,38.6
280500,39.76
280510,282.9
280520,42.18
280530,45.08
280540,28.22
280550,53.91
280560,32.6
280570,320.42
280580,37.26
280590,129.38
280600,72.15
280610,102.74
280620,80.69
280630,42.59
280650,57.88
280640,170.54
280660,51.68
280670,206.18
280680,108.69
280690,44.41
280700,27.27
280710,71.69
280720,53.63
280730,65.82
280740,51.1
280750,44.39
280760,208.87
290010,16.47
290020,13.53
290030,78.36
290035,26.96
290040,25.64
290060,27.84
290070,201.49
290080,15.17
290090,21.76
290100,80.4
290110,144.69
290115,19.18
290120,11.3
290130,7.06
290135,11.7
290140,9.15
290150,63.38
290160,60.36
290170,39.68
290180,37.58
290190,31.56
290195,47.33
290205,25.0
290200,8.82
290210,34.94
290220,34.57
290225,29.37
290230,48.72
290240,25.19
290250,4.15
290260,21.62
290265,58.22
290270,4.69
290280,15.3
290290,48.87
290300,9.0
290310,27.42
290320,19.78
290323,35.83
290330,43.55
290327,79.51
290340,11.89
290350,27.36
290360,29.05
290370,14.54
290380,6.61
290390,16.46
290395,23.44
290400,15.38
290405,23.07
290410,14.51
290420,15.82
290430,29.73
290440,3.85
290450,4.57
290460,30.18
290470,79.62
290475,5.37
290480,13.75
290485,83.21
290490,84.69
290500,34.67
290510,16.81
290515,18.77
290520,20.87
290530,27.3
290540,39.43
290550,29.28
290560,51.05
290570,381.23
290580,38.37
290590,10.35
290600,9.81
290610,22.21
290620,45.41
290630,23.44
290640,18.55
290650,337.04
290660,34.26
290670,15.57
290680,25.9
290682,5.18
290685,17.92
290687,91.21
290689,11.11
290690,9.2
290700,42.09
290710,10.6
290720,7.46
290730,36.9
290740,5.57
290750,131.43
290755,14.04
290760,28.66
290770,3.72
290780,48.31
290790,134.83
290800,60.12
290810,1.85
290820,138.63
290830,59.49
290840,65.56
290850,282.08
290860,26.78
290870,13.41
290880,3.89
290890,64.93
290900,16.09
290910,5.63
290920,17.99
290930,2.69
290940,3.28
290950,32.98
290960,34.73
290970,13.34
290980,433.9
290990,5.71
291000,24.04
291005,440.15
291010,18.02
291020,47.88
291030,41.97
291040,8.58
291050,34.38
290050,15.13
291060,28.19
291070,27.1
291072,96.16
291075,49.78
291077,3.4
291080,459.55
291085,28.73
291090,34.58
291100,36.22
291110,1.56
291120,133.26
291125,12.07
291130,3.04
291140,12.12
291150,36.06
291160,194.91
291165,7.41
291170,65.15
291180,8.96
291185,41.71
291190,9.91
291200,21.62
291210,93.51
291220,23.03
291230,13.76
291240,13.16
291250,15.61
291260,4.28
291270,52.26
291280,10.96
291290,51.93
291300,8.84
291310,27.42
291320,15.63
291330,48.61
291340,18.79
291345,25.09
291350,32.51
291360,92.23
291370,32.66
291380,39.17
291390,171.6
291400,19.55
291410,9.3
291420,17.56
291430,4.38
291440,24.5
291450,104.52
291460,228.72
291465,35.95
291470,27.52
291480,493.29
291490,38.35
291500,13.28
291510,47.66
291520,18.48
291530,8.19
291535,3.24
291540,5.46
291550,72.03
291560,28.35
291570,72.33
291580,15.99
291590,13.13
291600,13.26
291610,188.31
291620,19.07
291630,10.2
291640,46.79
291650,22.44
291660,25.25
291670,25.76
291680,10.94
291685,24.83
291690,40.09
291700,20.95
291710,65.0
291720,15.59
291730,68.55
291733,7.4
291735,0.88
291740,12.01
291750,34.12
291760,58.63
291770,13.67
291780,20.91
291790,16.7
291800,48.33
291810,8.69
291820,60.72
291830,51.01
291835,27.53
291840,33.34
291845,6.52
291850,16.11
291855,16.35
291860,10.57
291870,9.19
291875,17.85
291880,52.08
291890,6.43
291900,4.87
291905,19.82
291910,47.65
291915,45.19
291920,3440.0
291930,8.93
291940,14.69
291950,21.41
291955,22.21
291960,17.45
291970,14.57
291980,16.64
291990,3.41
291992,655.0
291995,4.64
292000,20.55
292010,19.6
292020,8.39
292030,15.86
292040,5.87
292045,4.29
292050,9.25
292060,101.5
292070,24.98
292080,8.15
292090,17.89
292100,73.57
292105,15.73
292110,18.32
292120,16.59
292130,38.51
292140,10.8
292145,8.14
292150,15.51
292160,5.02
292170,6.17
292180,19.67
292190,3.69
292200,23.45
292205,19.24
292210,17.93
292220,67.4
292225,3.12
292230,329.18
292240,78.46
292250,112.4
292260,35.05
292265,28.47
292270,19.28
292273,22.33
292275,36.87
292280,17.49
292285,21.14
292290,28.35
292300,32.79
292303,20.33
292305,61.41
292310,52.06
292320,6.21
292330,55.22
292335,11.73
292340,8.61
292350,13.71
292360,18.47
292370,12.24
292380,66.53
292390,16.21
292400,74.56
292405,22.03
292410,45.98
292420,18.6
292430,9.99
292440,2.99
292450,26.48
292460,40.6
292465,19.13
292467,53.52
292470,24.35
292480,25.37
292490,10.06
292500,27.31
292510,56.71
292520,136.22
292525,29.99
292530,61.73
292540,7.33
292550,16.19
292560,92.58
292570,10.41
292575,66.44
292580,12.57
292590,20.54
292593,23.14
292595,18.56
292600,8.75
292610,79.33
292620,3.94
292630,28.09
292640,13.72
292650,22.71
292660,68.23
292665,4.57
292670,12.21
292680,18.88
292690,14.22
292700,56.82
292710,3.43
292720,14.19
292730,104.57
292740,4143.06
292750,60.15
292760,16.1
292770,17.78
292780,21.18
292790,33.68
292805,16.26
292810,20.26
292840,4.74
292850,14.71
292800,23.95
292820,14.62
292830,38.74
292860,121.87
292870,388.42
292880,145.61
292890,2.23
292895,27.71
292910,102.31
292900,148.58
292905,16.21
292920,151.42
292925,15.67
292930,124.86
292935,78.03
292937,25.77
292940,54.45
292950,82.29
292960,148.44
292970,17.1
292975,73.66
292980,25.61
292990,17.52
293000,5.87
293010,95.49
293020,3.2
293015,12.14
293030,12.91
293040,27.73
293050,122.72
293060,45.29
293070,667.8
293075,7.43
293076,14.22
293077,18.72
293080,17.09
293090,9.1
293100,16.53
293105,24.02
293110,36.01
293120,51.3
293130,25.62
293135,137.89
293140,32.07
293150,67.11
293160,47.02
293170,65.52
293180,9.76
293190,18.11
293200,7.99
293210,27.39
293220,106.57
293230,100.79
293240,25.2
293245,11.51
293250,16.14
293260,17.18
293270,52.35
293280,30.05
293290,80.97
293300,74.09
293305,27.44
293310,44.75
293315,10.64
293317,38.97
293320,144.21
293325,7.1
293330,99.39
293340,22.2
293345,4.14
293350,31.31
293360,8.45
310010,7.93
310020,12.79
310030,28.59
310040,39.2
310050,11.61
310060,10.4
310070,4.07
310080,19.33
310090,23.42
310100,10.76
310110,18.66
310120,9.24
310130,16.57
310140,51.84
310150,69.29
310160,94.06
310163,52.8
310170,18.26
310180,44.46
310190,43.66
310200,39.96
310205,56.39
315350,54.62
310210,21.23
310220,14.05
310230,25.36
310240,9.64
310250,32.3
310260,87.52
310280,12.16
310285,46.0
310290,21.6
310300,11.84
310310,19.07
310320,12.58
310330,19.35
310340,16.41
310350,42.96
310360,31.26
310370,27.78
310375,23.22
310380,16.3
310390,37.74
310400,91.23
310410,66.14
310420,78.63
310430,53.23
310440,17.11
310445,21.5
310450,3.39
310460,89.24
310470,7.0
310480,3.88
310490,25.51
310500,14.07
310510,16.37
310520,9.91
310530,122.08
310540,95.38
310550,27.21
310560,180.87
310570,13.37
310590,253.56
310600,93.96
310610,8.72
310620,7580.18
310630,79.72
310640,21.08
310650,20.32
310665,9.69
310660,10.76
310670,1281.45
310680,11.92
310690,103.47
310700,5.48
310710,46.62
310720,10.1
310730,15.48
310740,41.35
310750,15.71
310760,20.24
310770,31.1
310780,25.22
310790,45.89
310800,24.97
310810,22.75
310820,3.07
310825,2.88
310830,64.47
310840,44.81
310870,19.4
310855,6.59
310860,23.11
310880,12.69
310890,39.32
310900,62.72
310910,30.89
310920,6.48
310925,24.59
310930,4.75
310940,3.89
310945,6.74
310950,38.23
310960,58.7
310970,37.95
310270,13.53
310980,13.4
310990,74.49
311000,82.42
311010,51.63
311020,48.01
311030,20.35
311050,41.19
311060,120.83
311070,52.01
311080,8.41
311090,49.66
311100,36.44
311110,5.41
311115,7.54
311120,102.28
311130,42.32
311140,6.45
311150,21.76
311160,37.39
311190,26.34
311170,26.09
311180,14.47
311200,20.66
311210,41.61
311220,41.89
311230,39.14
311240,23.23
311250,102.32
311260,26.06
311265,19.59
311270,15.68
311280,16.54
311290,49.54
311300,19.07
311310,19.9
311320,52.5
311330,93.38
311340,73.14
311350,6.46
311360,37.33
311370,5.88
311380,10.16
311390,24.04
311400,32.13
311410,46.11
311420,49.31
311430,23.19
311440,19.92
311450,48.39
311455,4.86
311460,5.56
311470,44.13
311480,15.87
311490,14.31
311500,8.37
311510,26.64
311530,152.76
311535,22.4
311540,25.71
311545,15.04
311547,17.32
311550,215.52
311570,34.42
311580,31.63
311590,20.64
311600,26.82
311610,18.48
311615,4.2
311620,10.62
311630,44.22
311640,21.28
311650,10.48
311660,45.37
311670,70.7
311680,25.46
311690,2.99
311700,10.58
311710,29.2
311520,14.48
311730,20.81
311720,27.51
311740,18.01
311750,10.33
311760,22.0
311770,36.89
311780,63.61
311783,4.65
311787,158.9
311790,58.26
311800,180.1
311810,12.65
311820,11.22
311830,347.31
311840,15.45
311850,20.64
311860,3399.71
311870,30.93
311880,11.95
311890,10.79
311900,19.71
311910,9.4
311920,17.34
311930,8.44
311940,496.52
311960,23.47
311970,24.36
311980,4.89
311990,29.96
311995,62.67
312000,13.49
312010,9.08
312015,6.94
312020,20.36
312030,7.1
312040,38.76
312050,32.9
312060,30.11
312070,19.27
312080,29.51
312083,21.97
312087,13.6
312090,24.29
312100,17.45
312110,19.65
312120,5.16
312125,102.42
312130,23.52
312140,19.2
312150,20.39
312160,12.26
312170,23.03
312180,22.44
312190,29.21
312200,59.01
312210,14.55
312220,56.87
312230,336.43
312235,57.61
312240,27.71
312245,19.23
312247,4.5
312250,85.22
312260,10.52
312270,26.86
312280,26.34
312290,93.58
312300,81.33
312310,13.53
312320,12.13
312330,18.42
312340,9.99
312350,6.1
312352,36.06
312360,56.2
312370,59.52
312380,11.91
312385,63.02
312390,33.49
312400,52.85
312410,77.41
312420,78.55
312430,16.92
312440,17.78
312450,46.56
312460,17.84
312470,5.5
312480,9.7
312490,36.44
312500,37.69
312510,148.11
312520,27.63
312530,19.62
312540,13.29
312560,12.51
312570,9.86
312580,22.59
312590,9.02
312595,30.77
312600,38.98
312610,45.06
312620,2.59
312630,20.17
312640,14.83
312650,22.4
312660,3.31
312670,9.56
312675,7.52
312680,9.38
312690,20.47
312695,20.77
312700,90.52
312705,14.28
312707,7.04
312710,24.51
312720,21.77
312730,9.46
312733,2.95
312735,21.6
312737,29.82
312738,26.09
312740,23.22
312750,29.42
312760,13.65
312770,119.49
312780,4.08
312790,7.19
312800,31.92
312810,15.25
312820,29.62
312825,12.74
312830,64.52
312840,33.73
312850,42.82
312860,3.18
312870,181.28
312880,44.69
312890,21.91
312900,28.59
312910,3.05
312920,42.6
312930,32.31
312940,14.5
312950,9.32
312960,9.6
312965,15.28
312970,24.6
312980,2483.07
312990,51.06
313000,19.52
313005,19.16
313010,390.39
313020,49.74
313030,12.65
313040,62.24
313050,32.88
313055,35.09
313060,48.98
313065,7.32
313070,8.3
313080,9.05
313090,28.13
313100,25.6
313110,14.33
313115,164.48
313120,43.49
313130,1597.55
313140,9.06
313150,33.8
313160,19.61
313170,95.76
313180,55.09
313190,95.6
313200,3.01
313210,14.82
313220,32.54
313230,26.54
313240,328.55
313250,12.7
313260,46.05
313270,16.35
313280,5.47
313290,41.82
313300,36.08
313310,106.93
313320,25.01
313330,31.02
313340,8.46
313350,20.91
313360,55.16
313370,37.76
313375,104.99
313380,188.02
313390,19.07
313400,9.09
313410,13.37
313420,40.29
313430,25.65
313440,27.95
313450,10.18
313460,18.08
313470,8.84
313480,18.78
313490,74.71
313500,19.13
313505,14.81
313507,10.45
313510,32.85
313520,10.17
313530,25.27
313535,21.26
313540,20.79
313545,27.04
313550,22.61
313560,5.94
313570,11.71
313580,7.23
313590,31.11
313600,9.27
313610,19.6
313620,805.89
313630,4.42
313640,5.94
313650,19.78
313652,11.8
313655,27.62
313657,8.99
313665,270.86
313670,396.24
313680,10.03
313690,47.94
313695,5.38
313700,20.91
313710,5.16
313720,118.56
313730,6.83
313740,27.29
313750,21.47
313753,7.71
313760,280.45
313770,46.13
313780,97.67
313790,28.59
313800,33.24
313810,2.03
313820,183.75
313830,9.17
313835,17.56
313840,55.76
313850,12.63
313860,19.68
313862,5.71
313865,37.27
313867,43.09
313868,16.27
313870,10.89
313880,15.55
313890,21.39
313900,71.9
313910,10.34
313920,25.62
313925,22.45
313930,9.44
313940,143.6
313950,124.15
313960,40.34
313980,34.48
313970,30.49
313990,69.47
314000,50.85
314010,25.91
314015,438.0
314020,38.44
314030,7.4
314040,25.53
314050,12.77
314053,74.31
314055,37.74
314060,15.89
314070,102.67
317150,18.59
314080,92.09
314085,5.72
314090,70.82
314100,26.38
314110,149.91
314120,14.37
314130,4.02
314140,14.5
314150,21.1
314160,30.84
314170,20.39
314180,17.37
314190,17.72
314200,18.79
314210,35.65
314220,46.82
314225,8.12
314230,31.71
314240,37.08
314250,3.41
314260,40.12
314270,9.89
314280,8.14
314290,20.98
314300,31.25
314310,35.6
314315,12.72
314320,36.2
314340,81.63
314330,114.7
314345,7.3
314350,4.25
314360,5.94
314370,6.66
314380,31.47
314390,129.22
314400,21.57
314410,50.17
314420,13.79
314430,26.85
314435,55.01
314437,7.06
314440,25.06
314450,26.15
314460,45.95
314465,9.29
314467,21.73
314470,48.57
314480,221.15
314490,9.58
314500,13.99
314505,62.01
314510,42.86
314520,363.68
313660,33.26
314530,18.4
314535,14.24
314537,19.49
314540,9.8
314545,2.91
314550,51.01
314560,46.46
314570,19.19
314580,12.75
314585,52.26
314587,65.83
314590,152.67
314600,63.03
314610,59.62
314620,33.82
314625,14.29
314630,37.02
314655,7.25
314640,7.04
314650,19.63
314660,26.17
314670,20.9
314675,12.71
314690,28.31
314710,170.47
314700,11.32
314720,50.7
314730,63.65
314740,39.22
314760,58.96
314770,18.84
314780,8.27
314750,17.51
314790,85.7
314795,13.44
314800,47.81
314810,31.57
314820,52.51
314830,35.67
314840,21.9
314850,14.06
314860,17.6
314870,15.25
314875,40.8
314880,18.67
314890,11.42
314900,35.78
314910,51.36
314915,7.94
314920,10.16
314930,219.32
314950,36.55
314960,21.6
314970,46.19
314980,6.6
314990,79.03
314995,29.75
315000,13.39
315010,14.3
315015,78.34
315020,49.44
315030,13.93
315040,19.19
315050,20.87
315053,74.22
315057,6.11
315060,22.86
315070,18.34
315080,26.75
315090,26.87
315100,68.88
315110,56.39
315120,102.69
315130,74.76
315140,49.14
315150,38.44
315160,38.21
315170,35.41
315180,305.88
315190,12.2
315200,12.47
315210,126.94
315213,7.07
315217,10.0
315220,21.66
315230,39.61
315240,26.48
315250,277.57
315260,22.7
315270,34.19
315280,5.75
315290,39.92
315300,5.79
315310,22.67
315320,5.23
315330,15.86
315340,5.59
315360,86.42
315370,6.4
315390,226.61
315400,31.13
315410,44.89
315415,47.11
315420,18.6
315430,16.08
315440,26.04
315445,4.57
315450,7.21
315460,2167.35
315470,81.89
315480,44.87
315490,35.29
315510,10.73
315500,23.28
315520,22.94
315530,25.19
315540,42.75
315550,9.1
315560,9.92
315570,38.44
315580,70.95
315590,15.73
315600,13.02
315610,11.37
315620,29.03
315630,111.58
315640,8.67
315645,41.33
315650,5.4
315660,10.61
315670,451.21
315680,16.82
315690,8.52
315700,22.0
315710,7.47
315720,45.79
315725,75.86
315727,7.54
315730,22.77
315733,2413.46
315737,7.03
315740,18.39
315750,33.41
315760,1.32
315765,23.03
315770,19.35
315780,931.19
315790,63.38
315800,18.16
315810,11.87
315820,23.42
315920,17.79
315940,10.56
315930,11.6
315935,105.82
315950,11.32
315960,122.56
315970,11.78
315980,6.58
315830,41.17
315840,23.98
315850,6.09
315860,21.77
315880,45.41
315890,24.97
315895,125.56
315900,6.34
315910,19.22
315990,37.89
316000,17.83
316010,30.04
316020,12.55
316030,23.12
316040,25.09
316045,9.14
316050,16.45
316060,7.17
316070,72.94
316080,65.74
316090,33.98
316095,92.73
316100,23.34
316105,20.72
316110,17.03
316120,20.6
316130,5.53
316140,29.43
316150,66.64
316160,26.01
316165,14.28
316170,3.12
316180,46.71
316190,30.02
312550,10.07
316200,49.25
316210,40.95
316220,13.6
316225,4.92
316230,22.81
316240,13.59
316245,19.19
316250,61.52
316255,80.78
316257,42.48
316260,62.42
316265,10.62
316270,12.27
316280,32.99
316290,64.7
316292,441.3
316294,23.63
316295,495.86
316300,19.96
316310,24.35
316320,47.26
316330,11.74
316340,29.37
316350,18.7
316360,51.02
316370,790.28
316380,45.61
316390,17.86
316410,17.03
316400,19.32
316420,5.07
316430,3.36
316440,32.93
316443,40.84
316447,81.31
316450,19.4
316460,16.6
316470,87.07
316480,11.77
316490,24.31
316500,19.11
316510,25.26
316530,19.75
316540,24.31
316550,44.4
316553,527.12
316556,14.91
316557,35.45
316560,20.39
316570,46.92
316580,16.0
316590,4.37
316600,33.89
316610,9.24
316620,43.98
316630,44.13
316640,16.13
316650,19.64
316660,2.33
316680,8.94
316670,40.73
316690,36.65
316695,8.66
316700,9.21
316710,17.22
316720,445.73
316555,22.93
316730,14.36
316740,19.98
316750,19.27
316760,40.35
316770,26.85
316780,31.24
316790,17.77
316800,28.57
316805,16.11
316810,4.05
316820,4.6
316830,12.38
316840,19.58
316850,69.94
316860,43.36
316870,622.26
316880,96.1
316890,3.1
316900,95.82
316905,35.75
316910,45.75
316920,28.14
316930,95.99
316935,12.08
316940,82.27
316950,13.46
316960,13.89
316970,17.31
316980,22.81
316990,283.6
317000,15.27
317005,65.97
317010,73.78
317020,167.99
317030,6.43
317040,9.99
317043,3.75
317047,5.45
317050,74.63
317052,8.12
317057,55.54
317060,5.25
317065,10.19
317070,342.84
317075,10.8
317080,17.79
317090,23.71
317100,10.76
317103,5.96
317110,3.88
317115,41.99
317120,1792.65
317130,263.33
317140,32.02
317160,15.83
317170,26.57
317180,23.89
317190,19.14
317200,174.91
317210,25.23
317220,24.9
320010,32.04
320016,22.76
320013,21.44
320020,38.93
320030,23.72
320035,34.41
320040,71.76
320050,39.09
320060,70.49
320070,52.62
320080,33.77
320090,47.82
320100,35.09
320110,111.62
320115,36.22
320120,238.34
320130,1361.85
320140,56.51
320150,86.07
320160,26.15
320170,34.45
320180,24.48
320190,27.63
320200,42.57
320210,10.04
320220,76.94
320225,35.34
320230,65.99
320240,209.68
320245,108.19
320250,62.44
320255,26.98
320260,68.3
320265,72.53
320270,26.52
320280,61.63
320290,35.29
320300,63.34
320305,46.43
320310,75.18
320313,61.09
320316,23.95
320320,49.56
320330,47.86
320332,284.44
320334,58.35
320335,41.47
320340,30.16
320350,17.15
320360,10.25
320370,25.69
320380,47.26
320390,34.6
320400,28.14
320405,60.32
320410,27.73
320420,290.86
320425,22.08
320430,19.73
320435,29.65
320440,57.05
320450,17.06
320455,54.97
320460,33.97
320465,28.84
320470,87.67
320480,38.72
320490,55.74
320495,36.26
320500,934.93
320501,50.68
320503,51.6
320506,134.53
320510,251.08
320515,21.28
320517,30.32
320520,2325.13
320530,3675.89
330010,246.99
330015,124.26
330020,207.52
330022,113.34
330023,481.94
330025,189.34
330030,173.37
330040,336.99
330045,6565.65
330050,71.36
330060,61.95
330070,551.94
330080,61.79
330090,27.6
330100,126.05
330110,26.92
330093,52.9
330115,24.44
330120,58.6
330130,95.89
330095,80.09
330140,66.89
330150,188.45
330160,30.64
330170,1966.55
330180,105.33
330185,167.75
330187,545.0
330190,559.03
330200,482.19
330205,51.76
330210,53.87
330220,93.39
330225,129.74
330227,1279.67
330230,29.42
330240,210.93
330245,72.04
330250,630.82
330260,125.94
330270,444.62
330280,191.83
330285,4508.29
330290,88.31
330300,89.24
330310,39.61
330320,8378.54
330330,3835.12
330340,204.23
330350,1575.31
330360,290.83
330370,76.28
330380,46.66
330385,87.1
330390,384.76
330395,328.71
330400,57.93
330410,62.4
330411,387.86
330412,49.99
330414,1985.85
330415,34.65
330420,119.92
330430,131.89
330440,22.04
330450,19.41
330452,657.84
330455,5597.78
330460,12.77
330470,70.4
330480,37.49
330475,37.6
330490,4379.49
330500,79.34
330510,13414.53
330513,28.65
330515,98.87
330520,313.94
330530,23.52
330540,33.68
330550,252.2
330555,290.07
330560,23.22
330570,39.5
330575,235.8
330580,236.95
330590,18.02
330600,250.83
330610,58.65
330615,57.88
330620,68.56
330630,1496.1
350010,85.25
350020,16.88
350030,76.47
350040,57.22
350050,311.1
350055,14.89
350060,642.64
350070,38.52
350075,37.83
350080,35.19
350090,13.25
350100,17.41
350110,12.85
350115,222.27
350120,10.14
350130,71.72
350140,34.13
350150,37.99
350160,1796.75
350170,331.27
350180,23.58
350190,162.03
350200,15.31
350210,59.28
350220,24.54
350230,9.13
350240,12.84
350250,298.61
350260,23.44
350270,25.02
350275,152.82
350280,168.76
350290,133.67
350300,27.7
350310,22.23
350315,15.74
350320,235.1
350330,208.17
350335,6.77
350340,16.95
350350,12.73
350360,129.76
350370,72.61
350380,305.62
350390,932.18
350395,26.28
350400,226.77
350410,298.38
350420,35.0
350430,10.0
350440,40.3
350450,74.73
350460,161.24
350470,62.59
350480,60.21
350490,17.77
350500,22.65
350510,36.08
350520,79.41
350530,240.99
350535,14.11
350540,7.6
350550,77.99
350560,225.29
350570,4145.42
350580,121.9
350590,73.58
350600,564.37
350610,113.41
350620,9.89
350630,45.65
350635,129.07
350640,50.88
350650,232.87
350660,102.78
350670,21.6
350680,33.88
350690,17.95
350700,245.01
350710,236.4
350715,29.6
350720,7.07
350730,39.5
350740,29.06
350745,7.62
350750,98.81
350760,329.03
350770,29.11
350775,27.18
350780,89.22
350790,22.16
350800,16.62
350810,52.47
350820,16.82
350830,17.77
350840,191.06
350850,254.59
350860,115.72
350870,40.4
350880,19.31
350890,16.58
350900,1049.35
350910,10.64
350920,584.47
350925,62.82
350930,59.59
350940,39.64
350945,32.56
350950,1514.55
350960,1063.68
350970,179.29
350980,10.26
350990,10.09
350995,96.47
351000,52.46
351010,39.72
351015,91.14
351020,28.74
351030,121.88
351040,172.81
351050,250.39
351060,11585.81
351070,19.27
351080,35.15
351090,13.16
351100,19.71
351110,419.35
351120,52.59
351130,46.79
351140,39.3
351150,383.0
351160,95.13
351170,97.76
355720,66.02
351190,51.04
351200,43.7
351210,8.52
351220,153.45
351230,38.4
351240,178.28
351250,24.59
351260,15.4
351270,14.55
351280,467.17
351290,16.46
351300,771.3
351310,113.41
351320,22.4
351330,13.91
351340,269.02
351350,917.99
351360,15.31
351370,44.74
351380,13744.62
351385,20.29
351390,50.18
351400,59.63
351410,43.15
351420,27.0
351430,43.1
351440,95.88
351450,47.04
351460,88.7
351470,11.84
351480,9.37
351490,87.68
351492,38.85
351495,29.5
351500,3888.32
351510,447.8
351512,14.32
351515,188.95
351518,113.84
351519,24.94
355730,152.33
351520,28.4
351530,10.5
351535,16.29
351540,37.36
351560,33.88
351550,125.66
351565,17.03
351570,6492.75
351580,6.5
351590,14.28
351600,27.88
351610,11.86
351620,583.12
351630,3563.56
351640,1151.92
351650,20.04
351660,18.39
351670,79.89
351680,26.57
351685,19.65
351690,22.03
351700,16.81
351710,17.6
351720,45.03
351730,26.44
351740,32.41
351750,65.81
351760,42.02
351770,58.54
351780,14.61
351790,17.44
351800,23.38
351810,14.45
351820,34.44
351830,110.12
351840,161.87
351850,32.7
351860,148.38
351870,2242.82
351880,4320.87
351885,18.53
351890,20.9
351900,26.12
351905,227.66
351907,3693.44
351910,21.39
351920,19.59
351925,23.02
351930,120.77
351940,45.58
351950,33.96
351960,87.1
351970,74.59
351980,22.73
351990,13.7
352000,252.5
352010,64.99
352020,32.54
352030,15.6
352042,59.27
352044,40.67
352040,100.62
352050,808.15
352060,38.58
352070,13.94
352080,45.66
352090,71.41
352100,218.37
352110,39.71
352115,39.41
352120,3.66
352130,35.22
352140,210.52
352150,30.99
352160,38.59
352170,16.22
352180,24.41
352190,30.4
352200,16.69
352210,169.81
352215,18.18
352220,1168.96
352230,91.55
352240,51.67
352250,2860.17
352260,144.24
352265,10.43
352270,43.26
352280,29.84
352290,99.38
352300,16.28
352310,4468.85
352320,50.32
352330,63.67
352340,375.09
352350,21.12
352360,32.18
352370,40.34
352380,56.32
352390,271.46
352400,305.12
352410,59.3
352420,25.34
352430,109.34
352440,508.31
352450,48.56
352460,25.37
352470,405.5
352480,133.25
352490,35.83
352500,7062.58
352510,88.32
352520,144.69
352530,219.1
352540,22.25
352550,35.24
352560,10.89
352570,43.04
352580,37.25
352585,59.4
352590,970.95
352600,35.47
352610,22.89
352620,60.23
352630,19.16
352640,74.26
352650,22.28
352660,43.46
352670,256.63
352680,84.54
352690,526.87
352700,163.67
352710,136.81
352720,214.08
352725,20.12
352730,886.67
352740,69.09
352750,12.61
352760,24.98
352770,34.76
352780,29.67
352790,5.58
352800,76.21
352810,32.73
352820,11.28
352830,10.01
352840,224.91
352850,312.15
352860,42.99
352870,6.38
352880,26.22
352885,27.24
352890,21.97
352900,204.13
352910,27.14
352920,21.12
352930,158.46
352940,7714.59
352950,28.15
352960,16.73
352965,12.82
352970,27.04
352980,60.53
353000,14.23
352990,19.75
353010,32.18
353020,14.74
353030,246.03
353040,29.31
353050,80.58
353060,625.05
353070,187.01
353080,187.21
353090,26.13
353100,21.67
353110,398.96
353120,72.87
353130,145.74
353140,50.49
353150,72.15
353160,17.91
353180,248.55
353170,13.96
353190,23.75
353200,92.76
353205,20.8
353210,17.88
353215,10.98
353220,13.57
353230,7.99
353240,56.83
353250,40.9
353260,26.34
353270,37.83
353280,32.09
353282,25.31
353284,15.12
353286,6.91
353290,69.76
353300,40.42
353310,67.89
353320,14.93
353330,55.38
353340,815.37
353325,49.5
353350,44.06
353360,21.34
353370,14.28
353380,12.6
353390,68.24
353400,18.02
353410,29.8
353420,28.48
353430,150.9
353440,10906.48
353450,11.76
353460,132.37
353470,383.24
353480,31.99
353475,35.87
353490,41.94
353500,18.63
353510,161.64
353520,29.08
353530,40.56
353540,44.28
353550,45.71
353560,22.51
353570,41.41
353580,19.83
353590,29.03
353600,29.98
353610,30.66
353620,54.68
353625,25.57
353630,24.33
353640,19.72
353650,788.21
353657,7.14
353660,12.12
353670,64.04
353680,38.42
353690,9.59
353700,23.5
353710,438.69
353715,20.28
353720,16.9
353730,89.2
353740,26.22
353750,38.82
353760,219.28
353770,25.74
353780,74.11
353790,42.85
353800,230.62
353810,92.24
353820,98.41
353830,7.65
353850,77.6
353860,70.91
353870,293.51
353880,59.08
353890,30.93
353900,52.99
353910,173.7
353920,57.4
353930,105.08
353940,33.89
353950,92.23
353960,18.05
353970,10.87
353980,6882.22
353990,45.37
354000,28.08
354010,18.63
354020,140.21
354025,22.02
354030,11.85
354040,13.2
354050,37.35
354060,95.31
354070,229.27
354075,554.2
354080,50.71
354085,65.13
354090,128.31
354100,2203.23
354105,30.05
354110,14.26
354120,17.43
354130,35.1
354140,406.44
354150,52.22
354160,51.74
354165,18.5
354170,21.65
354180,14.57
354190,53.72
354200,20.77
354210,74.75
354220,18.71
354230,12.45
354240,76.43
354250,23.42
354260,77.96
354270,30.9
354280,9.95
354290,28.03
354300,23.58
354310,31.81
354320,22.29
354323,11.33
354325,23.02
354330,1249.55
354340,1079.87
354360,22.33
354370,34.19
354380,27.85
354390,413.92
354400,155.42
354410,1378.8
354420,19.76
354350,14.3
354425,22.4
354430,81.99
354440,13.2
354450,13.29
354460,17.98
354470,16.45
354480,20.52
354490,38.9
354500,40.33
354510,30.76
354515,83.08
354520,890.87
354530,161.93
354540,49.53
354550,9.45
354560,46.78
354570,22.03
354580,712.68
354600,53.73
354610,11.53
354620,29.99
354625,14.45
354630,116.34
354640,42.81
354650,41.65
354660,155.23
354670,274.45
354680,158.2
354690,57.24
354700,24.0
354710,17.61
354740,11.89
354750,36.54
354760,91.97
354765,19.46
354720,11.42
354730,775.54
354770,37.79
354780,4108.52
354790,22.33
354800,151.37
354805,6.44
354810,54.15
354820,51.21
354830,32.94
354840,37.35
354850,1541.72
354860,43.07
354870,2052.33
354880,10480.49
354890,221.56
354900,37.31
354910,176.62
354920,19.85
354925,10.76
354930,17.88
354940,126.37
354950,32.24
354960,7.26
354970,131.08
354980,1068.05
354990,656.45
354995,84.9
355000,17.31
355010,62.93
355020,35.4
355030,8043.2
355040,58.35
355050,10.48
355060,297.11
355070,222.23
355080,48.27
355090,24.82
355100,2456.24
355110,29.16
355120,25.69
355130,21.57
355140,51.8
355160,143.47
355150,359.29
355170,312.53
355180,12.18
355190,124.59
355200,15.19
355210,91.32
355220,1513.13
355230,13.05
355240,1845.96
355255,12.06
355250,1440.53
355260,35.9
355270,44.64
355280,14274.08
355290,10.35
355300,95.36
355310,59.03
355320,42.02
355330,41.31
355340,34.82
355350,10.34
355360,58.24
355365,52.16
355370,96.33
355380,51.78
355385,25.25
355390,37.95
355395,49.47
355400,232.61
355410,503.97
355420,15.3
355430,14.88
355440,42.29
355450,103.94
355460,13.51
355465,33.81
355470,32.22
355475,27.18
355480,246.57
355490,37.93
355495,54.41
355500,104.25
355510,63.16
355520,13.17
355530,11.67
355535,30.1
355540,127.75
355550,16.93
355560,40.04
355570,23.31
355580,43.62
355590,7.93
355600,42.65
355610,89.02
355620,872.26
355630,30.88
355635,73.8
355640,160.33
355645,1249.93
355650,3500.39
355660,43.71
355670,964.76
355680,86.8
355690,92.76
355695,37.03
355700,666.91
355710,222.93
355715,8.52
410010,32.6
410020,4.39
410030,48.75
410040,609.12
410045,5.02
412862,2.83
410060,36.23
410070,21.97
410050,33.34
410080,26.89
410090,16.26
410100,64.19
410105,27.29
410110,84.85
410115,27.62
410120,21.51
410130,15.83
410140,241.76
410150,322.84
410160,20.67
410165,14.08
410170,28.33
410180,306.59
410185,8.8
410190,34.33
410200,34.41
410210,60.05
410220,28.27
410230,37.08
410240,70.46
410250,21.48
410270,24.03
410260,59.82
410275,23.71
410280,63.44
410290,13.49
410300,13.35
410302,16.49
410304,10.27
410305,29.62
410310,15.66
410315,20.35
410320,21.79
410322,16.66
410330,19.71
410335,15.81
410337,9.11
410340,15.79
410345,66.69
410347,12.06
410350,60.43
410360,69.26
410370,215.36
410380,48.14
410390,17.83
410395,8.67
410400,80.32
410405,8.84
410410,26.18
410420,105.65
410425,106.39
410430,125.16
410440,9.94
410442,10.56
410445,22.82
410450,45.67
410460,57.23
410465,36.04
410470,31.72
410480,156.34
410490,28.24
410500,17.51
410510,29.12
410520,13.26
410530,9.97
410540,20.06
410550,101.79
410560,31.39
410570,23.5
410580,1234.93
410590,59.54
410600,16.45
410610,18.86
410620,62.15
410630,32.25
410640,75.33
410645,4.76
410650,30.29
410655,19.59
410680,12.65
410657,26.27
410660,26.86
410670,17.25
410685,9.45
410690,4441.12
410700,26.21
410715,16.99
410710,20.94
410712,9.55
410720,97.08
410725,20.83
410730,50.55
412863,7.14
410740,31.01
410750,29.95
410753,37.18
410752,12.25
410754,12.61
410755,10.68
410760,24.1
410765,858.87
410770,20.34
410773,13.89
410775,59.88
410785,19.32
410780,25.79
410790,42.81
410800,42.82
410810,32.38
410820,23.86
410830,418.54
410845,19.76
410832,18.78
410840,123.92
410850,12.81
410855,22.49
410860,51.2
410865,10.12
410870,17.88
410880,59.09
410890,13.32
410895,35.7
410900,20.11
410910,11.2
410920,25.99
410930,10.18
410940,58.24
410950,3.78
410960,27.96
410965,10.38
410970,34.94
410975,43.67
410980,183.24
410990,11.71
411000,26.69
411005,21.1
411007,39.58
411010,43.04
411020,11.87
411030,15.97
411040,36.35
411050,16.37
411060,21.49
411065,28.06
411070,60.76
411080,17.83
411090,23.46
411095,33.73
411100,31.74
411110,25.05
411120,47.1
411125,91.07
411130,22.23
411140,22.83
411150,74.12
411155,19.92
411160,33.72
411170,37.87
411180,65.35
411190,28.67
411200,23.99
411210,112.88
411220,15.63
411230,26.52
411240,57.06
411250,27.94
411260,10.36
411270,79.08
411275,33.99
411280,41.18
411290,10.26
411295,20.99
411300,33.26
411310,21.21
411320,23.0
411325,10.46
411330,47.72
411340,11.46
411342,20.84
411345,12.94
411350,31.95
411360,19.87
411370,344.61
411373,7.99
411375,24.06
411380,40.64
411390,18.85
411400,16.66
411410,77.61
411420,102.44
411430,70.86
411435,11.88
411440,15.84
411450,23.64
411460,70.78
411470,11.68
411480,74.64
411490,22.98
411500,30.45
411510,23.88
411520,868.65
411530,28.65
411535,19.74
411540,37.06
411545,8.62
411550,22.44
411560,28.05
411570,294.88
411573,8.29
411575,97.86
411580,140.53
411585,27.56
411590,9.98
411600,20.0
411605,32.99
411610,34.26
411620,23.96
411630,29.08
411640,21.58
411650,11.75
411660,26.61
411670,22.09
411680,9.54
411690,69.48
411695,24.2
411700,28.77
411705,10.09
411710,49.05
411720,42.58
411725,29.92
411721,59.21
411722,40.16
411727,10.35
411729,17.62
411730,9.11
411740,19.43
411745,20.46
411750,241.64
411760,32.53
411770,23.25
411780,16.11
411790,48.9
411800,67.61
411810,32.91
411820,187.42
411830,18.21
411840,73.51
411845,41.47
411850,153.74
411860,13.97
411870,19.92
411880,29.87
411885,15.03
411890,46.68
411900,30.8
411910,50.0
411915,2175.46
411925,28.02
411920,28.67
411930,16.18
411940,18.15
411950,497.88
411960,18.22
411965,26.16
411970,11.97
411980,38.99
411990,170.12
411995,136.51
412000,44.28
412010,25.98
412015,8.97
412020,11.76
412030,19.14
412033,24.47
412035,22.83
412040,34.07
412050,26.84
412060,22.63
412065,14.02
412070,66.1
412080,130.07
412085,35.1
412090,41.51
412100,13.34
412110,14.02
412120,42.61
412125,18.77
412130,22.71
412135,11.0
412140,47.88
412150,30.92
412160,16.0
412170,16.34
412175,9.6
412180,16.95
412190,34.77
412200,24.19
412210,18.01
412215,17.78
412217,10.71
412220,39.88
412230,56.64
412240,144.69
412250,13.27
412260,17.23
412265,12.89
412270,35.87
412280,18.91
412290,24.61
412300,47.28
412310,42.59
412320,30.25
412330,17.65
412340,43.57
412350,34.94
412360,11.53
412370,24.5
412380,45.64
412382,32.63
412385,11.35
412390,27.44
412395,15.31
412402,31.08
412405,90.46
412400,19.87
412410,63.75
412420,12.06
412430,12.69
412440,61.91
412450,17.72
412460,30.56
412470,13.56
412480,26.39
412490,19.23
412500,28.92
412510,20.99
412520,23.84
412530,17.62
412535,13.94
412540,15.53
412545,20.03
412550,341.64
412555,22.65
412560,34.46
412570,32.25
412575,19.13
412580,34.03
412590,9.23
412600,38.83
412610,26.17
412620,9.94
412625,935.75
412627,36.16
412630,13.45
412635,9.29
412640,11.89
412650,32.38
412660,75.59
412665,17.46
412667,31.34
412670,26.48
412680,27.4
412690,12.75
412700,13.7
412710,57.11
412720,53.28
412730,23.96
412740,21.83
412750,6.95
412760,25.09
412770,117.49
412780,13.39
412785,23.88
412788,13.12
412790,12.26
412795,26.13
412796,14.42
412800,32.2
412810,90.49
412820,79.86
412830,27.47
412840,47.58
412853,15.66
412855,26.05
412860,23.27
412865,16.54
412870,22.18
412850,48.79
412880,15.79
420005,10.88
420010,18.74
420020,52.45
420030,41.91
420040,5.44
420050,46.62
420055,31.48
420060,19.81
420070,13.71
420075,18.7
420080,24.67
420090,9.6
420100,12.12
420110,5.96
420120,37.16
420125,21.77
420127,32.27
420130,98.75
420140,224.5
420150,50.0
420160,37.63
420165,24.69
420170,71.05
420180,33.96
420190,27.44
420195,138.17
420205,97.68
420200,3040.69
420207,74.44
421280,232.88
420208,18.31
420209,17.94
420210,208.08
420213,11.85
420215,28.91
420220,30.01
420230,182.88
420240,687.14
420243,6.77
420250,5.07
420253,47.36
420257,31.55
420260,9.44
420245,585.45
420270,17.31
420280,158.06
420285,41.74
420287,7.21
420290,475.3
420300,80.04
420310,35.8
420315,5.23
420320,386.9
420330,24.14
420340,6.83
420350,17.81
420360,21.08
420370,80.84
420380,47.52
420325,1.89
420390,93.68
420395,467.82
420400,54.84
420410,25.91
420415,13.15
420417,7.5
420419,24.01
420420,352.98
420425,234.3
420430,93.62
420435,53.16
420440,42.62
420445,23.73
420455,19.64
420450,39.28
420460,913.25
420470,50.32
420475,35.99
420480,41.74
420490,28.89
420500,41.03
420510,22.9
420515,10.82
420517,30.46
420519,32.29
420520,21.29
420530,31.41
420535,26.95
420540,745.96
420543,25.21
420545,147.28
420550,66.71
420555,12.82
420560,23.57
420570,199.71
420580,36.19
420590,180.25
420600,124.04
420610,19.54
420620,68.29
420630,137.29
420640,30.52
420650,167.16
420660,51.32
420665,22.97
420670,104.25
420675,13.28
420680,20.52
420690,76.81
420700,191.82
420710,55.97
420720,18.69
420730,245.71
420740,50.84
420750,161.25
420757,25.67
420760,28.6
420765,44.45
420768,28.75
420770,30.73
420775,24.19
420780,31.86
420785,24.9
420790,18.98
420800,37.28
420810,16.73
420820,758.73
420830,1100.25
420840,60.23
420845,80.45
420850,74.45
420860,20.59
420870,24.29
420880,60.79
420890,333.65
420895,23.06
420900,129.62
420910,514.85
420915,12.32
420917,22.91
420920,32.81
420930,59.91
420940,103.96
420945,21.64
420950,87.67
420960,56.35
420970,12.87
420980,10.44
420985,24.07
420990,61.14
421000,49.44
421003,48.66
421005,6.82
421010,40.09
421020,12.05
421030,15.41
421040,115.03
421050,152.04
421055,17.34
421060,45.32
421070,5.83
421080,37.59
421085,6.87
421090,45.4
421100,58.42
421105,50.92
421110,14.73
421120,214.58
421125,11.28
421130,730.97
421140,77.93
421145,31.48
421150,36.18
421160,51.67
421165,16.1
421170,41.67
421175,22.14
421180,34.3
421185,11.71
421187,17.55
421189,3.19
421190,434.93
421200,22.37
421205,8.99
421210,46.11
421220,25.43
421223,19.24
421225,92.68
421227,6.75
421230,16.64
421240,23.14
421250,524.98
421260,28.91
421270,19.39
421290,158.33
421300,54.1
421310,26.45
421315,45.82
421320,154.92
421330,8.26
421335,8.51
421340,20.55
421350,223.18
421360,41.58
421370,48.55
421380,26.27
421390,23.99
421400,59.09
421410,10.18
421415,33.92
421420,35.4
421430,10.05
421440,19.56
421450,11.73
421460,30.49
421480,275.0
421470,21.01
421490,15.27
421500,46.57
421505,8.79
421507,24.16
421510,90.15
421520,21.39
421530,42.62
421535,24.15
421540,44.92
421545,152.65
421550,14.69
421555,27.45
421560,10.55
421565,55.19
421567,12.27
421568,20.4
421569,17.13
421570,67.38
421580,170.52
421575,16.11
421590,6.15
421600,70.95
421605,15.9
421610,24.62
421620,106.95
421630,169.55
421635,24.57
421625,38.99
421640,39.94
421650,14.29
421660,1631.54
421670,49.46
421680,8.77
421690,66.55
421700,124.66
421710,14.16
421715,25.31
421720,172.71
421725,41.7
421730,47.41
421740,148.82
421750,56.12
421755,36.08
421760,53.32
421770,212.77
421775,21.84
421780,26.54
421790,22.29
421795,28.43
421800,138.55
421810,16.03
421820,347.65
421825,13.2
421830,44.0
421835,24.92
421840,43.96
421850,42.33
421860,67.69
421870,351.89
421875,34.18
421880,55.19
421885,26.48
421890,11.02
421895,6.98
421900,88.44
421910,21.47
421915,7.07
421917,15.04
421920,18.69
421930,140.44
421935,13.4
421940,26.29
421950,135.03
421960,18.29
421970,97.4
421985,17.69
430003,3.16
430005,12.84
430010,30.7
430020,21.73
430030,18.9
430040,9.43
430045,20.06
430047,7.4
430050,19.04
430055,14.31
430057,38.25
430060,2949.12
430063,13.88
430064,79.25
430066,4.11
430070,24.62
430080,37.54
430085,6.9
430087,161.46
430090,18.27
430100,131.71
430107,23.62
430105,83.24
430120,42.02
430110,33.22
430130,7.28
430140,38.37
430150,19.17
430155,22.45
430160,29.58
430163,135.58
430165,49.57
430170,25.46
430175,17.16
430185,50.29
430187,3.99
430190,18.51
430192,11.49
430195,42.29
430180,10.22
430200,17.26
430205,15.06
430210,315.36
430215,10.77
430220,61.73
430222,3.52
430223,5.17
430225,29.5
430230,4.32
430235,158.81
430237,21.88
430240,120.48
430245,29.06
430250,3.9
430258,10.56
430260,25.99
430265,47.54
430270,27.84
430280,11.03
430290,5.3
430300,22.01
430310,2959.99
430320,24.84
430330,18.66
430340,25.06
430350,39.45
430355,19.79
430360,5.3
430367,6.3
430370,24.25
430380,19.75
430390,1102.5
430400,20.19
430410,14.65
430420,33.23
430430,25.17
430435,10.26
430440,177.32
430450,15.9
430460,2643.97
430461,20.95
430462,3.14
430463,546.33
430465,3.62
430466,32.28
430468,64.98
430469,37.27
430467,11.29
430471,28.1
430470,93.39
430480,130.46
430485,16.56
430490,33.23
430495,13.58
430500,15.04
430510,310.71
430511,21.52
430512,13.48
430513,29.55
430515,31.47
430517,37.68
430520,79.54
430530,13.55
430535,188.39
430537,16.55
430540,9.47
430543,33.1
430544,24.68
430545,66.1
430550,17.33
430558,41.77
430560,11.13
430570,14.52
430580,48.82
430585,8.37
430587,15.46
430590,14.88
430593,15.44
430595,22.35
430597,6.52
430600,37.13
430605,11.75
430607,29.14
430610,44.33
430613,10.98
430620,79.38
430630,27.1
430632,7.76
430635,11.19
430637,5.02
430640,501.43
430642,8.98
430645,25.49
430650,11.37
430660,7.41
430655,32.42
430670,26.59
430673,18.0
430675,18.29
430676,80.99
430680,163.16
430690,7.73
430692,14.52
430695,23.25
430693,15.34
430697,19.53
430700,245.81
430705,13.25
430720,16.99
430730,18.99
430740,3.95
430745,19.72
430750,19.91
430755,59.42
430760,959.25
430770,3006.29
430780,185.23
430783,5.71
430786,20.34
430790,200.7
430800,39.3
430805,16.15
430807,53.46
430810,142.04
430820,112.43
430825,10.49
430830,17.66
430840,11.45
430843,25.78
430845,6.64
430850,118.17
430860,207.22
430870,27.09
430880,16.44
430885,8.88
430890,56.57
430900,18.7
430905,25.02
430910,152.35
430912,15.85
430915,19.88
430920,607.38
430925,10.13
430930,260.36
430940,86.43
430950,25.95
430955,108.71
430710,3.88
430957,25.52
430960,83.14
430965,8.23
430970,35.4
430975,22.82
430980,13.5
430990,24.15
430995,13.07
431000,33.5
431010,271.59
431020,121.13
431030,35.01
431033,578.75
431036,42.53
431040,17.25
431041,19.51
431043,11.08
431046,11.96
431050,39.75
431053,31.79
431055,3.09
431057,11.36
431060,11.05
431065,11.69
431070,15.66
431075,15.54
431080,384.68
431085,29.75
431087,7.95
431090,19.86
431100,12.99
431110,16.11
431112,4.09
431113,4.09
431115,6.93
431120,10.0
431123,26.76
431127,11.61
431130,22.01
431125,16.82
431140,932.58
431142,37.74
431150,2.88
431160,21.25
431162,183.5
431164,26.89
431171,2.73
431170,16.28
431173,18.86
431175,5.25
431177,10.8
431179,33.15
431180,68.01
431190,19.17
431198,11.5
431200,20.49
431205,32.03
431210,15.46
431213,10.66
431215,98.36
431217,14.38
431220,20.99
431225,19.03
431230,37.77
431235,17.7
431237,5.87
431238,37.27
431240,153.92
431242,21.11
431244,17.83
431245,26.85
431247,73.11
431250,6.46
431260,44.67
431261,2.64
431262,17.03
431265,48.73
431267,10.79
431270,24.92
431275,24.27
431280,64.0
431290,46.86
431295,18.84
431300,32.39
431301,27.58
431303,28.02
431306,345.52
431308,24.73
431310,20.77
431320,73.3
431330,105.34
431333,8.8
431335,24.75
431337,134.48
431349,33.69
431339,21.82
431340,1102.43
431342,15.2
431346,21.33
431350,69.31
431360,21.01
431365,11.92
431370,23.46
431380,48.99
431390,88.96
431395,10.91
431400,63.59
431402,22.53
431403,66.84
431405,536.35
431406,18.72
431407,24.65
431410,259.47
431413,15.46
431415,49.38
431420,12.7
431430,9.35
431440,212.66
431442,67.44
431445,37.81
431446,4.44
431447,9.12
431449,46.24
431450,5.45
431455,7.9
431460,5.84
431470,43.76
431475,32.24
431477,7.72
431478,15.49
431480,231.9
431490,2987.35
431500,18.71
431505,22.49
431507,11.97
431510,36.53
431513,15.38
431514,58.69
431515,24.4
431517,11.27
431520,19.11
431530,7.21
431531,6.9
431532,5.13
431535,16.97
431540,38.16
431545,16.93
431550,16.51
431555,11.61
431560,77.88
431570,18.67
431575,19.42
431580,54.61
431590,70.52
431595,7.87
431600,72.21
431610,25.28
431620,20.34
431630,19.75
431640,9.02
431642,33.34
431643,11.96
431645,24.53
431647,29.06
431650,78.13
431660,32.25
431710,11.08
431670,8.19
431673,8.22
431675,76.21
431680,177.82
431697,2.68
431690,157.78
431695,45.35
431720,149.56
431725,23.88
431730,5.66
431700,5.7
431740,20.48
431750,114.02
431760,40.86
431770,5.95
431755,16.88
431775,9.92
431780,29.66
431790,38.86
431795,18.48
431800,16.67
431805,38.94
431810,7.31
431820,6.63
431830,12.36
431840,25.9
431842,27.21
431843,29.96
431844,23.92
431845,25.87
431846,19.12
431848,74.93
431849,26.64
431850,24.66
431860,20.71
431861,40.79
431862,3.0
431870,2305.21
431880,21.4
431890,25.83
431900,84.12
431910,31.61
431912,4.83
431915,6.24
431920,10.85
431930,25.86
431935,107.41
431936,25.12
431937,27.38
431940,18.54
431950,230.49
431960,10.73
431970,21.4
431971,24.31
431973,25.26
431975,69.9
431980,7.42
431990,590.93
432000,2419.44
432010,69.3
432020,35.66
432023,24.37
432026,29.99
432030,28.71
432032,18.88
432035,19.79
432040,107.19
432045,19.69
432050,12.32
432055,25.75
432057,15.15
432060,21.82
432065,20.13
432067,19.94
432070,114.79
432080,25.55
432085,49.8
432090,100.97
432100,58.91
432110,21.46
432120,125.51
432130,76.76
432132,39.97
432135,9.07
432140,39.89
432143,79.03
432145,186.04
432146,26.52
432147,24.33
432149,13.82
432150,241.78
432160,358.12
432162,28.8
432163,17.96
432166,44.03
432170,152.1
432180,56.62
432183,12.41
432185,23.65
432190,89.07
432195,21.62
432200,36.07
432210,31.4
432215,20.95
432218,10.89
432220,10.63
432225,81.54
432230,25.65
432232,13.55
432234,15.9
432235,8.81
432237,3.88
432240,22.21
432250,31.18
432253,35.89
432254,131.15
432252,10.61
432255,32.57
432260,92.54
432270,86.76
432280,90.69
432285,15.94
432290,17.72
432300,170.49
432310,23.94
432320,12.1
432330,31.37
432335,13.74
432340,24.02
432345,8.43
432350,35.53
432360,13.08
432370,32.14
432375,12.07
432377,47.1
432380,270.37
500020,1.41
500025,1.21
500060,9.37
500070,8.52
500080,2.66
500085,8.47
500090,7.82
500100,9.36
500110,2.82
500124,7.34
500150,2.18
500190,9.53
500200,6.2
500210,5.03
500215,3.14
500220,4.45
500230,2.04
500240,14.44
500260,2.2
500270,110.71
500280,2.08
500290,6.01
500295,6.55
500310,2.25
500315,14.88
500320,1.72
500325,3.88
500330,5.23
500345,15.55
500348,4.86
500350,21.1
500370,54.56
500375,12.14
500380,60.89
500390,0.62
500400,20.26
500410,8.17
500430,5.46
500440,1.32
500450,18.79
500460,10.24
500470,11.53
500480,21.72
500490,2.47
500500,11.85
500510,2.09
500515,4.24
500520,68.47
500525,4.23
500540,8.88
500560,5.11
500568,38.44
500570,17.18
500580,3.55
500600,5.44
500620,11.38
500625,4.49
500630,7.8
500635,10.87
500640,2.1
500660,17.36
500690,0.97
500710,1.42
500720,9.41
500730,2.67
500740,2.42
500750,3.52
500755,1.28
500769,6.93
500780,2.0
500770,12.94
500790,10.91
500793,4.73
500795,6.47
500797,3.45
500800,7.67
500830,11.89
500840,19.67
510010,6.42
510020,3.41
510025,5.62
510030,3.45
510035,3.04
510040,3.21
510050,6.15
510060,7.66
510080,0.5
510100,0.48
510120,1.36
510125,10.51
510130,23.07
510140,0.91
510160,0.75
510170,5.83
510180,6.72
510185,1.54
510190,1.23
510250,3.88
510260,2.74
510263,3.75
510267,9.21
510268,1.01
510269,1.37
510270,1.99
510279,4.78
510285,2.36
510300,3.3
510305,3.16
510310,0.34
510320,10.81
510325,1.38
510330,0.95
510335,5.33
510336,1.51
510337,2.09
510340,182.16
510343,14.51
510345,7.24
510350,2.68
510360,3.71
510370,1.24
510380,3.88
510385,0.45
510390,1.46
510395,3.54
510410,7.56
510420,2.99
510450,4.56
510452,2.21
510454,2.32
510455,0.84
510460,1.53
510480,16.8
510490,6.71
510500,6.75
510510,1.54
510515,1.55
510517,4.92
510520,5.09
510523,3.47
510525,17.89
510530,0.49
510558,0.85
510560,3.16
510562,25.77
510590,3.94
510600,4.44
510610,2.39
510615,1.59
510620,1.17
510621,2.14
510880,4.06
510618,1.4
510885,1.69
510890,0.75
510895,1.75
510622,4.75
510617,0.95
510623,13.1
510619,1.69
510624,0.94
510625,3.77
510627,4.55
510626,1.59
510631,0.6
510628,1.01
510629,2.34
510630,0.93
510637,4.29
510642,2.45
510645,1.08
510650,1.9
510665,2.45
510670,2.3
510675,5.31
510677,3.15
510680,0.77
510682,2.07
510685,1.44
510700,2.35
510704,11.33
510706,0.98
510715,2.04
510718,0.9
510719,3.84
510720,9.16
510757,0.32
510760,55.9
510770,2.24
510775,1.92
510724,1.17
510774,0.45
510776,0.73
510777,1.29
510726,2.68
510779,1.44
510780,1.41
510785,0.7
510729,9.15
510730,4.56
510735,0.75
510710,14.67
510740,13.78
510787,1.9
510788,1.1
510790,36.27
510792,9.68
510794,1.14
510795,9.11
510800,3.04
510805,3.56
510810,0.91
510820,1.5
510830,0.77
510835,1.62
510840,320.91
510850,3.82
510550,1.2
510860,3.5
520005,59.77
520010,19.18
520013,14.28
520015,21.81
520017,2.83
520020,4.09
520025,1127.7
520030,32.61
520050,19.53
520055,12.73
520060,2.94
520080,6.88
520082,2.84
520085,45.75
520090,7.65
520110,414.64
520120,20.18
520130,22.31
520140,2005.18
520145,4.11
520150,1.45
520160,23.65
520170,30.35
520180,46.95
520215,3.54
520235,2.43
520250,3.24
520260,5.52
520280,13.92
520310,2.88
520320,10.21
520330,23.88
520340,4.65
520350,17.95
520355,79.37
520357,2.7
520360,30.09
520380,3.96
520390,10.56
520393,12.48
520396,13.33
520400,7.09
520410,7.55
520420,3.2
520425,15.48
520430,7.11
520440,2.19
520450,57.12
520455,15.16
520460,13.26
520465,1.84
520470,11.83
520480,3.08
520485,48.82
520490,27.47
520495,4.85
520500,24.09
520505,11.55
520510,28.48
520520,24.46
520530,1.4
520540,103.54
520545,20.7
520547,4.65
520549,183.05
520551,11.31
520552,1.98
520570,5.03
520580,10.46
520590,5.16
520620,9.57
520630,13.16
520640,3.64
520650,9.57
520660,5.0
520670,7.97
520680,34.77
520690,4.35
520710,3.61
520830,5.78
520725,2.27
520735,6.13
520740,8.47
520750,10.86
520753,3.41
520760,4.4
520780,31.38
520790,4.46
520800,20.93
520810,5.03
520815,6.45
520840,69.14
520850,9.92
520860,45.3
520870,2068.93
520880,211.87
520890,7.29
520910,13.78
520915,7.16
520920,27.49
520929,9.72
520940,3.17
520945,3.01
520960,16.22
520970,23.0
520980,6.14
520990,9.0
520993,9.0
520995,16.32
521000,86.21
521010,6.18
521015,11.99
521020,30.72
521030,4.85
521040,29.44
521056,31.89
521060,21.85
521080,2.17
521090,24.04
521100,2.45
521120,20.19
521130,2.09
521140,23.29
521150,42.53
521160,1.88
521170,7.0
521180,27.31
521190,14.06
521200,5.46
521205,20.33
521210,16.58
521220,4.52
521225,3.46
521230,15.9
521250,52.59
521260,5.07
521270,10.09
521280,5.63
521290,10.05
521295,3.78
521300,36.13
521305,1.87
521308,10.16
521310,7.37
521340,3.32
521350,2.76
521370,2.78
521375,7.15
521377,3.36
521380,16.21
521385,7.95
521390,6.27
521400,9.03
521405,2.28
521410,3.95
521440,33.97
521450,146.17
521460,4.71
521470,11.09
521480,7.3
521483,1.76
521486,19.77
521487,4.66
521490,1.53
521500,79.86
521520,4.48
521523,595.99
521525,3.62
521530,7.91
521540,18.01
521550,16.11
521560,10.78
521565,2.62
521570,18.74
521580,40.38
521590,9.25
521600,6.03
521630,8.72
521640,2.91
521645,3.04
521680,19.35
521690,2.48
521710,10.2
521720,5.07
521730,11.3
521740,29.31
521760,35.43
521770,12.4
521800,9.42
521805,6.43
521810,7.21
521830,18.23
521839,9.28
521850,13.22
521860,40.67
521870,30.15
521878,17.55
521880,28.12
521890,26.57
521900,15.37
521910,46.99
521920,2.57
521925,4.67
521930,33.86
521935,4.72
521940,6.43
521945,3.5
521950,14.13
521960,4.22
521970,7.27
521971,10.68
521973,47.31
521975,79.17
521980,3.93
521990,15.07
522000,4.13
522005,4.8
522010,40.94
522015,8.82
522020,3.58
522026,7.54
522028,11.84
522040,49.87
522045,470.36
522050,1.55
522060,8.82
522068,19.7
522070,1.87
522100,17.28
522108,4.46
522119,75.23
522130,10.04
522140,179.54
522145,4.38
522150,9.56
522155,5.65
522157,2.47
522160,18.92
522170,26.49
522180,4.9
522185,2783.44
522190,7.37
522200,14.53
522205,11.86
522220,5.82
522230,2.67
530010,520.97
