PIB,codigo
21600.73,110001
23908.38,110002
26347.78,110003
26483.95,110004
31051.55,110005
21083.7,110006
47253.06,110007
13025.4,110008
19298.21,110009
19337.36,110010
28988.7,110011
29332.41,110012
15828.73,110013
17560.03,110014
23148.83,110015
31747.87,110018
33825.46,110020
22529.85,110025
29496.09,110026
23310.58,110028
21957.13,110029
28353.15,110030
26768.26,110032
17305.73,110033
18065.91,110034
21802.07,110037
16728.75,110040
18309.15,110045
19414.09,110050
23184.1,110060
19423.4,110070
20526.69,110080
34063.78,110090
27254.46,110092
15263.84,110094
22907.39,110100
17595.57,110110
22402.58,110120
19826.97,110130
18405.76,110140
16834.09,110143
17662.61,110145
53712.92,110146
21653.12,110147
17252.6,110148
17430.53,110149
19931.84,110150
21431.82,110155
18336.7,110160
18782.66,110170
14886.27,110175
21474.56,110180
16623.6,120001
12546.06,120005
17307.35,120010
15357.06,120013
13058.02,120017
16298.3,120020
22984.25,120025
10263.53,120030
9917.53,120032
10847.1,120033
13908.96,120034
10348.08,120035
13407.1,120038
9918.76,120039
22448.3,120040
10118.01,120042
11498.11,120043
15696.56,120045
11783.19,120050
11362.96,120060
14236.46,120070
12294.58,120080
12221.58,130002
8276.87,130006
8948.45,130008
9497.56,130010
10337.08,130014
7578.72,130020
9679.17,130030
6920.09,130040
8724.81,130050
8162.05,130060
8454.37,130063
7756.75,130068
12490.68,130070
7947.15,130080
12934.97,130083
8053.42,130090
11940.27,130100
8688.0,130110
10393.08,130115
25997.01,130120
17620.6,130130
13659.2,130140
8614.45,130150
10625.87,130160
7951.37,130165
12680.12,130170
5843.2,130180
13752.69,130185
20077.08,130190
13029.89,130195
14162.35,130200
23277.54,130210
7918.6,130220
15908.16,130230
10994.24,130240
14902.39,130250
8174.55,130255
38880.73,130260
9740.64,130270
7609.64,130280
8476.64,130290
7893.03,130300
7391.99,130310
8664.53,130320
8263.52,130330
10300.48,130340
8566.43,130350
26395.42,130353
12417.89,130356
6063.41,130360
8768.8,130370
7846.88,130380
7220.56,130390
8742.49,130395
12465.61,130400
9365.33,130406
11309.44,130410
17092.46,130420
7871.99,130423
14635.2,130426
18695.49,130430
7978.21,130440
14656.62,140002
20335.17,140005
26482.05,140010
27231.41,140015
15982.59,140017
17238.65,140020
19607.6,140023
13579.84,140028
17885.01,140030
15837.16,140040
14885.59,140045
20258.48,140047
25512.88,140050
18485.82,140060
11522.07,140070
9480.05,150010
11456.64,150013
13625.95,150020
9446.15,150030
15843.51,150034
10064.02,150040
15974.52,150050
24250.13,150060
7326.86,150070
15389.79,150080
14926.79,150085
7097.33,150090
7071.37,150095
7543.26,150100
6647.26,150110
10006.49,150120
24708.36,150125
43064.73,150130
21708.55,150140
9265.43,150145
24874.67,150150
10283.07,150157
9839.24,150160
9122.72,150170
18362.96,150172
11088.75,150175
9114.67,150178
7880.38,150180
14228.93,150190
5412.08,150195
8157.47,150200
8346.73,150210
288812.06,150215
16043.6,150220
12508.81,150230
20123.38,150240
8236.88,150250
7054.21,150260
11471.63,150270
8807.42,150275
21315.6,150276
52681.68,150277
7391.8,150280
9038.65,150285
7261.11,150290
10538.09,150293
12301.0,150295
8110.59,150300
13459.86,150304
8638.54,150307
8601.0,150309
8148.07,150310
8944.66,150320
8321.28,150330
10258.61,150340
9024.66,150345
6794.53,150350
20214.09,150360
10921.94,150370
63853.08,150375
8275.15,150380
20834.45,150390
14676.38,150400
9729.3,150405
8692.56,150410
40872.35,150420
7774.15,150430
7532.32,150440
14695.07,150442
20744.58,150445
6548.45,150450
12215.58,150460
9974.64,150470
10662.05,150475
10765.7,150480
6425.83,150490
9787.17,150495
9522.49,150497
7564.44,150500
27175.33,150503
10977.74,150506
18778.79,150510
11188.83,150520
28564.09,150530
10416.82,150540
19359.29,150543
14223.2,150548
9551.41,150549
27716.65,150550
110604.1,150553
16275.22,150555
6676.47,150560
16358.07,150563
8367.13,150565
7150.48,150570
12703.78,150580
7842.34,150590
9834.46,150600
21933.59,150610
7366.12,150611
22028.88,150613
27248.99,150616
10212.79,150618
7450.48,150619
13083.92,150620
7605.36,150630
8605.28,150635
7094.0,150640
11252.79,150650
8113.58,150655
23286.22,150658
11731.98,150660
14228.2,150670
16829.8,150680
6758.47,150690
12258.39,150700
8075.4,150710
11161.66,150715
10841.76,150720
11288.26,150730
15166.4,150740
20998.28,150745
7595.37,150746
7357.27,150747
9575.25,150750
10710.55,150760
7698.46,150770
17928.79,150775
14017.34,150780
7798.94,150790
8945.48,150795
6109.71,150796
24756.49,150797
11241.11,150800
7509.75,150803
15103.0,150805
20904.79,150808
46791.4,150810
26868.93,150812
13431.86,150815
7235.93,150820
7998.89,150830
267676.58,150835
28917.29,150840
13501.73,160005
17181.22,160010
20194.3,160015
14703.92,160020
13711.69,160021
63545.77,160023
13616.72,160025
19249.72,160027
22718.28,160030
13412.35,160040
16891.97,160050
15395.73,160053
13995.83,160055
17515.37,160060
13380.58,160070
12303.06,160080
20911.8,170025
24191.06,170030
20285.98,170035
24366.85,170040
39825.35,170070
15545.97,170100
11328.47,170105
26500.46,170110
11788.93,170130
20257.9,170190
52770.73,170200
26101.59,170210
12183.89,170215
12484.23,170220
26957.92,170230
19777.41,170240
15236.49,170255
12477.89,170270
13657.91,170290
10525.09,170300
29027.0,170305
12597.53,170307
16984.96,170310
16924.62,170320
25187.47,170330
19845.66,170360
30936.09,170370
9534.31,170380
12981.14,170382
33015.92,170384
83212.92,170386
16063.13,170388
10579.99,170389
31356.48,170390
14622.91,170410
17142.48,170460
20639.26,170510
22549.37,170550
15205.38,170555
14127.82,170560
17436.75,170600
17102.92,170610
28119.22,170625
37455.65,170650
20150.21,170700
17772.88,170710
15023.51,170720
27107.03,170730
8965.48,170740
20412.57,170755
34890.28,170765
12580.49,170770
19837.66,170820
77283.75,170825
15817.3,170830
12115.0,170900
26912.22,170930
26843.66,170950
16418.5,170980
14658.87,171050
11699.77,171070
19694.05,171090
19167.4,171110
16627.08,171150
13953.19,171180
39480.12,171190
10585.05,171195
21804.92,171200
13388.6,171215
10371.32,171240
14690.67,171245
28377.83,171250
69267.93,171270
12238.93,171280
33674.91,171320
21291.07,171330
23266.79,171360
16725.62,171370
11086.33,171380
13388.33,171395
16937.14,171420
12476.52,171430
26406.72,171488
13278.29,171500
14203.52,171510
12580.15,171515
11326.95,171525
18703.62,171550
14709.62,171570
16310.52,171575
27108.5,171610
23264.74,171620
14509.94,171630
35213.35,171650
64184.32,171660
14356.63,171665
18508.36,171670
13128.89,171700
18802.31,171720
25681.11,171750
11586.25,171780
11610.39,171790
11101.94,171800
35249.55,171820
9595.44,171830
14242.64,171840
23607.48,171845
11114.33,171850
11170.88,171855
10876.26,171865
19326.53,171870
12187.07,171875
9454.13,171880
23243.14,171884
16581.01,171886
16910.71,171888
51117.48,171889
30001.44,171890
12594.54,171900
12939.88,172000
10739.14,172010
14673.39,172015
18256.22,172020
11806.21,172025
10478.91,172030
23925.77,172049
32152.54,172065
11686.3,172080
31455.32,172085
14186.27,172090
12970.39,172093
32059.45,172097
34933.66,172100
17105.94,172110
14228.7,172120
28500.85,172125
11787.02,172130
11541.82,172208
24357.58,172210
20961.74,210005
7075.68,210010
6892.72,210015
5690.89,210020
7522.87,210030
7232.84,210040
9711.43,210043
6457.08,210047
30305.5,210050
7466.22,210055
7408.64,210060
6390.9,210070
7698.06,210080
6830.98,210083
5162.19,210087
5818.86,210090
7236.34,210095
8464.56,210100
6488.18,210110
11978.0,210120
14859.58,210125
6143.4,210130
6322.45,210135
36836.83,210140
10824.92,210150
8072.67,210160
7714.75,210170
6339.69,210173
7358.75,210177
7570.92,210180
5776.96,210190
8485.59,210193
6428.29,210197
7644.71,210200
8183.84,210203
5758.79,210207
7016.68,210210
6403.4,210215
6693.29,210220
7254.13,210230
7574.26,210232
6234.83,210235
5939.45,210237
5336.66,210240
5655.55,210250
13748.25,210255
6732.44,210260
5946.09,210270
15183.45,210275
14525.44,210280
7006.72,210290
11003.75,210300
6451.07,210310
5414.99,210312
6412.43,210315
6389.81,210317
9262.97,210320
9867.16,210325
8425.12,210330
7359.25,210340
9810.08,210350
7592.17,210355
6805.57,210360
7054.86,210370
33784.18,210375
10075.28,210380
6695.67,210390
8331.04,210400
22463.64,210405
9590.97,210407
6663.98,210408
7631.71,210409
12722.57,210410
7149.9,210420
34589.36,210430
7096.76,210440
6286.71,210450
14545.11,210455
6104.35,210460
6767.81,210462
6599.35,210465
8630.45,210467
6564.82,210470
10644.86,210480
6877.5,210490
5627.48,210500
5987.66,210510
13967.1,210515
8254.54,210520
28830.95,210530
5456.02,210535
8113.88,210540
12635.63,210542
6587.5,210545
5920.23,210547
9070.72,210550
5277.69,210560
12709.49,210565
8256.79,210570
6479.43,210580
7184.71,210590
6614.74,210592
8441.63,210594
6775.46,210596
9808.65,210598
12468.56,210600
15924.27,210610
6646.02,210620
5972.66,210630
8055.17,210632
7849.74,210635
6300.07,210637
8651.35,210640
7090.63,210650
5766.3,210660
4482.85,210663
5900.17,210667
8633.36,210670
16991.46,210675
6366.33,210680
7022.2,210690
6865.97,210700
6963.23,210710
5330.22,210720
10528.41,210725
8204.45,210730
6752.8,210735
7628.28,210740
6064.34,210745
8120.75,210750
6349.59,210760
7741.96,210770
6748.63,210780
8117.54,210790
10190.01,210800
6535.14,210805
7726.97,210810
14869.16,210820
5844.13,210825
5650.61,210830
5416.39,210840
8766.94,210845
8200.56,210850
10756.45,210860
6566.47,210870
6239.66,210880
8541.35,210890
21679.84,210900
7478.59,210905
12249.71,210910
6454.93,210920
6882.25,210923
6827.44,210927
6131.25,210930
4676.32,210940
8147.46,210945
16609.84,210950
12107.01,210955
8699.48,210960
33019.66,210970
6580.85,210975
6389.39,210980
13991.26,210990
7738.39,211000
8313.66,211003
7149.89,211010
7432.85,211020
5004.8,211023
4987.25,211027
128357.72,211030
6779.31,211040
5998.04,211050
9958.72,211060
23574.65,211065
8485.76,211070
9701.06,211080
8445.75,211085
6242.68,211090
5959.29,211100
5931.37,211102
10771.65,211105
5890.52,211107
10553.93,211110
12007.36,211120
6994.82,211125
29135.32,211130
7414.26,211140
7748.17,211150
8413.46,211153
11378.61,211157
27249.41,211160
6911.24,211163
6098.4,211167
5953.99,211170
5599.73,211172
7975.33,211174
10238.41,211176
5225.08,211178
9270.75,211180
7495.94,211190
7313.22,211195
141680.46,211200
5856.67,211210
11229.91,211220
15127.53,211223
8462.82,211227
7774.69,211230
6771.22,211240
6345.97,211245
7040.53,211250
5934.05,211260
6073.74,211270
7755.36,211280
8789.23,211285
7447.39,211290
8042.76,211300
8565.7,211400
7816.06,220005
7950.03,220010
12438.8,220020
7714.63,220025
8601.13,220027
7536.66,220030
11243.64,220040
11538.11,220045
8861.46,220050
10139.15,220060
8313.93,220070
27303.86,220080
8545.52,220090
8824.81,220095
8346.6,220100
7079.56,220105
7447.59,220110
74544.93,220115
9338.95,220117
9344.35,220120
8675.38,220130
10965.54,220140
7730.17,220150
9573.07,220155
9389.01,220157
7882.27,220160
11105.48,220170
8457.48,220173
7921.8,220177
10398.82,220180
33342.98,220190
9376.29,220191
7772.89,220192
7275.24,220194
7075.52,220196
9037.71,220198
9281.82,220200
7496.29,220202
6784.71,220205
7857.31,220207
12114.5,220208
15004.62,220209
8372.9,220210
8383.38,220211
8865.2,220213
6746.84,220217
13552.06,220220
8743.14,220225
11073.05,220230
8230.12,220240
8492.0,220245
7795.17,220250
7614.72,220253
8202.6,220255
9052.92,220260
8767.77,220265
8471.41,220270
8618.06,220271
8340.17,220272
8431.51,220273
9378.88,220275
7577.2,220277
10583.31,220280
8360.11,220285
16912.12,220290
7836.91,220300
10657.6,220310
9752.95,220320
40339.08,220323
7114.35,220325
10985.15,220327
13669.2,220330
8017.53,220335
11211.63,220340
8189.16,220342
6911.31,220345
10353.77,220350
10231.59,220360
10258.86,220370
6203.67,220375
8989.33,220380
8628.52,220385
20013.4,220390
7453.53,220400
8841.0,220410
10121.09,220415
8308.9,220420
9586.47,220430
9185.37,220435
24188.15,220440
55678.32,220450
7654.19,220455
7773.1,220460
8092.28,220465
9301.2,220470
7684.86,220480
7873.83,220490
8508.08,220500
10608.92,220510
9239.15,220515
9234.39,220520
6968.7,220525
9263.19,220527
11487.29,220530
18335.32,220535
7264.16,220540
7600.64,220545
9437.4,220550
9046.29,220551
10952.73,220552
8577.15,220553
8691.55,220554
7852.75,220555
95769.24,220556
7458.66,220557
13414.0,220558
8379.77,220559
14571.05,220560
10335.88,220570
8506.35,220580
6740.61,220585
9549.44,220590
10322.11,220595
9903.72,220600
7118.55,220605
7529.69,220610
7717.6,220620
13572.1,220630
7584.84,220635
8729.34,220640
8607.17,220650
15924.5,220660
7362.46,220665
7709.29,220667
7274.29,220669
8200.97,220670
9840.92,220672
8181.69,220675
8185.38,220680
7632.98,220690
8566.32,220695
13024.96,220700
9592.54,220710
9124.86,220720
9615.82,220730
11434.78,220735
17555.89,220740
7953.39,220750
8997.06,220755
8926.08,220760
17163.13,220770
8878.08,220775
8236.79,220777
7290.67,220779
10797.76,220780
8433.04,220785
8878.4,220790
9643.1,220793
8939.7,220795
21336.04,220800
8097.01,220810
9884.4,220820
10921.9,220830
12167.19,220840
7418.18,220850
9273.74,220855
7988.17,220860
9877.59,220865
9033.06,220870
9776.81,220880
9402.49,220885
50692.88,220887
43235.97,220890
8394.77,220900
9045.66,220910
9281.83,220915
50254.97,220920
9100.58,220930
7781.03,220935
7952.77,220937
10009.09,220940
7179.67,220945
8874.07,220950
7637.32,220955
9950.64,220960
8362.23,220965
8216.96,220970
15810.9,220975
9008.98,220980
8997.51,220985
8223.61,220987
8587.9,220990
6503.36,220995
7066.81,220997
16589.0,221000
9473.17,221005
9621.59,221010
9118.22,221020
8061.09,221030
7822.36,221035
8276.77,221037
9566.51,221038
8368.03,221039
7936.82,221040
8081.99,221050
14228.88,221060
11045.71,221062
25034.11,221063
6914.3,221065
17371.2,221070
14090.26,221080
7776.15,221090
9728.25,221093
8862.88,221095
10376.32,221097
25458.5,221100
8976.06,221110
68053.55,221120
12434.45,221130
7863.29,221135
8085.86,221140
8795.48,221150
10248.47,221160
7596.13,221170
8051.85,230010
9544.34,230015
11329.55,230020
8527.43,230030
7438.27,230040
6976.04,230050
7703.87,230060
10677.98,230070
11911.02,230075
8761.76,230080
7802.14,230090
32792.37,230100
18818.74,230110
8688.06,230120
7749.56,230125
7875.07,230130
10593.58,230140
7500.79,230150
8396.48,230160
8503.8,230170
8816.46,230180
10088.09,230185
17347.6,230190
8177.63,230195
8574.48,230200
7352.07,230205
10928.65,230210
16294.11,230220
8229.31,230230
8623.92,230240
13660.13,230250
11306.83,230260
9754.59,230270
11541.95,230280
8736.09,230290
6854.9,230300
8861.12,230310
7788.91,230320
7731.54,230330
7459.82,230340
12816.78,230350
5749.66,230360
10937.84,230365
19147.09,230370
8048.99,230380
7312.88,230390
9214.67,230393
14198.96,230395
7605.58,230400
11342.87,230410
13315.64,230420
9928.16,230423
11514.09,230425
7643.75,230426
8013.73,230427
59678.97,230428
9689.49,230430
9338.67,230435
25254.44,230440
12453.56,230445
19074.28,230450
9169.88,230460
7359.99,230465
7216.25,230470
9308.8,230480
7913.4,230490
7815.77,230495
13750.88,230500
14492.44,230510
7669.66,230520
25238.28,230523
8139.71,230526
12499.61,230530
8066.43,230533
17992.33,230535
9019.17,230540
16562.4,230550
9479.72,230560
7586.38,230565
9974.77,230570
10630.67,230580
7329.28,230590
10450.22,230600
7805.48,230610
8755.57,230620
19036.94,230625
12151.92,230630
12969.77,230640
7155.92,230650
14717.77,230655
6323.87,230660
9383.55,230670
11119.86,230680
14728.93,230690
14080.15,230700
8497.98,230710
13889.97,230720
24924.54,230725
17772.55,230730
9843.98,230740
8650.81,230750
17569.97,230760
7184.54,230763
42778.34,230765
11897.88,230770
12190.47,230780
7147.23,230790
7619.69,230800
8777.58,230810
7347.83,230820
8754.93,230830
10684.16,230835
6643.01,230837
13325.51,230840
7825.89,230850
8194.74,230860
16312.75,230870
7873.75,230880
7192.97,230890
7391.43,230900
9857.56,230910
9353.48,230920
9254.02,230930
8407.38,230940
7424.97,230945
8634.91,230950
15884.12,230960
12280.69,230970
10340.74,230980
7812.49,230990
9555.15,231000
7049.06,231010
14420.42,231020
13454.87,231025
7617.58,231030
8799.21,231040
7698.6,231050
12428.39,231060
13105.44,231070
22783.47,231080
11968.67,231085
7973.95,231090
6067.21,231095
7232.71,231100
10373.44,231110
7710.74,231120
10028.18,231123
7713.59,231126
11463.4,231130
8815.22,231135
15148.01,231140
18106.04,231150
11790.12,231160
9534.82,231170
14078.8,231180
8137.32,231190
7684.18,231195
7088.77,231200
7588.62,231210
11499.93,231220
11350.31,231230
77639.32,231240
12389.96,231250
8475.74,231260
12362.48,231270
6841.58,231280
21919.49,231290
11953.56,231300
11997.07,231310
9139.65,231320
8006.78,231325
11245.42,231330
6916.28,231335
19276.27,231340
14036.17,231350
7128.48,231355
16695.06,231360
7336.3,231370
7977.17,231375
13527.84,231380
12809.79,231390
18238.38,231395
9768.71,231400
7921.75,231410
11739.54,240010
21401.61,240020
9240.78,240030
8585.5,240040
10712.92,240050
8492.91,240060
33606.28,240070
12469.25,240080
8172.59,240090
14347.04,240100
26529.59,240110
21644.08,240120
10175.39,240130
17568.3,240140
23128.49,240145
10121.38,240150
9621.56,240160
113239.45,240165
8720.69,240170
12872.69,240180
12312.8,240185
10319.86,240190
18847.18,240200
8347.95,240210
16364.26,240220
18419.65,240230
10956.38,240240
16235.56,240250
12235.69,240260
13019.01,240270
8494.2,240280
8826.47,240290
13873.42,240300
16947.02,240310
9090.65,240320
21398.33,240325
8874.85,240330
10682.34,240340
7822.83,240350
15803.0,240360
17417.53,240370
11235.47,240375
9596.9,240380
10207.36,240390
9353.18,240400
34715.27,240410
15575.97,240420
23095.22,240430
15926.58,240440
110764.0,240450
8196.1,240460
9722.06,240470
12575.72,240480
11604.94,240485
9936.95,240490
7558.42,240500
11050.53,240510
16247.16,240520
7406.29,240530
8482.42,240540
11235.81,240550
10017.12,240560
14380.09,240570
29922.28,240580
9060.92,240590
9618.58,240600
13626.37,240610
9547.24,240615
8882.73,240620
8614.95,240630
13152.95,240640
20719.09,240650
9390.3,240660
10564.5,240670
9698.03,240680
12919.11,240690
7756.49,240700
20782.6,240710
24873.78,240720
9956.37,240725
8467.06,240730
9569.79,240740
10904.11,240750
19181.27,240760
8872.32,240770
10674.67,240780
12066.57,240790
23290.37,240800
28113.21,240810
15147.49,240820
13044.25,240830
9736.36,240840
11106.14,240850
8726.27,240860
11651.2,240870
65957.0,240880
17558.01,240890
15090.46,240895
9241.46,240910
11050.36,240920
10975.1,240930
13208.86,240933
19008.79,240940
73661.56,240950
12210.87,240960
9179.5,240970
9718.42,240980
36116.49,240990
9888.95,241000
7647.86,241010
8181.55,241020
24926.83,241025
8315.0,241030
13075.55,241040
9134.88,241050
11165.1,241060
9643.76,241070
9202.76,241080
8922.23,241090
10081.25,241100
25093.85,241105
9854.53,241110
16468.77,241120
10392.24,241140
12692.64,241142
9911.53,241150
128296.89,241160
9572.76,241170
15669.89,241180
10985.52,241190
15666.61,241200
11262.44,241210
18564.96,241220
7866.25,241230
25760.64,241240
10250.81,241250
32719.36,241255
10649.82,241260
10693.71,241270
9696.24,241280
9342.43,241290
10511.66,241300
8286.69,241310
27078.0,241320
8531.83,241330
31884.47,241335
11230.14,241340
10096.81,241350
9146.06,241355
18188.29,241360
8308.37,241370
10817.15,241380
10140.79,241390
9910.47,241400
9096.9,241410
22053.28,241415
26634.86,241420
14538.02,241430
20431.35,241440
12592.35,241445
12901.73,241450
11917.06,241460
8870.91,241470
9239.61,241475
9559.07,241480
11186.55,241490
13097.66,241500
8074.16,250010
8897.54,250020
9699.38,250030
15631.55,250040
7934.57,250050
7977.88,250053
9942.99,250057
96064.51,250060
10596.51,250070
11708.73,250073
10235.09,250077
9597.66,250080
7615.79,250090
8514.8,250100
10037.35,250110
9669.46,250115
7830.13,250120
7633.56,250130
9841.79,250135
9890.37,250140
10998.3,250150
9088.23,250153
9266.71,250157
8735.13,250160
10806.7,250170
14346.61,250180
10752.78,250190
9302.2,250200
10342.92,250205
8230.02,250210
20544.17,250215
11480.13,250220
8532.14,250230
7954.43,250240
12168.09,250250
9036.66,250260
11101.2,250270
8873.2,250280
8538.07,250290
16698.65,250300
10434.79,250310
43115.89,250320
10822.22,250330
9479.67,250340
7785.78,250350
7980.88,250355
7984.73,250360
18176.27,250370
11098.48,250375
12070.12,250380
9979.19,250390
23210.44,250400
9535.98,250403
9396.24,250407
10325.72,250410
8200.4,250415
9185.83,250420
14353.56,250430
10771.02,250435
9503.62,250440
9058.13,250450
32757.17,250460
10762.77,250470
9229.35,250480
10824.26,250485
8760.05,250490
8483.6,250500
10894.03,250510
9381.45,250520
9533.11,250523
9416.87,250527
9296.88,250530
8056.25,250535
7420.02,250540
9374.85,250550
8393.0,250560
7863.75,250570
11253.15,250580
9698.86,250590
13352.01,250600
8274.6,250610
9843.41,250620
8029.87,250625
18391.19,250630
9213.76,250640
9451.1,250650
8387.9,250660
7103.98,250670
9919.13,250680
12600.39,250690
12159.72,250700
9810.7,250710
11362.73,250720
9401.35,250730
8812.86,250740
25768.09,250750
7855.86,250760
10164.59,250770
10207.17,250780
9633.83,250790
7692.27,250800
8187.15,250810
9643.66,250820
10221.08,250830
9565.46,250840
8012.3,250850
9366.84,250855
13926.06,250860
8412.72,250870
9324.82,250880
15363.07,250890
7243.39,250900
9438.51,250905
9919.58,250910
10554.29,250915
8155.26,250920
24306.04,250930
10954.13,250933
9447.31,250937
8239.46,250939
10206.03,250940
8608.98,250950
7545.17,250960
17381.24,250970
7969.18,250980
8225.47,250990
8085.88,251000
8354.92,251010
8679.21,251020
8864.51,251030
8430.22,251040
9779.82,251050
10397.46,251060
11378.75,251065
9874.21,251070
17789.68,251080
11168.6,251090
8476.4,251100
9175.23,251110
14577.54,251120
11807.4,251130
10316.32,251140
8621.72,251150
11296.25,251160
9927.17,251170
8418.63,251180
14395.97,251190
13069.68,251200
9526.76,251203
9663.61,251207
12688.31,251210
12437.08,251220
10501.83,251230
7918.19,251240
11580.32,251250
11812.52,251260
8884.28,251270
8203.56,251272
8811.27,251274
10013.69,251275
10536.05,251276
13495.26,251278
9631.7,251280
11042.3,251290
7191.94,251300
9725.13,251310
8305.19,251315
8569.44,251320
8803.85,251330
8701.93,251335
14631.82,251340
8527.44,251350
8105.93,251360
10835.4,251365
18821.11,251370
9825.4,251380
10302.53,251385
13985.53,251390
10789.22,251392
9116.37,251394
9769.31,251396
10351.83,251398
10585.72,251400
8001.03,251410
8180.31,251420
7534.46,251430
9641.04,251440
8143.73,251445
10104.57,251450
7661.94,251455
8255.1,251460
14037.06,251465
22762.09,251470
8885.0,251480
9076.14,251490
9278.73,251500
8122.42,251510
9416.94,251520
11442.84,251530
6733.08,251540
9543.22,251550
10511.94,251560
9635.91,251570
9172.89,251580
9458.24,251590
9654.13,251593
12122.06,251597
11395.82,251600
11879.93,251610
9615.95,251615
17681.86,251620
10886.7,251630
7316.91,251640
7755.25,251650
8203.2,251660
9493.08,251670
9652.42,251675
7921.71,251680
11427.53,251690
7738.11,251700
11215.8,251710
7827.71,251720
10496.11,251740
17756.99,260005
12464.16,260010
8663.84,260020
11341.74,260030
6974.69,260040
8337.93,260050
9579.05,260060
8626.09,260070
7690.34,260080
9839.23,260090
12367.69,260100
7289.28,260105
12416.62,260110
14727.75,260120
9413.02,260130
10393.73,260140
7036.41,260150
13932.2,260160
25345.75,260170
7165.16,260180
12522.08,260190
7587.92,260200
11448.94,260210
8597.38,260220
11990.22,260230
19502.16,260240
8275.55,260250
7950.44,260260
8499.32,260270
7560.24,260280
47924.83,260290
12063.7,260300
10989.94,260310
11162.38,260320
9268.09,260330
8935.14,260340
13514.39,260345
8824.38,260350
16810.97,260360
8493.61,260370
10429.92,260380
8061.33,260390
6308.28,260392
19025.6,260400
21075.72,260410
6646.52,260415
6935.38,260420
8187.58,260430
11924.53,260440
10210.41,260450
8830.37,260460
9568.7,260470
9156.45,260480
8819.24,260490
11464.19,260500
13526.98,260510
11668.7,260515
15417.92,260520
9084.32,260530
9161.8,260540
63035.23,260545
9193.16,260550
7932.3,260560
13144.8,260570
8207.62,260580
7630.72,260590
18622.87,260600
13573.27,260610
128206.09,260620
9303.49,260630
14665.18,260640
9129.71,260650
9825.9,260660
8260.46,260670
22720.23,260680
7966.45,260690
7549.11,260700
8326.69,260710
132206.17,260720
10381.45,260730
12604.57,260740
9057.06,260750
9679.82,260760
12641.41,260765
8349.62,260770
69380.68,260775
8220.11,260780
19750.5,260790
8487.21,260795
7889.5,260800
8857.69,260805
9131.36,260810
8369.19,260820
10106.53,260825
11465.75,260830
7133.94,260840
15816.34,260845
15793.28,260850
9179.48,260860
6895.7,260870
15343.01,260875
12133.49,260880
14315.95,260890
11288.56,260900
11828.36,260910
6186.8,260915
7494.18,260920
10320.84,260930
11073.15,260940
16867.83,260950
14713.81,260960
14820.6,260970
12588.22,260980
10223.61,260990
13471.21,261000
9446.6,261010
7348.18,261020
19050.0,261030
8227.03,261040
7994.82,261050
15434.67,261060
13681.83,261070
11077.69,261080
10804.68,261090
40379.67,261100
20811.26,261110
7648.86,261120
16151.93,261130
11188.25,261140
7090.04,261150
8277.42,261153
33232.26,261160
9394.09,261170
9786.27,261180
11492.0,261190
13749.38,261200
6563.78,261210
16052.17,261220
8277.69,261230
8014.9,261240
7884.29,261245
7789.42,261247
14680.05,261250
6988.2,261255
15507.98,261260
7844.61,261270
7677.92,261280
6490.85,261290
21797.56,261300
10128.36,261310
10476.3,261320
7899.93,261330
11324.82,261340
8557.63,261350
12071.71,261360
11121.96,261370
15171.75,261380
17848.2,261390
7220.7,261400
15339.13,261410
11367.75,261420
7504.18,261430
7655.82,261440
12455.57,261450
9818.65,261460
15517.9,261470
7067.31,261480
13636.78,261485
10372.42,261500
9190.63,261510
6990.07,261520
12722.07,261530
15681.21,261540
9336.03,261550
10581.1,261560
9721.31,261570
7084.04,261580
10076.69,261590
11366.79,261600
7927.33,261610
8851.57,261618
8276.8,261620
14579.38,261630
30154.3,261640
8628.6,261650
7976.02,270010
11525.51,270020
21468.19,270030
19852.96,270040
11611.94,270050
25843.9,270060
9414.33,270070
24489.06,270080
15055.38,270090
12993.09,270100
48270.8,270110
9400.61,270120
8472.45,270130
9059.85,270135
8940.84,270140
9793.23,270150
7150.99,270160
11234.51,270170
7356.98,270180
15661.8,270190
12296.76,270200
12213.3,270210
12900.57,270220
24676.96,270230
10322.9,270235
11038.64,270240
6862.0,270250
6459.43,270255
14876.1,270260
21757.47,270270
16786.38,270280
9301.79,270290
9058.44,270300
8585.4,270310
15788.47,270320
7239.26,270330
10196.13,270340
23332.83,270350
20658.0,270360
9257.59,270370
21929.42,270375
14316.45,270380
11515.73,270390
13374.67,270400
11749.95,270410
17834.29,270420
22976.51,270430
9849.17,270440
21234.52,270450
7674.87,270460
46413.15,270470
11725.97,270480
11309.98,270490
9830.13,270500
12457.33,270510
9940.22,270520
10978.56,270530
8100.9,270540
14341.13,270550
12511.38,270560
10049.99,270570
8053.01,270580
9854.21,270590
7290.69,270600
7271.41,270610
7895.59,270620
12934.16,270630
8865.82,270640
7276.82,270642
12964.92,270644
14290.8,270650
10264.08,270660
12505.56,270670
17458.15,270680
15458.25,270690
13077.82,270700
10703.45,270710
6432.78,270720
12963.63,270730
27492.88,270740
10088.72,270750
12314.86,270760
15545.65,270770
20744.84,270780
23932.78,270790
11834.31,270800
90473.0,270810
13112.57,270820
15241.67,270830
8498.44,270840
18080.59,270850
18340.95,270860
20724.13,270870
16515.04,270880
13582.37,270890
6303.92,270895
9730.38,270900
15653.32,270910
11452.33,270915
7246.99,270920
16059.3,270930
16342.68,270940
14014.72,280010
11149.4,280020
26688.23,280030
11617.72,280040
11918.21,280050
19028.51,280060
10924.98,280067
10750.46,280070
11827.97,280100
13885.78,280110
88713.54,280120
11393.56,280130
14695.13,280140
27566.67,280150
10134.06,280160
11747.71,280170
12608.77,280190
29479.73,280200
28293.45,280210
13433.82,280220
16392.78,280230
10196.44,280240
10800.66,280250
12664.75,280260
8965.07,280270
10763.45,280280
21036.18,280290
10388.17,280300
11975.32,280310
24965.16,280320
22200.81,280330
13228.75,280340
15726.5,280350
27147.97,280360
11370.08,280370
11742.37,280380
13133.49,280390
19730.91,280400
18147.47,280410
10542.43,280420
12257.63,280430
13911.41,280440
11133.72,280445
15466.17,280450
12896.12,280460
10757.98,280470
14906.47,280480
13202.63,280490
13134.62,280500
9453.9,280510
11681.08,280520
13502.72,280530
9109.81,280540
10485.42,280550
9952.9,280560
17349.14,280570
15300.22,280580
20174.89,280590
16709.92,280600
28970.49,280610
9301.33,280620
11578.31,280630
10613.45,280640
12102.07,280650
11232.42,280660
10514.98,280670
9471.57,280680
10756.44,280690
10072.68,280700
15786.83,280710
17018.74,280720
11698.52,280730
11215.73,280740
9219.3,280750
13940.65,280760
7168.52,290010
7530.64,290020
8380.48,290030
10180.39,290035
7722.13,290040
6560.69,290050
10290.23,290060
28109.5,290070
12843.74,290080
9708.08,290090
10559.06,290100
13191.02,290110
8286.65,290115
8428.08,290120
8416.2,290130
13417.3,290135
10138.2,290140
7572.87,290150
6594.16,290160
9442.99,290170
6184.73,290180
7534.09,290190
8893.42,290195
8886.31,290200
19974.72,290205
8005.65,290210
8502.95,290220
8117.54,290225
7802.74,290230
9502.03,290240
12211.53,290250
7669.59,290260
6920.68,290265
7100.75,290270
12770.72,290280
12441.96,290290
7057.25,290300
11055.59,290310
33313.17,290320
6713.25,290323
14416.97,290327
10899.03,290330
13649.32,290340
8491.27,290350
8037.85,290360
7723.44,290370
6890.14,290380
16025.54,290390
6311.74,290395
6788.98,290400
9891.34,290405
7730.22,290410
9251.5,290420
8551.36,290430
9028.37,290440
8196.59,290450
25705.48,290460
11425.49,290470
6535.04,290475
9749.07,290480
6914.99,290485
12882.29,290490
12363.09,290500
8708.16,290510
6153.41,290515
17758.11,290520
8408.67,290530
58268.71,290540
7280.22,290550
9169.64,290560
87735.29,290570
10176.51,290580
8404.03,290590
13586.6,290600
7171.48,290610
7959.98,290620
11055.45,290630
7080.22,290640
53758.72,290650
8412.53,290660
8351.37,290670
8210.1,290680
7949.27,290682
8311.99,290685
13925.19,290687
8566.34,290689
15702.49,290690
12781.39,290700
8426.44,290710
10532.31,290720
11229.9,290730
21434.45,290740
11810.26,290750
6889.08,290755
9705.87,290760
7276.87,290770
9142.41,290780
7774.9,290790
10188.23,290800
15847.36,290810
13763.25,290820
10148.23,290830
11407.99,290840
88567.45,290850
11066.63,290860
9145.92,290870
10399.89,290880
8903.9,290890
7163.14,290900
9760.86,290910
9240.57,290920
45631.8,290930
9966.97,290940
7691.28,290950
7931.73,290960
8851.39,290970
15514.91,290980
9125.15,290990
9758.0,291000
42624.25,291005
9683.11,291010
8908.89,291020
7786.15,291030
11363.8,291040
14370.54,291050
16975.59,291060
10665.51,291070
27730.51,291072
11912.33,291075
9521.62,291077
24229.74,291080
7751.8,291085
9140.08,291090
8039.09,291100
72379.97,291110
12003.28,291120
9197.45,291125
12557.37,291130
12935.21,291140
8788.87,291150
9062.74,291160
8208.11,291165
17158.97,291170
9927.51,291180
8061.05,291185
8746.6,291190
9549.91,291200
8768.91,291210
19974.06,291220
9698.91,291230
7571.13,291240
7087.1,291250
7340.79,291260
9987.83,291270
31908.04,291280
11796.41,291290
6552.0,291300
7491.39,291310
13701.19,291320
7582.21,291330
12070.0,291340
12199.96,291345
7866.71,291350
28755.9,291360
14338.96,291370
6113.51,291380
10406.43,291390
10533.94,291400
8585.25,291410
9933.19,291420
10013.7,291430
20131.86,291440
9048.53,291450
18285.81,291460
12291.43,291465
13699.6,291470
19619.07,291480
11711.45,291490
6447.73,291500
8664.6,291510
14126.85,291520
16216.47,291530
8766.19,291535
10929.97,291540
11066.17,291550
14814.35,291560
11117.27,291570
10804.55,291580
10527.25,291590
11807.03,291600
11036.75,291610
10691.68,291620
28315.09,291630
15463.78,291640
8936.13,291650
7607.25,291660
9119.05,291670
13551.66,291680
25525.36,291685
8152.12,291690
7908.92,291700
9933.33,291710
8608.69,291720
11202.76,291730
9471.45,291733
69136.12,291735
7483.05,291740
16196.03,291750
10696.92,291760
22220.95,291770
9563.64,291780
12168.59,291790
17263.38,291800
9130.88,291810
8085.46,291820
13314.92,291830
9333.7,291835
20071.32,291840
10236.24,291845
7095.84,291850
10225.34,291855
9547.31,291860
11683.41,291870
6182.32,291875
10517.34,291880
18067.02,291890
16820.9,291900
8141.59,291905
6752.34,291910
9293.65,291915
33038.18,291920
11327.63,291930
9395.69,291940
11033.62,291950
69761.1,291955
6851.32,291960
9521.49,291970
7813.14,291980
6881.81,291990
24354.77,291992
14662.8,291995
10920.95,292000
6914.61,292010
9090.18,292020
8009.4,292030
10897.18,292040
6348.54,292045
21363.92,292050
7237.43,292060
12155.8,292070
7749.95,292080
9809.81,292090
25252.05,292100
6383.7,292105
14098.96,292110
8860.5,292120
10011.93,292130
6914.16,292140
7356.2,292145
7987.49,292150
7901.34,292160
9649.79,292170
8099.4,292180
48367.51,292190
42765.12,292200
9251.86,292205
6389.81,292210
7446.89,292220
15976.28,292225
9247.08,292230
15888.52,292240
9607.12,292250
9997.9,292260
12151.7,292265
8421.14,292270
11118.12,292273
12813.76,292275
6839.09,292280
7005.73,292285
8284.18,292290
11507.69,292300
6892.03,292303
5386.54,292305
7359.84,292310
8124.53,292320
7034.03,292330
10741.51,292335
8323.61,292340
9144.37,292350
11024.83,292360
7248.71,292370
12036.8,292380
8938.41,292390
31312.64,292400
7775.63,292405
5975.48,292410
6140.58,292420
7851.06,292430
7642.72,292440
13287.74,292450
7436.92,292460
8570.2,292465
9367.37,292467
6771.18,292470
6391.4,292480
7240.12,292490
9342.29,292500
10668.85,292510
26317.43,292520
7692.78,292525
22727.56,292530
12498.39,292540
15495.87,292550
7194.49,292560
7111.86,292570
9664.76,292575
8998.42,292580
8852.45,292590
7278.11,292593
15839.53,292595
9665.15,292600
8705.92,292610
34938.38,292620
10720.56,292630
7558.26,292640
8812.74,292650
11068.15,292660
13586.48,292665
9967.44,292670
6920.37,292680
7516.76,292690
22645.77,292700
10436.49,292710
9886.85,292720
10901.76,292730
22213.24,292740
8046.02,292750
7321.26,292760
15484.19,292770
9361.57,292780
6562.49,292790
10399.93,292800
7876.34,292805
12110.47,292810
9706.1,292820
6674.38,292830
8513.11,292840
6816.32,292850
14024.36,292860
21863.76,292870
13942.59,292880
76949.79,292890
8936.13,292895
11557.09,292900
12645.62,292905
9400.34,292910
210629.4,292920
6718.22,292925
26290.04,292930
9382.71,292935
8489.8,292937
11606.58,292940
15605.2,292950
9590.43,292960
10387.25,292970
11243.84,292975
6904.65,292980
12448.76,292990
7615.4,293000
11399.16,293010
9807.25,293015
23542.89,293020
9216.44,293030
7641.07,293040
11362.74,293050
7405.01,293060
40637.42,293070
8022.59,293075
8196.81,293076
32609.65,293077
7408.33,293080
8308.88,293090
9465.46,293100
9529.31,293105
7219.55,293110
8471.96,293120
6553.06,293130
16541.88,293135
10697.76,293140
6755.57,293150
12210.42,293160
8997.41,293170
7573.75,293180
9553.34,293190
8466.19,293200
9908.27,293210
11548.41,293220
7467.5,293230
6956.99,293240
7495.97,293245
14140.26,293250
10984.02,293260
11510.01,293270
8806.37,293280
16346.46,293290
8042.92,293300
6773.46,293305
9977.74,293310
9112.58,293315
12034.31,293317
12196.73,293320
11995.54,293325
21459.85,293330
8061.28,293340
10822.58,293345
12751.96,293350
8843.15,293360
18254.66,310010
22262.55,310020
15123.22,310030
13982.58,310040
9880.87,310050
10674.01,310060
72077.67,310070
13840.42,310080
13459.92,310090
15807.64,310100
18339.14,310110
16513.17,310120
14663.18,310130
15732.1,310140
23324.44,310150
32281.39,310160
17587.53,310163
14543.15,310170
11462.32,310180
20469.86,310190
14800.91,310200
11758.68,310205
15310.33,310210
10694.95,310220
18953.83,310230
14716.12,310240
9744.51,310250
24442.94,310260
11770.16,310270
19071.66,310280
10526.55,310285
13902.61,310290
34568.29,310300
14789.54,310310
24280.95,310320
11585.36,310330
12588.17,310340
47199.52,310350
19368.11,310360
8675.55,310370
200429.56,310375
44858.01,310380
36584.9,310390
60640.64,310400
27722.2,310410
42159.13,310420
14927.38,310430
12713.94,310440
10175.2,310445
13067.34,310450
21506.99,310460
12297.35,310470
13123.11,310480
15965.93,310490
18499.14,310500
23843.32,310510
9995.86,310520
12988.06,310530
25162.94,310540
9197.11,310550
22749.16,310560
14162.92,310570
22733.98,310590
34954.41,310600
15103.96,310610
38695.31,310620
65595.25,310630
24361.53,310640
8652.17,310650
8364.86,310660
9737.17,310665
63882.75,310670
9622.84,310680
18599.24,310690
17329.49,310700
19257.47,310710
12116.96,310720
18831.59,310730
27680.94,310740
17656.73,310750
29358.15,310760
24505.66,310770
9632.94,310780
12543.64,310790
18079.95,310800
14898.51,310810
35249.34,310820
7204.87,310825
16582.78,310830
15348.15,310840
9338.81,310850
18338.43,310855
10746.87,310860
9283.96,310870
33248.84,310880
12262.49,310890
62744.25,310900
14945.96,310910
12248.8,310920
9071.93,310925
31157.87,310930
15959.02,310940
43127.96,310945
14035.1,310950
12974.72,310960
32334.51,310970
30051.59,310980
23595.81,310990
17875.95,311000
11059.53,311010
18067.56,311020
17738.15,311030
13266.81,311040
33387.49,311050
52872.6,311060
21595.31,311070
11910.35,311080
20035.62,311090
15363.63,311100
24036.29,311110
9108.24,311115
19282.73,311120
13435.65,311130
59783.07,311140
18923.23,311150
16190.96,311160
13112.4,311170
35325.15,311180
11571.75,311190
17063.76,311200
10788.39,311205
11383.48,311210
11162.69,311220
19011.8,311230
17902.74,311240
10371.32,311250
23100.44,311260
9079.49,311265
22434.39,311270
32065.1,311280
8203.71,311290
7341.09,311300
10388.26,311310
20676.97,311320
16980.01,311330
19989.09,311340
17396.17,311350
22212.86,311360
19340.96,311370
12621.8,311380
16038.78,311390
16201.51,311400
14660.27,311410
20781.11,311420
24383.93,311430
24056.36,311440
21081.68,311450
30292.63,311455
30195.67,311460
13246.48,311470
14295.39,311480
21231.85,311490
19748.6,311500
19018.52,311510
12878.25,311520
22110.86,311530
205288.4,311535
9681.37,311540
10131.25,311545
8902.82,311547
16591.22,311550
16836.51,311560
11662.18,311570
27046.95,311580
12537.82,311590
11424.73,311600
6532.65,311610
16487.26,311615
12118.25,311620
8473.71,311630
28257.1,311640
9396.26,311650
27338.9,311660
15508.08,311670
10324.03,311680
38908.01,311690
8141.72,311700
16991.81,311710
14270.81,311720
32935.96,311730
11530.07,311740
220226.36,311750
49991.7,311760
15957.67,311770
15472.85,311780
7082.62,311783
193407.74,311787
17287.47,311790
36277.13,311800
8190.99,311810
54620.26,311820
19512.7,311830
13025.71,311840
14574.03,311850
45855.1,311860
16955.61,311870
8495.93,311880
11542.11,311890
17214.43,311900
13928.47,311910
10393.2,311920
36288.2,311930
16282.52,311940
8993.35,311950
14927.56,311960
14522.35,311970
47948.52,311980
10423.61,311990
27492.15,311995
11878.5,312000
11936.91,312010
8800.81,312015
14763.77,312020
7852.54,312030
23797.23,312040
18069.95,312050
14449.58,312060
28142.58,312070
16846.9,312080
11426.24,312083
8511.63,312087
22624.78,312090
10125.81,312100
12224.94,312110
25804.67,312120
35361.85,312125
13438.11,312130
26393.98,312140
13552.43,312150
17568.99,312160
9017.01,312170
10153.98,312180
14466.08,312190
12173.62,312200
11043.89,312210
9121.61,312220
28667.89,312230
24484.8,312235
13175.15,312240
6940.99,312245
13548.92,312247
11813.59,312250
11072.13,312260
17349.5,312270
10668.02,312280
13183.04,312290
30064.38,312300
30713.66,312310
18797.61,312320
11832.01,312330
36089.88,312340
30692.0,312350
10295.22,312352
18715.17,312360
11082.49,312370
9952.08,312380
10054.51,312385
14923.05,312390
16328.19,312400
10484.15,312410
17062.0,312420
9946.0,312430
18654.93,312440
24005.08,312450
14346.2,312460
28727.6,312470
34788.84,312480
14766.66,312490
10434.75,312500
279824.02,312510
16236.07,312520
15926.97,312530
9911.7,312540
11611.3,312550
8398.08,312560
14490.99,312570
13521.85,312580
12823.56,312590
9991.14,312595
16511.05,312600
26489.74,312610
19292.5,312620
13574.04,312630
13584.21,312640
5984.22,312650
12772.71,312660
14369.2,312670
13203.49,312675
10166.27,312680
10488.28,312690
9159.45,312695
65898.95,312700
8723.4,312705
7888.67,312707
32376.63,312710
14229.26,312720
14342.07,312730
8853.69,312733
10703.6,312735
12164.97,312737
16963.61,312738
15965.72,312740
8826.64,312750
12864.48,312760
24180.08,312770
33721.74,312780
22709.19,312790
22891.63,312800
16460.35,312810
9152.69,312820
9408.09,312825
25074.67,312830
14743.76,312840
12373.91,312850
61301.65,312860
43130.71,312870
14749.47,312880
27668.07,312890
11273.37,312900
22043.56,312910
14809.99,312920
11002.44,312930
14145.24,312940
39008.3,312950
8681.51,312960
8405.8,312965
43737.39,312970
14084.2,312980
13958.82,312990
13833.62,313000
7086.46,313005
18174.81,313010
40917.99,313020
44862.6,313030
47066.83,313040
13739.9,313050
8720.96,313055
12967.7,313060
8403.46,313065
54105.04,313070
28092.58,313080
13864.25,313090
18060.59,313100
9994.15,313110
8574.71,313115
13793.59,313120
44915.22,313130
24780.12,313140
16369.66,313150
26599.58,313160
60417.39,313170
10777.92,313180
54869.57,313190
10243.31,313200
11565.49,313210
23207.5,313220
7605.76,313230
32734.18,313240
15556.77,313250
13486.82,313260
12698.24,313270
13543.46,313280
17470.42,313290
53851.17,313300
28713.42,313310
10326.85,313320
13536.53,313330
28297.33,313340
21854.32,313350
80296.68,313360
157352.87,313370
31498.39,313375
37279.29,313380
10668.94,313390
8489.9,313400
12553.23,313410
32172.89,313420
10755.56,313430
52003.68,313440
34551.31,313450
12399.74,313460
8937.75,313470
13627.05,313480
31219.28,313490
28083.69,313500
15539.87,313505
10756.39,313507
18046.73,313510
10446.04,313520
17067.72,313530
8498.97,313535
249366.03,313540
9526.78,313545
12254.59,313550
13051.82,313560
18053.23,313570
9855.75,313580
13433.76,313590
9341.74,313600
15907.52,313610
38946.51,313620
32016.08,313630
10916.39,313640
8616.0,313650
10257.14,313652
11989.64,313655
10532.47,313657
16707.81,313660
50123.31,313665
32864.04,313670
9538.15,313680
16238.02,313690
8777.22,313695
6791.25,313700
18541.3,313710
31574.87,313720
10836.76,313730
20856.56,313740
21934.83,313750
22050.41,313753
28124.54,313760
15688.61,313770
16722.36,313780
11764.38,313790
11939.95,313800
19041.91,313810
26615.93,313820
12903.5,313830
11989.57,313835
19434.1,313840
16304.24,313850
19069.43,313860
53377.48,313862
7979.33,313865
10970.3,313867
7937.72,313868
17052.66,313870
30125.47,313880
12610.49,313890
23175.74,313900
37707.54,313910
10817.75,313920
7936.19,313925
11657.15,313930
28865.1,313940
18377.95,313950
14830.38,313960
20560.75,313970
15859.18,313980
13040.48,313990
33674.08,314000
12190.62,314010
11053.24,314015
20635.6,314020
10511.95,314030
12454.84,314040
25913.95,314050
23642.19,314053
8384.53,314055
10704.38,314060
22211.81,314070
39009.83,314080
11127.51,314085
19787.52,314090
11646.27,314100
28870.36,314110
19322.29,314120
32811.21,314130
10768.15,314140
9463.23,314150
11871.72,314160
8901.0,314170
9885.85,314180
25042.43,314190
9802.13,314200
13219.84,314210
16490.83,314220
8079.67,314225
13328.69,314230
15124.54,314240
15227.3,314250
19915.66,314260
9351.3,314270
24751.21,314280
10510.38,314290
21483.33,314300
24927.9,314310
7657.11,314315
17958.06,314320
23731.41,314330
18609.95,314340
8302.96,314345
38310.74,314350
19805.77,314360
10860.13,314370
16315.77,314380
22135.15,314390
14363.0,314400
20771.35,314410
9207.5,314420
19671.05,314430
11849.41,314435
15609.9,314437
16106.18,314440
36185.89,314450
17303.46,314460
8766.94,314465
13890.6,314467
20874.52,314470
124987.23,314480
12707.48,314490
80642.0,314500
14641.97,314505
16456.71,314510
25012.61,314520
8823.03,314530
9122.15,314535
10246.85,314537
14008.02,314540
24759.51,314545
13058.27,314550
21637.93,314560
15236.94,314570
18226.24,314580
12089.05,314585
9060.5,314587
105889.65,314590
19859.59,314600
42294.45,314610
9007.5,314620
9145.53,314625
9368.72,314630
14006.16,314640
38298.46,314650
8167.98,314655
16026.6,314660
12017.96,314670
9933.37,314675
17031.04,314690
52750.15,314700
33220.0,314710
23698.69,314720
22334.65,314730
33830.05,314740
12338.32,314750
30581.06,314760
33290.18,314770
15598.3,314780
23407.3,314790
7993.93,314795
32501.05,314800
31002.79,314810
17609.95,314820
10506.31,314830
10795.92,314840
8830.1,314850
12024.77,314860
12808.34,314870
8608.22,314875
13272.05,314880
24726.03,314890
12703.57,314900
11618.67,314910
7600.06,314915
34356.96,314920
23844.33,314930
12669.57,314940
14485.46,314950
14636.94,314960
20635.24,314970
53031.86,314980
23747.73,314990
14622.04,314995
9430.85,315000
24938.13,315010
11882.99,315015
12728.48,315020
17515.66,315030
12905.7,315040
23025.3,315050
9710.43,315053
8125.49,315057
30937.14,315060
51897.53,315070
10082.95,315080
12900.39,315090
13700.24,315100
47939.66,315110
42022.38,315120
15999.68,315130
19744.62,315140
27340.61,315150
41826.54,315160
17461.59,315170
45798.92,315180
11065.08,315190
26374.26,315200
31615.5,315210
9883.59,315213
7998.49,315217
10405.05,315220
8788.29,315230
8863.69,315240
58312.84,315250
44221.98,315260
20272.47,315270
35977.59,315280
17263.61,315290
24056.95,315300
9906.27,315310
14268.89,315320
9964.1,315330
22742.13,315340
10763.21,315350
15811.1,315360
15644.5,315370
16574.07,315380
9537.39,315390
14359.79,315400
10229.28,315410
12328.89,315415
15691.02,315420
13773.81,315430
46005.94,315440
13524.41,315445
34456.91,315450
12976.52,315460
29914.7,315470
20367.02,315480
15634.61,315490
19245.24,315500
8853.93,315510
9094.56,315520
17646.22,315530
12398.59,315540
46519.72,315550
8765.34,315560
53987.53,315570
19906.06,315580
11225.82,315590
9018.67,315600
14581.84,315610
27613.47,315620
49598.29,315630
34332.13,315640
10049.52,315645
9972.43,315650
8979.66,315660
22428.04,315670
12059.97,315680
50362.19,315690
13741.53,315700
14313.96,315710
27712.54,315720
11738.84,315725
16391.53,315727
13633.85,315730
11092.53,315733
9826.75,315737
11581.18,315740
10362.94,315750
11040.61,315760
7707.78,315765
53225.39,315770
18854.93,315780
13325.11,315790
16668.06,315800
8234.86,315810
9802.7,315820
17858.65,315830
10944.85,315840
12525.37,315850
10428.5,315860
12539.43,315870
17577.07,315880
11647.77,315890
21494.56,315895
18783.31,315900
10741.4,315910
18797.23,315920
12821.99,315930
12354.83,315935
19667.5,315940
15099.83,315950
38141.29,315960
14877.97,315970
33838.32,315980
14747.23,315990
13796.38,316000
18351.55,316010
10197.7,316020
8306.49,316030
21652.42,316040
7667.0,316045
13568.68,316050
11735.43,316060
21692.51,316070
12689.81,316080
16899.52,316090
11918.78,316095
15060.99,316100
11466.86,316105
9445.53,316110
13988.93,316120
22383.15,316130
10839.82,316140
17862.8,316150
9171.13,316160
10454.58,316165
27586.67,316170
19321.65,316180
313035.0,316190
25557.6,316200
26648.35,316210
21551.26,316220
9856.03,316225
15426.78,316230
8547.63,316240
6428.57,316245
27087.89,316250
11019.86,316255
11422.38,316257
12555.96,316260
8032.14,316265
9952.7,316270
13057.7,316280
16279.56,316290
18361.96,316292
106626.01,316294
21782.85,316295
9891.69,316300
18526.03,316310
11833.47,316320
10182.31,316330
10294.65,316340
12039.01,316350
11411.42,316360
24402.52,316370
11560.9,316380
17703.93,316390
14631.97,316400
12720.02,316410
12314.1,316420
33840.02,316430
81626.52,316440
17481.37,316443
10079.81,316447
8074.12,316450
53726.35,316460
27604.51,316470
13788.93,316480
14242.61,316490
16151.97,316500
16718.04,316510
14787.36,316520
21378.89,316530
16069.25,316540
9715.4,316550
32646.9,316553
7350.15,316555
12032.64,316556
12686.0,316557
16464.27,316560
12255.39,316570
15029.46,316580
22926.21,316590
12187.98,316600
10318.43,316610
8516.24,316620
8857.4,316630
21639.4,316640
8067.38,316650
24465.21,316660
8657.12,316670
49483.29,316680
16069.08,316690
7784.98,316695
14924.81,316700
12377.03,316710
39862.74,316720
12388.82,316730
19450.06,316740
27994.09,316750
9979.31,316760
10044.3,316770
10904.66,316780
15071.69,316790
13843.51,316800
12325.01,316805
95435.06,316810
19407.96,316820
12208.98,316830
10570.69,316840
12751.77,316850
19191.15,316860
35238.51,316870
23103.54,316880
34589.86,316890
17744.17,316900
12921.98,316905
13034.69,316910
12130.28,316920
30888.91,316930
76373.56,316935
22235.8,316940
9475.85,316950
27340.03,316960
18682.31,316970
19820.72,316980
26420.58,316990
8084.97,317000
10886.24,317005
46561.66,317010
54430.68,317020
12646.78,317030
34785.32,317040
24591.67,317043
15928.38,317047
19891.42,317050
7949.17,317052
10870.3,317057
22948.36,317060
10155.15,317065
46457.4,317070
21313.67,317075
20562.46,317080
8654.34,317090
38803.02,317100
9179.42,317103
17153.32,317107
28114.07,317110
8554.2,317115
19642.48,317120
22183.13,317130
10376.07,317140
11700.03,317150
8668.19,317160
14987.91,317170
15298.65,317180
9493.98,317190
30159.48,317200
12871.4,317210
11019.42,317220
14487.2,320010
17162.69,320013
12553.23,320016
15854.35,320020
24625.87,320030
11168.13,320035
34359.12,320040
13116.61,320050
53513.72,320060
22441.66,320070
21340.63,320080
18296.73,320090
15301.17,320100
17799.83,320110
14818.75,320115
23516.87,320120
26704.95,320130
23799.44,320140
29750.9,320150
15230.35,320160
16017.68,320170
14842.3,320180
22419.95,320190
18255.2,320200
12776.75,320210
18271.86,320220
21599.5,320225
17345.82,320230
18600.78,320240
11849.32,320245
22545.78,320250
12127.65,320255
23115.94,320260
12583.2,320265
18432.53,320270
140287.91,320280
19891.46,320290
14723.38,320300
20731.51,320305
11358.85,320310
25012.53,320313
12709.11,320316
36577.1,320320
9789.94,320330
137000.71,320332
23913.14,320334
21893.49,320335
17219.76,320340
18125.28,320350
13965.55,320360
15543.02,320370
13130.06,320380
20090.18,320390
10717.5,320400
12005.97,320405
22282.8,320410
30640.6,320420
10630.58,320425
464883.49,320430
20090.13,320435
16849.34,320440
16526.03,320450
36561.24,320455
19963.23,320460
52865.03,320465
16681.91,320470
16329.19,320480
18117.25,320490
14346.18,320495
49980.16,320500
17350.68,320501
14411.1,320503
24073.15,320506
34372.62,320510
12605.26,320515
20648.95,320517
26040.2,320520
59693.66,320530
48212.88,330010
16603.31,330015
27785.33,330020
28174.84,330022
77577.13,330023
84241.59,330025
21048.89,330030
29754.56,330040
15785.96,330045
25406.04,330050
19644.43,330060
50871.17,330070
19321.87,330080
22802.39,330090
27798.02,330093
49515.11,330095
57329.81,330100
36184.9,330110
22923.99,330115
24928.31,330120
46662.46,330130
16185.92,330140
18159.7,330150
18671.45,330160
49295.96,330170
17968.78,330180
17538.51,330185
18939.5,330187
20484.24,330190
59757.5,330200
21791.11,330205
23817.93,330210
30000.24,330220
140696.25,330225
13711.95,330227
19810.21,330230
58803.47,330240
30308.74,330245
17355.94,330250
55538.31,330260
232761.15,330270
18813.5,330280
13166.48,330285
24067.58,330290
20973.65,330300
19417.17,330310
17875.04,330320
90643.8,330330
28107.56,330340
21220.42,330350
18798.44,330360
22678.15,330370
63920.14,330380
20065.93,330385
44559.04,330390
28471.64,330395
76140.12,330400
18484.49,330410
123194.69,330411
19430.48,330412
25782.11,330414
154726.99,330415
65208.31,330420
25822.81,330430
21065.58,330440
23495.0,330450
51379.2,330452
52833.25,330455
18163.48,330460
27256.95,330470
24265.57,330475
19002.34,330480
16916.33,330490
220707.37,330500
20736.22,330510
24995.97,330513
24797.89,330515
23326.65,330520
21688.85,330530
41360.86,330540
120175.92,330550
50521.23,330555
22724.23,330560
28031.26,330570
16878.1,330575
29174.07,330580
19459.23,330590
53338.23,330600
26803.4,330610
17872.64,330615
29585.01,330620
40355.98,330630
32400.51,350010
31265.58,350020
28249.47,350030
20835.97,350040
28385.89,350050
28759.37,350055
42279.55,350060
61650.21,350070
17145.55,350075
20861.37,350080
21796.89,350090
33073.73,350100
29423.18,350110
115258.2,350115
27525.23,350120
20521.18,350130
9698.65,350140
15723.04,350150
49876.81,350160
20947.93,350170
17089.52,350180
58791.02,350190
35504.77,350200
35989.67,350210
39905.39,350220
22001.85,350230
18131.98,350240
31641.35,350250
24144.9,350260
24660.33,350270
153904.22,350275
39630.87,350280
24299.7,350290
26353.62,350300
21922.21,350310
13771.25,350315
42474.25,350320
44204.85,350330
23629.74,350335
25106.13,350340
11917.32,350350
12748.13,350360
76951.4,350370
23354.82,350380
72172.65,350390
18279.34,350395
33929.37,350400
48596.67,350410
20446.54,350420
54472.96,350430
23480.31,350440
30291.15,350450
22216.51,350460
9203.78,350470
23847.85,350480
16613.77,350490
17833.37,350500
15383.22,350510
33006.92,350520
31534.03,350530
18993.39,350535
12681.92,350540
39577.48,350550
15258.36,350560
192647.61,350570
51230.47,350580
27051.01,350590
40668.42,350600
42748.59,350610
40570.27,350620
24143.66,350630
28923.67,350635
26088.06,350640
27930.66,350650
23273.12,350660
21523.19,350670
18530.95,350680
15488.12,350690
48245.53,350700
35640.89,350710
14930.62,350715
50487.32,350720
80058.81,350730
25499.23,350740
21916.1,350745
35049.84,350750
38406.56,350760
17214.99,350770
18955.8,350775
26766.3,350780
38228.09,350790
23241.14,350800
34928.27,350810
38103.35,350820
17384.78,350830
107046.16,350840
42875.69,350850
18545.37,350860
21186.59,350870
28578.22,350880
13974.78,350890
38554.9,350900
13425.75,350910
252959.85,350920
48844.3,350925
14728.62,350930
22842.97,350940
19346.32,350945
54710.07,350950
25363.13,350960
25312.3,350970
31173.28,350980
24497.84,350990
20955.63,350995
40606.45,351000
37940.76,351010
27219.57,351015
20043.74,351020
15014.46,351030
38526.42,351040
33193.25,351050
15356.09,351060
20839.72,351070
29941.77,351080
70523.08,351090
33284.2,351100
35610.18,351110
16925.94,351120
40145.71,351130
37123.81,351140
39476.07,351150
25528.78,351160
19182.29,351170
18367.51,351190
52217.05,351200
44436.0,351210
25437.14,351220
21280.28,351230
127035.44,351240
27237.96,351250
18563.77,351260
57695.92,351270
23981.18,351280
47120.51,351290
53632.41,351300
34842.44,351310
23226.33,351320
50074.55,351330
28945.24,351340
115116.84,351350
12293.97,351360
46295.11,351370
36097.9,351380
25213.89,351385
27838.93,351390
12515.52,351400
24727.35,351410
22385.72,351420
56946.34,351430
27573.28,351440
19091.79,351450
19740.38,351460
20263.36,351470
19766.99,351480
40503.17,351490
17830.65,351492
21912.8,351495
53798.98,351500
17452.19,351510
19039.28,351512
25567.45,351515
34559.78,351518
15296.78,351519
48610.53,351520
18307.13,351530
14501.68,351535
23454.33,351540
31841.68,351550
33831.94,351560
38030.07,351565
16714.9,351570
24174.01,351580
22214.94,351590
14009.81,351600
52668.03,351610
28787.49,351620
9034.56,351630
21442.87,351640
27460.99,351650
23004.53,351660
26460.04,351670
15273.46,351680
225346.38,351685
21587.1,351690
16109.13,351700
22427.2,351710
13646.78,351720
27766.14,351730
83612.04,351740
29005.8,351750
19376.17,351760
23051.77,351770
31835.49,351780
28872.49,351790
17057.04,351800
22623.53,351810
29671.54,351820
48313.05,351830
53273.58,351840
12213.37,351850
21915.57,351860
28417.36,351870
47249.21,351880
30599.83,351885
13301.42,351890
29219.01,351900
67415.97,351905
63810.17,351907
39365.76,351910
26522.04,351920
15632.82,351925
21736.81,351930
19765.24,351940
21971.29,351950
24939.53,351960
23392.98,351970
21080.39,351980
30742.42,351990
13242.69,352000
39767.17,352010
21953.32,352020
40708.33,352030
428020.22,352040
93630.19,352042
24339.08,352044
66489.24,352050
13303.66,352060
23427.52,352070
33703.63,352080
22611.54,352090
18424.29,352100
62918.04,352110
19582.16,352115
13751.83,352120
22422.43,352130
286384.27,352140
20098.62,352150
11569.78,352160
33740.36,352170
25819.89,352180
40105.08,352190
25439.78,352200
20011.41,352210
12719.25,352215
22084.42,352220
29883.19,352230
30822.88,352240
50673.18,352250
51107.82,352260
10801.45,352265
30497.54,352270
19625.32,352280
43782.6,352290
19449.94,352300
20653.57,352310
18709.48,352320
18748.36,352330
52722.16,352340
19389.93,352350
39484.06,352360
15885.28,352370
17662.02,352380
47384.65,352390
120523.17,352400
38094.32,352410
19844.9,352420
38082.72,352430
57183.66,352440
63285.9,352450
28518.44,352460
214806.49,352470
32977.6,352480
38568.38,352490
33294.36,352500
27213.46,352510
84061.56,352520
32636.39,352530
32818.09,352540
16137.27,352550
28099.01,352560
34118.53,352570
11235.21,352580
36578.45,352585
112068.21,352590
28666.77,352600
18436.57,352610
17311.76,352620
12643.55,352630
40312.93,352640
12978.2,352650
14241.56,352660
32775.73,352670
44920.91,352680
45035.17,352690
23262.78,352700
68996.22,352710
32004.82,352720
15334.5,352725
328612.49,352730
18498.7,352740
22527.97,352750
92760.78,352760
13110.4,352770
16006.34,352780
27668.38,352790
37499.33,352800
20981.79,352810
20360.32,352820
30597.45,352830
36310.82,352840
18456.83,352850
22714.0,352860
17957.64,352870
28270.2,352880
57888.43,352885
14105.25,352890
35098.66,352900
17879.4,352910
18294.11,352920
47615.93,352930
34430.52,352940
32438.03,352950
60692.11,352960
31523.14,352965
46740.36,352970
13627.43,352980
20952.66,352990
21848.8,353000
20746.21,353010
20114.52,353020
32141.8,353030
35456.5,353040
31325.49,353050
36381.52,353060
37802.36,353070
50482.71,353080
28464.8,353090
24184.29,353100
19676.56,353110
23939.32,353120
38301.77,353130
24340.2,353140
29747.43,353150
23387.73,353160
13995.28,353170
58111.83,353180
28758.44,353190
37230.26,353200
18480.12,353205
16123.37,353210
34639.15,353215
31207.78,353220
11048.15,353230
19790.93,353240
24450.17,353250
26465.89,353260
17286.99,353270
21454.62,353280
12860.19,353282
20421.7,353284
36346.56,353286
19138.73,353290
20172.02,353300
14366.57,353310
35032.67,353320
11137.42,353325
11281.71,353330
64438.94,353340
28193.7,353350
54664.34,353360
24990.95,353370
37435.98,353380
38559.28,353390
37107.07,353400
15532.92,353410
43203.37,353420
39483.88,353430
117298.82,353440
34497.28,353450
24730.19,353460
29151.05,353470
36848.47,353475
13588.3,353480
19886.77,353490
25047.33,353500
9267.56,353510
19927.66,353520
30453.86,353530
17416.08,353540
33955.25,353550
16255.07,353560
28963.86,353570
37704.46,353580
31464.84,353590
31274.38,353600
42239.25,353610
26979.75,353620
43720.38,353625
47893.48,353630
21818.58,353640
341552.82,353650
19694.19,353657
24567.9,353660
43937.88,353670
15192.31,353680
25215.85,353690
63190.13,353700
26382.27,353710
42284.71,353715
13474.72,353720
25467.09,353730
29881.28,353740
22807.86,353750
24403.9,353760
16033.77,353770
23365.29,353780
25490.29,353790
50325.32,353800
21823.83,353810
18195.86,353820
15113.75,353830
12125.52,353850
19797.36,353860
68843.7,353870
26133.1,353880
18787.88,353890
23697.82,353900
25816.09,353910
26409.04,353920
37571.24,353930
17487.52,353940
28086.03,353950
25801.1,353960
25599.98,353970
38131.3,353980
19752.31,353990
58161.89,354000
21514.53,354010
18213.93,354020
16766.27,354025
30832.13,354030
23389.52,354040
19055.11,354050
56431.41,354060
38251.13,354070
9547.78,354075
26416.74,354080
8026.41,354085
29431.31,354090
23432.68,354100
22071.44,354105
18226.94,354110
23985.33,354120
19248.59,354130
36663.15,354140
19371.74,354150
33103.62,354160
29658.0,354165
34746.94,354170
245702.59,354180
25216.99,354190
24182.01,354200
35942.47,354210
31394.55,354220
14369.47,354230
36408.77,354240
15232.31,354250
37160.21,354260
23329.23,354270
14789.55,354280
22659.97,354290
17998.12,354300
30744.46,354310
34783.8,354320
17490.35,354323
25305.68,354325
25497.11,354330
50270.98,354340
12199.31,354350
33132.39,354360
17835.56,354370
30509.76,354380
50923.39,354390
37034.87,354400
14179.63,354410
17578.56,354420
90579.56,354425
27974.39,354430
20942.69,354440
26793.59,354450
18989.53,354460
15978.73,354470
22534.36,354480
308567.36,354490
12324.76,354500
15147.76,354510
29459.19,354515
65208.06,354520
41579.23,354530
23905.17,354540
84139.34,354550
21196.49,354560
24815.06,354570
31941.02,354580
17748.67,354600
35845.78,354610
28946.51,354620
25103.11,354625
15648.97,354630
41989.07,354640
16901.05,354650
37103.98,354660
74937.52,354670
26367.17,354680
13222.2,354690
20632.38,354700
18910.24,354710
23205.31,354720
67531.85,354730
24971.23,354740
24811.26,354750
25962.52,354760
21991.47,354765
19539.26,354770
42209.54,354780
22155.39,354790
50528.55,354800
24827.86,354805
28733.24,354810
17552.11,354820
12549.53,354830
14223.41,354840
52509.91,354850
19642.34,354860
60871.06,354870
85062.97,354880
46832.89,354890
16179.2,354900
35866.22,354910
17695.86,354920
19737.7,354925
21929.12,354930
28047.4,354940
19225.79,354950
12215.82,354960
35488.22,354970
40759.29,354980
60194.93,354990
16158.58,354995
15911.03,355000
26106.86,355010
23793.9,355020
62341.21,355030
22416.24,355040
22233.55,355050
34699.1,355060
40181.39,355070
24086.11,355080
30305.11,355090
15164.69,355100
15472.98,355110
18239.99,355120
68468.34,355130
11829.76,355140
22354.28,355150
25415.51,355160
43146.2,355170
25297.39,355180
13747.22,355190
12078.41,355200
21849.12,355210
54878.75,355220
23101.64,355230
52557.85,355240
40453.09,355250
40748.42,355255
20075.44,355260
15222.13,355270
30423.33,355280
25464.7,355290
18991.64,355300
14875.81,355310
19959.4,355320
24622.1,355330
36753.82,355340
18965.41,355350
20062.8,355360
13720.59,355365
26675.19,355370
35061.88,355380
39001.74,355385
15665.38,355390
39485.53,355395
34164.15,355400
58290.8,355410
19992.61,355420
21690.24,355430
14803.11,355440
43988.31,355450
18678.26,355460
12891.91,355465
20794.75,355470
21090.7,355475
15575.15,355480
18055.42,355490
20674.24,355495
29449.71,355500
20163.93,355510
19494.84,355520
34229.02,355530
47473.26,355535
26241.36,355540
19225.76,355550
23905.87,355560
24311.01,355570
25440.67,355580
31465.46,355590
29568.06,355600
24873.67,355610
50785.35,355620
31420.79,355630
12552.31,355635
23134.13,355640
41345.61,355645
23860.4,355650
16262.4,355660
122747.3,355670
18168.08,355680
30427.55,355690
19656.29,355695
27816.38,355700
31236.51,355710
33303.78,355715
17161.02,355720
28196.3,355730
25316.37,410010
36344.53,410020
23289.03,410030
13747.91,410040
38678.23,410045
16874.84,410050
21709.38,410060
27493.12,410070
21856.82,410080
26673.33,410090
31119.18,410100
30793.2,410105
37736.32,410110
38255.86,410115
29795.88,410120
26108.84,410130
25602.65,410140
40422.28,410150
43752.73,410160
31093.72,410165
33735.86,410170
130033.87,410180
36895.36,410185
29088.35,410190
35143.55,410200
28300.0,410210
37269.7,410220
58036.14,410230
25807.42,410240
18328.98,410250
25651.92,410260
29236.2,410270
19710.62,410275
30194.3,410280
22011.72,410290
49048.95,410300
35254.0,410302
34098.44,410304
18559.39,410305
15514.08,410310
19826.98,410315
16930.59,410320
54468.9,410322
30031.47,410330
32591.03,410335
62846.02,410337
22180.82,410340
75275.81,410345
21703.28,410347
18223.65,410350
30069.64,410360
38644.48,410370
26060.52,410380
29100.62,410390
26086.44,410395
36457.57,410400
34941.05,410405
25310.07,410410
35770.78,410420
14833.09,410425
40804.93,410430
21646.3,410440
30816.84,410442
19102.32,410445
30783.11,410450
81461.05,410460
63624.53,410465
24469.09,410470
38368.71,410480
38661.79,410490
23842.55,410500
19830.47,410510
18086.45,410520
51482.64,410530
34459.48,410540
34325.18,410550
32714.3,410560
31042.35,410570
22165.61,410580
29065.6,410590
22636.23,410600
27066.22,410610
21698.39,410620
39551.11,410630
35291.25,410640
25754.14,410645
32513.78,410650
19402.33,410655
27000.68,410657
40132.68,410660
38673.2,410670
20022.18,410680
38235.33,410685
49706.64,410690
14767.7,410700
62312.67,410710
16271.98,410712
19426.89,410715
41240.19,410720
72694.77,410725
27692.0,410730
36074.3,410740
33270.05,410750
31246.86,410752
52472.96,410753
29093.66,410754
42093.8,410755
26156.73,410760
25024.45,410765
30384.13,410770
33059.66,410773
17357.07,410775
37111.35,410780
25790.87,410785
28288.66,410790
24155.22,410800
21858.57,410810
42512.44,410820
61023.61,410830
27636.22,410832
36116.23,410840
26606.46,410845
22177.01,410850
17599.84,410855
30686.79,410860
24881.81,410865
20909.17,410870
29169.51,410880
37146.79,410890
26823.16,410895
27353.16,410900
29376.08,410910
23096.86,410920
29598.66,410930
33639.89,410940
13851.32,410950
23625.23,410960
37393.15,410965
22229.27,410970
23231.92,410975
50745.95,410980
28180.4,410990
36979.96,411000
27853.4,411005
16574.2,411007
26669.17,411010
15548.34,411020
18393.83,411030
118889.63,411040
30850.02,411050
25353.71,411060
33711.64,411065
31288.77,411070
26865.68,411080
21343.68,411090
33176.2,411095
23983.96,411100
28600.76,411110
44647.56,411120
18132.03,411125
26656.95,411130
26702.09,411140
26016.33,411150
24654.05,411155
34675.25,411160
20693.59,411170
32325.23,411180
59386.81,411190
42686.56,411200
36347.92,411210
29665.65,411220
21091.09,411230
24992.73,411240
23923.39,411250
29971.91,411260
17956.9,411270
37960.52,411275
48743.87,411280
24470.13,411290
42752.82,411295
31990.53,411300
27531.76,411310
37484.15,411320
14445.27,411325
24626.8,411330
34920.57,411340
25421.03,411342
35754.63,411345
25707.4,411350
38509.3,411360
37912.12,411370
43269.18,411373
18799.05,411375
20045.22,411380
50674.24,411390
42818.84,411400
27297.94,411410
43488.69,411420
22698.45,411430
21151.17,411435
87398.56,411440
27527.4,411450
44301.02,411460
17636.87,411470
42152.39,411480
36487.46,411490
21331.67,411500
20275.46,411510
45582.78,411520
44042.53,411530
61070.9,411535
29585.51,411540
18823.68,411545
17300.63,411550
47094.28,411560
22889.12,411570
21953.43,411573
29157.13,411575
42295.89,411580
35575.21,411585
45844.52,411590
22522.43,411600
34102.36,411605
24678.09,411610
21433.48,411620
24434.74,411630
18574.49,411640
26697.52,411650
22018.09,411660
53014.47,411670
37467.13,411680
26324.58,411690
22386.84,411695
26476.6,411700
19118.69,411705
26130.55,411710
15814.54,411720
19148.28,411721
41109.38,411722
30312.93,411725
23235.39,411727
24005.78,411729
131023.33,411730
28896.69,411740
29760.53,411745
20062.32,411750
22797.44,411760
39712.01,411770
19234.27,411780
67284.29,411790
23364.6,411800
29032.51,411810
62846.15,411820
19111.7,411830
30396.71,411840
30416.65,411845
48310.9,411850
47695.42,411860
43590.66,411870
22630.63,411880
29873.64,411885
40850.36,411890
24596.53,411900
65847.99,411910
48884.67,411915
24307.81,411920
20088.36,411925
48578.45,411930
31884.3,411940
12388.67,411950
28612.29,411960
27795.7,411965
24196.76,411970
23639.44,411980
44361.09,411990
32769.62,411995
46861.1,412000
23467.99,412010
33474.87,412015
29476.99,412020
16830.35,412030
31699.05,412033
38984.45,412035
28530.51,412040
26565.37,412050
24214.31,412060
48439.37,412065
26119.19,412070
66966.03,412080
42786.53,412085
38015.77,412090
18034.21,412100
35722.85,412110
21372.01,412120
18437.68,412125
31645.64,412130
50132.53,412135
36502.94,412140
25723.74,412150
37962.99,412160
22585.77,412170
20842.56,412175
39231.49,412180
18100.32,412190
41222.54,412200
21272.72,412210
23282.77,412215
19432.76,412217
37965.68,412220
36276.33,412230
41850.38,412240
39279.1,412250
34230.29,412260
19023.22,412265
74753.5,412270
26176.13,412280
15598.48,412290
25169.77,412300
22861.92,412310
33902.12,412320
35262.52,412330
22839.1,412340
36940.6,412350
27485.42,412360
22110.85,412370
23152.68,412380
30455.26,412382
17016.91,412385
31161.98,412390
21237.26,412395
19798.76,412400
37355.25,412402
24855.93,412405
27182.25,412410
19333.91,412420
32946.71,412430
24890.95,412440
62233.49,412450
46166.5,412460
19048.82,412470
68497.31,412480
22764.54,412490
25658.82,412500
33833.14,412510
31711.18,412520
47036.48,412530
22108.61,412535
23575.66,412540
20952.05,412545
92666.2,412550
25321.24,412555
27743.54,412560
39875.96,412570
31218.46,412575
27889.48,412580
28661.38,412590
24990.7,412600
29323.21,412610
16003.45,412620
17895.34,412625
161582.88,412627
23146.13,412630
46480.15,412635
54174.2,412640
42814.91,412650
26454.55,412660
33431.62,412665
20244.07,412667
23532.96,412670
32376.98,412680
23644.23,412690
30454.31,412700
45262.3,412710
27304.94,412720
22053.46,412730
35701.23,412740
41034.48,412750
19467.06,412760
44016.71,412770
25496.39,412780
27064.98,412785
13604.11,412788
21904.77,412790
40264.65,412795
32652.63,412796
44361.58,412800
33320.17,412810
27892.18,412820
24991.58,412830
24113.64,412840
27870.14,412850
20467.55,412853
27934.28,412855
39178.09,412860
33237.18,412862
12385.52,412863
33986.43,412865
51168.76,412870
16780.39,412880
25435.92,420005
36959.79,420010
25390.33,420020
29713.26,420030
49860.9,420040
17174.07,420050
46438.81,420055
27014.44,420060
26906.11,420070
31313.91,420075
25485.69,420080
27782.26,420090
23969.42,420100
19263.33,420110
92691.19,420120
37327.38,420125
40781.33,420127
127363.81,420130
28453.67,420140
24315.09,420150
27448.76,420160
51594.15,420165
26534.35,420170
31379.01,420180
31156.51,420190
13746.43,420195
42524.8,420200
18729.02,420205
15192.38,420207
29664.12,420208
22001.96,420209
62782.08,420210
24209.07,420213
19688.36,420215
28335.24,420220
32388.1,420230
48416.09,420240
24821.11,420243
36504.73,420245
27981.62,420250
39572.0,420253
25122.73,420257
31496.29,420260
62007.39,420270
40006.08,420280
41551.22,420285
37243.84,420287
51452.46,420290
44916.25,420300
40779.62,420310
23494.43,420315
20293.69,420320
54182.09,420325
46717.97,420330
32613.5,420340
32656.83,420350
60541.09,420360
16834.44,420370
32281.64,420380
41536.8,420390
36842.78,420395
40167.45,420400
38766.6,420410
21794.66,420415
25680.42,420417
26883.79,420419
47749.34,420420
41028.53,420425
49873.96,420430
67300.1,420435
28419.72,420440
18773.18,420445
29250.67,420450
48375.71,420455
38244.79,420460
53821.99,420470
26462.84,420475
37601.08,420480
27429.69,420490
26756.45,420500
28093.61,420510
29203.6,420515
15794.36,420517
45273.94,420519
31044.28,420520
44140.24,420530
31032.78,420535
43842.54,420540
22686.89,420543
33522.35,420545
26820.6,420550
35923.62,420555
26615.37,420560
26747.51,420570
60530.07,420580
45770.14,420590
24354.3,420600
37870.44,420610
23021.04,420620
42015.66,420630
34425.63,420640
43680.4,420650
32310.17,420660
53957.22,420665
21339.8,420670
26876.47,420675
35305.32,420680
24861.94,420690
45319.13,420700
51052.59,420710
19339.12,420720
45060.37,420730
28200.33,420740
42868.69,420750
55101.45,420757
19747.77,420760
32640.88,420765
33683.34,420768
46902.09,420770
24958.01,420775
23252.95,420780
20147.76,420785
29850.57,420790
49903.03,420800
35669.31,420810
128522.07,420820
32775.24,420830
49370.7,420840
44666.77,420845
38557.64,420850
35562.53,420860
36224.67,420870
29042.3,420880
55182.83,420890
32746.01,420895
59987.65,420900
58476.9,420910
21393.7,420915
25727.77,420917
46827.1,420920
35366.36,420930
19468.57,420940
35283.63,420945
41614.7,420950
25361.32,420960
26388.0,420970
32218.1,420980
25267.94,420985
29482.65,420990
38568.39,421000
33558.29,421003
30261.42,421005
35073.85,421010
15215.04,421020
25985.61,421030
27404.39,421040
54385.6,421050
35874.87,421055
32770.59,421060
20415.0,421070
38113.91,421080
25324.33,421085
28260.38,421090
60779.85,421100
17778.81,421105
21075.78,421110
37437.98,421120
34941.55,421125
57504.74,421130
36706.67,421140
31008.2,421145
43355.14,421150
50198.58,421160
36943.05,421165
39567.11,421170
41157.57,421175
26860.97,421180
42287.87,421185
27271.38,421187
25396.87,421189
34839.9,421190
28299.5,421200
42248.08,421205
42742.91,421210
31485.54,421220
33186.54,421223
20035.2,421225
32135.25,421227
26748.8,421230
36448.83,421240
25178.04,421250
33694.36,421260
9594.55,421265
30438.7,421270
47933.93,421280
56229.55,421290
52148.31,421300
193096.39,421310
38662.51,421315
63363.13,421320
27967.28,421330
33428.01,421335
19552.38,421340
59036.47,421350
21990.79,421360
31673.51,421370
23157.14,421380
35017.76,421390
41297.81,421400
22420.09,421410
25337.46,421415
36906.9,421420
47625.96,421430
35241.53,421440
27017.14,421450
27720.65,421460
28877.4,421470
40727.01,421480
53122.67,421490
29132.27,421500
23875.98,421505
27243.67,421507
26475.08,421510
18688.66,421520
28448.25,421530
18568.03,421535
42709.82,421540
26397.8,421545
28614.19,421550
33988.68,421555
26842.89,421560
18190.39,421565
22070.79,421567
21547.19,421568
27850.88,421569
39861.8,421570
27413.65,421575
39331.23,421580
25962.51,421590
38241.56,421600
28810.81,421605
32876.26,421610
80372.51,421620
42910.29,421625
24639.67,421630
55256.29,421635
27996.73,421640
33206.44,421650
45787.06,421660
30230.09,421670
31619.23,421680
46216.41,421690
51820.3,421700
25522.0,421710
21727.5,421715
41379.69,421720
15041.97,421725
39466.85,421730
24567.23,421740
51112.07,421750
26700.38,421755
37536.34,421760
26450.03,421770
25678.98,421775
36282.1,421780
50470.93,421790
37113.32,421795
45190.48,421800
24150.0,421810
44482.14,421820
24138.59,421825
59705.74,421830
53859.51,421835
23241.95,421840
90720.45,421850
37635.93,421860
37487.1,421870
31286.67,421875
41535.79,421880
26698.64,421885
26400.96,421890
27023.91,421895
39245.02,421900
39484.15,421910
26536.57,421915
98864.56,421917
45148.67,421920
50919.89,421930
23877.94,421935
33156.27,421940
37206.72,421950
40145.77,421960
36174.41,421970
24508.49,421985
19007.78,422000
51427.97,430003
86483.57,430005
32617.2,430010
42986.78,430020
19836.1,430030
29053.31,430040
32016.16,430045
83079.79,430047
85727.21,430050
37798.82,430055
39557.12,430057
13520.93,430060
17206.69,430063
18247.94,430064
79828.86,430066
35488.74,430070
50466.34,430080
38429.83,430085
33932.7,430087
161053.93,430090
60183.67,430100
24399.48,430105
19334.11,430107
18980.09,430110
24757.02,430120
29657.67,430130
24700.81,430140
48140.11,430150
30993.5,430155
26037.08,430160
17131.86,430163
41697.83,430165
36917.03,430170
19140.71,430175
39560.53,430180
14316.63,430185
40660.28,430187
24729.66,430190
31673.56,430192
51928.55,430195
18121.7,430200
17704.69,430205
52716.31,430210
70251.35,430215
36628.33,430220
101870.5,430222
66065.82,430223
31240.16,430225
39264.76,430230
50752.5,430235
31795.0,430237
25682.39,430240
17725.53,430245
51655.07,430250
61743.71,430258
28178.36,430260
18037.82,430265
22615.77,430270
25725.54,430280
26984.17,430290
29374.75,430300
43649.77,430310
22959.12,430320
37856.56,430330
23613.27,430340
32919.78,430350
61436.54,430355
27804.2,430360
45192.78,430367
29782.5,430370
42920.76,430380
48004.71,430390
51486.14,430400
26817.77,430410
27089.73,430420
39167.45,430430
67760.07,430435
27914.98,430440
23159.16,430450
59519.12,430460
28808.25,430461
115924.05,430462
30331.54,430463
87849.89,430465
21717.1,430466
45504.38,430467
19045.97,430468
27754.65,430469
50724.42,430470
14470.38,430471
92970.37,430480
31919.27,430485
52896.24,430490
39978.64,430495
43594.08,430500
52873.85,430510
28723.78,430511
17658.07,430512
16125.34,430513
24181.58,430515
14989.51,430517
54767.65,430520
49903.9,430530
33757.46,430535
28097.7,430537
54257.77,430540
56942.3,430543
21076.98,430544
18951.92,430545
31816.45,430550
26910.45,430558
61256.2,430560
55156.8,430570
32747.57,430580
26491.41,430583
47132.69,430585
49742.89,430587
41327.1,430590
26025.73,430593
40852.06,430595
79951.42,430597
28041.7,430600
25161.25,430605
23222.91,430607
62863.69,430610
48303.01,430613
31948.89,430620
30150.45,430630
34376.81,430632
17769.06,430635
47819.06,430637
63947.67,430640
56830.73,430642
31928.25,430645
18987.63,430650
23275.71,430655
34983.97,430660
25114.74,430670
41626.88,430673
27701.82,430675
52785.94,430676
41910.47,430680
23372.46,430690
52764.7,430692
49641.16,430693
79713.19,430695
41265.69,430697
50095.39,430700
45966.89,430705
20527.53,430710
22526.27,430720
33140.32,430730
64613.59,430740
28157.73,430745
46101.17,430750
47757.2,430755
30854.19,430760
41305.97,430770
48173.99,430780
36601.25,430781
88043.04,430783
32344.96,430786
49247.12,430790
32699.87,430800
26407.61,430805
23486.0,430807
34291.01,430810
60310.2,430820
34795.11,430825
21591.54,430830
30077.19,430840
19134.03,430843
72744.9,430845
39372.51,430850
67965.25,430860
45717.92,430865
42608.84,430870
26399.76,430880
68366.64,430885
39340.86,430890
50398.98,430900
32951.24,430905
62317.96,430910
27446.03,430912
20238.23,430915
44034.18,430920
48050.98,430925
65607.03,430930
36897.65,430940
38299.01,430950
38744.77,430955
18393.05,430957
90082.54,430960
28938.73,430965
34590.95,430970
21319.67,430975
49706.65,430980
38370.92,430990
34495.4,430995
55456.34,431000
52771.02,431010
45258.76,431020
27463.45,431030
22297.87,431033
84475.19,431036
45536.0,431040
30690.65,431041
33582.73,431043
56555.73,431046
28526.6,431050
22141.41,431053
29026.36,431055
28252.86,431057
37236.12,431060
31459.73,431065
19887.36,431070
27596.44,431075
40758.91,431080
26164.33,431085
43292.02,431087
41071.86,431090
26408.34,431100
24440.46,431110
18836.69,431112
57147.62,431113
58809.2,431115
63845.69,431120
19729.38,431123
17625.25,431125
56779.8,431127
41206.3,431130
55616.48,431140
21619.28,431142
33310.31,431150
27196.66,431160
51976.11,431162
32043.58,431164
33590.76,431170
61937.87,431171
19828.17,431173
36739.57,431175
20739.97,431177
28517.01,431179
50305.26,431180
30265.96,431190
20801.92,431198
26985.32,431200
24372.79,431205
24054.36,431210
37010.45,431213
37801.06,431215
33553.87,431217
25208.26,431220
24568.1,431225
27171.62,431230
40916.78,431235
22224.69,431237
29148.95,431238
60162.81,431240
32577.49,431242
19620.18,431244
14975.02,431245
32825.74,431247
31826.49,431250
53058.9,431260
132929.96,431261
27309.01,431262
77534.17,431265
52506.99,431267
34166.32,431270
47318.56,431275
51277.1,431280
60329.08,431290
56703.51,431295
36019.65,431300
61357.32,431301
24333.61,431303
31759.49,431306
27910.37,431308
46298.6,431310
40047.16,431320
47844.43,431330
64608.69,431333
48718.97,431335
61968.54,431337
22505.89,431339
39592.6,431340
40157.09,431342
23681.87,431344
34123.27,431346
23657.27,431349
36828.12,431350
32214.19,431360
41667.33,431365
44696.96,431370
29815.28,431380
51209.05,431390
42654.89,431395
41171.38,431400
22265.24,431402
26142.48,431403
23180.55,431405
19440.1,431406
27936.65,431407
48355.12,431410
44858.74,431413
22362.63,431415
84539.1,431417
21268.82,431420
62472.84,431430
27586.96,431440
56938.63,431442
33082.96,431445
113542.03,431446
174832.76,431447
20254.2,431449
24912.28,431450
19129.73,431454
28374.07,431455
23343.32,431460
20998.63,431470
45045.68,431475
66924.41,431477
38479.69,431478
34120.19,431480
55555.39,431490
22997.4,431500
27350.07,431505
25347.9,431507
17981.83,431510
28937.89,431513
56999.61,431514
20956.19,431515
31270.88,431517
25754.96,431520
21163.9,431530
61859.65,431531
60585.43,431532
41394.3,431535
15394.73,431540
25645.81,431545
28918.52,431550
31645.84,431555
50649.06,431560
25543.47,431570
27982.83,431575
42236.4,431580
33263.64,431590
45610.42,431595
30611.38,431600
33216.87,431610
38094.93,431620
115314.66,431630
23588.27,431640
23893.28,431642
57199.81,431643
71304.66,431645
49437.09,431647
36210.21,431650
39372.43,431660
95354.13,431670
50837.04,431673
44965.18,431675
75387.36,431680
31074.58,431690
32726.17,431695
71905.47,431697
25823.79,431700
33978.58,431710
43564.15,431720
24005.63,431725
42059.92,431730
32137.33,431740
36452.12,431750
35172.61,431755
33598.69,431760
40891.26,431770
55780.97,431775
40139.72,431780
41951.41,431790
31795.97,431795
32111.87,431800
23279.62,431805
25633.4,431810
33374.47,431820
29026.39,431830
25171.99,431840
28932.19,431842
34152.22,431843
31897.22,431844
24242.32,431845
25191.31,431846
26620.56,431848
51513.97,431849
15383.15,431850
41911.39,431860
27162.86,431861
33039.78,431862
42740.23,431870
29051.89,431880
42725.05,431890
46359.02,431900
45876.61,431910
57840.58,431912
67916.79,431915
31345.37,431920
27904.62,431930
21716.31,431935
35546.64,431936
37916.31,431937
24322.33,431940
27962.06,431950
38242.63,431960
28950.58,431970
27126.41,431971
21544.51,431973
39206.62,431975
29922.16,431980
42829.26,431990
25082.24,432000
40917.78,432010
35655.5,432020
40703.8,432023
17518.37,432026
45577.39,432030
33537.23,432032
15857.98,432035
38252.26,432040
24533.2,432045
55520.4,432050
43351.59,432055
34350.55,432057
29298.28,432060
24759.6,432065
20665.35,432067
25642.1,432070
30505.38,432080
21746.23,432085
51459.43,432090
45504.26,432100
21353.99,432110
24898.78,432120
30804.53,432130
41669.57,432132
16641.01,432135
35804.4,432140
21649.16,432143
46107.65,432145
37236.82,432146
24172.79,432147
24895.52,432149
32674.87,432150
21412.22,432160
26340.3,432162
36145.68,432163
24496.05,432166
31690.01,432170
46448.67,432180
21516.96,432183
34250.05,432185
38458.04,432190
36330.87,432195
283449.62,432200
39570.96,432210
17694.75,432215
39609.66,432218
50428.29,432220
102772.99,432225
37621.0,432230
30520.56,432232
32576.75,432234
45996.51,432235
30880.96,432237
22723.78,432240
37130.0,432250
26059.53,432252
20325.27,432253
25262.54,432254
30544.06,432255
48418.68,432260
26080.29,432270
59023.52,432280
38441.36,432285
31316.29,432290
15830.63,432300
21695.46,432310
57756.61,432320
64866.36,432330
51555.19,432335
51216.28,432340
27686.75,432345
34239.96,432350
36063.89,432360
25341.16,432370
30906.56,432375
61267.0,432377
33779.0,432380
72697.25,500020
31408.71,500025
24687.68,500060
19920.79,500070
28893.11,500080
69115.29,500085
41772.03,500090
45011.95,500100
20066.24,500110
41634.47,500124
56188.43,500150
36508.57,500190
34274.24,500200
22409.49,500210
27953.4,500215
36096.37,500220
50563.94,500230
41253.43,500240
30870.93,500260
33744.98,500270
19664.57,500280
29023.03,500290
74367.1,500295
18707.58,500310
14023.78,500315
24943.59,500320
73646.96,500325
26639.52,500330
23515.68,500345
18698.47,500348
21727.63,500350
42475.75,500370
28848.12,500375
25685.44,500380
34421.27,500390
21047.59,500400
24432.46,500410
25947.89,500430
62115.65,500440
32644.01,500450
32462.59,500460
59623.6,500470
11822.69,500480
27648.51,500490
22871.58,500500
75005.78,500510
43011.93,500515
15570.66,500520
67012.48,500525
54120.27,500540
18405.33,500560
29644.03,500568
34783.52,500570
22624.0,500580
70487.71,500600
39723.14,500620
46778.58,500625
133056.6,500627
32574.25,500630
12615.53,500635
29086.28,500640
34790.71,500660
20712.39,500690
45616.41,500710
62231.67,500720
21884.28,500730
24411.26,500740
32569.38,500750
32562.56,500755
58810.0,500769
24783.11,500770
353522.3,500780
34547.03,500790
39658.49,500793
17127.01,500795
30602.87,500797
26079.71,500800
85297.87,500830
43708.35,500840
15620.31,510010
41982.75,510020
30101.46,510025
44668.36,510030
18089.11,510035
55068.46,510040
10754.99,510050
79080.07,510060
16475.26,510080
22233.23,510100
22538.87,510120
28084.76,510125
18448.65,510130
42001.25,510140
10558.33,510160
36984.98,510170
34588.89,510180
48558.94,510185
48161.65,510190
20240.1,510250
18497.31,510260
96181.92,510263
53750.52,510267
193805.46,510268
27152.13,510269
59476.06,510270
17449.86,510279
15448.24,510285
36303.0,510300
37123.61,510305
29071.53,510310
26962.96,510320
14598.35,510325
35340.2,510330
28544.85,510335
24255.35,510336
11481.75,510337
40199.11,510340
23236.94,510343
58998.19,510345
111197.06,510350
39153.16,510360
36809.85,510370
16995.47,510380
70563.48,510385
41065.81,510390
26613.31,510395
24546.46,510410
27685.19,510420
26703.81,510450
95783.77,510452
42589.75,510454
49587.44,510455
96869.1,510460
34658.54,510480
21552.84,510490
33264.0,510500
25082.12,510510
26594.97,510515
13021.48,510517
28274.17,510520
41822.07,510523
68110.99,510525
14918.12,510530
21081.65,510550
32044.25,510558
60747.43,510560
28243.11,510562
40041.68,510590
24227.45,510600
22758.27,510610
14653.26,510615
20032.73,510617
30022.39,510618
44744.84,510619
20226.14,510620
38427.47,510621
69624.89,510622
33892.1,510623
108284.61,510624
30776.46,510625
24396.86,510626
14762.93,510627
69119.01,510628
67449.28,510629
47321.97,510630
15737.55,510631
47656.32,510637
17403.45,510642
33361.48,510645
17614.59,510650
11889.01,510665
15643.79,510670
33777.61,510675
20214.95,510677
94500.46,510680
18562.03,510682
18608.94,510685
32651.83,510700
63190.05,510704
88859.47,510706
19961.11,510710
14086.76,510715
34828.72,510718
37141.82,510719
17807.09,510720
90226.51,510724
26249.14,510726
11204.39,510729
38571.23,510730
56334.34,510735
13837.63,510740
17104.34,510757
48787.08,510760
17901.65,510770
48765.38,510774
17642.5,510775
150426.3,510776
17950.41,510777
75572.46,510779
25766.61,510780
61169.77,510785
100073.42,510787
23124.04,510788
46126.47,510790
69023.0,510792
50365.94,510794
32992.97,510795
64161.87,510800
29480.61,510805
39286.96,510810
30773.45,510820
52310.26,510830
18056.98,510835
30166.68,510840
45199.09,510850
20273.24,510860
21148.99,510880
74035.01,510885
58720.64,510890
21964.64,510895
23061.21,520005
17302.04,520010
29728.12,520013
14792.3,520015
46111.65,520017
24575.55,520020
9552.05,520025
34289.85,520030
22426.16,520050
147295.53,520055
28644.18,520060
16039.39,520080
18237.39,520082
12429.35,520085
21531.93,520090
38091.05,520110
16195.51,520120
19006.59,520130
24855.27,520140
34152.43,520145
73893.05,520150
16413.97,520160
11742.17,520170
12736.22,520180
16374.57,520215
50004.02,520235
20064.87,520250
18848.42,520260
20789.51,520280
15156.79,520310
99404.17,520320
35534.24,520330
21010.21,520340
29929.73,520350
10551.56,520355
22242.67,520357
30317.09,520360
21765.93,520380
32880.08,520390
18103.25,520393
23480.77,520396
32215.68,520400
18964.52,520410
21352.12,520420
101674.06,520425
52610.02,520430
26180.11,520440
29944.23,520450
14244.03,520455
15994.13,520460
18370.82,520465
20459.39,520470
56881.86,520480
15158.08,520485
14618.36,520490
22698.76,520495
27933.06,520500
30147.8,520505
64326.38,520510
14367.63,520520
29616.4,520530
28712.82,520540
35338.94,520545
139625.7,520547
11151.0,520549
16884.93,520551
14495.41,520552
23566.57,520570
18268.6,520580
57769.37,520590
42617.52,520620
27500.85,520630
35311.83,520640
21007.49,520650
23160.0,520660
11586.91,520670
14372.65,520680
203973.45,520690
23601.89,520710
31725.82,520725
75656.28,520735
54680.75,520740
16480.03,520750
17483.29,520753
19375.73,520760
14890.27,520780
10328.08,520790
20106.42,520800
15653.97,520810
44344.11,520815
13837.51,520830
19434.09,520840
24988.19,520850
22020.62,520860
34901.35,520870
19445.38,520880
23410.91,520890
45247.04,520910
32175.44,520915
18002.28,520920
18462.83,520929
16443.27,520940
32017.76,520945
15785.99,520960
50471.59,520970
17793.21,520980
12724.61,520990
31845.34,520993
25568.33,520995
21386.78,521000
52243.53,521010
19368.21,521015
22067.73,521020
18176.28,521030
29768.14,521040
16939.79,521056
15696.67,521060
23075.72,521080
16639.32,521090
30739.97,521100
18670.99,521120
33295.48,521130
17120.13,521140
39371.45,521150
40196.25,521160
45848.86,521170
15534.07,521180
52881.92,521190
18909.48,521200
13010.65,521205
28285.49,521210
28211.91,521220
26351.52,521225
34984.0,521230
19729.76,521250
24742.92,521260
10009.26,521270
23112.77,521280
20282.27,521290
24414.88,521295
15102.86,521300
41689.6,521305
31261.39,521308
41035.09,521310
23836.54,521340
10398.02,521350
40251.38,521370
63126.39,521375
15254.17,521377
30361.43,521380
19533.16,521385
21608.75,521390
44129.19,521400
21377.22,521405
17127.58,521410
21956.23,521440
27068.2,521450
25415.81,521460
16650.12,521470
22330.02,521480
29531.73,521483
15244.4,521486
14842.88,521487
14780.81,521490
14997.68,521500
22111.65,521520
8731.88,521523
23400.28,521525
35362.44,521530
36037.21,521540
112445.19,521550
18341.43,521560
29033.87,521565
38300.63,521570
16696.21,521580
39472.57,521590
31319.12,521600
19672.39,521630
90385.45,521640
121220.92,521645
15237.55,521680
67629.63,521690
33295.33,521710
39230.32,521720
20791.99,521730
30659.96,521740
13417.67,521760
27498.78,521770
21380.38,521800
46146.43,521805
53653.44,521810
16315.04,521830
17745.93,521839
35361.2,521850
23256.37,521860
16275.28,521870
80369.12,521878
42360.16,521880
23773.8,521890
21247.75,521900
16047.76,521910
48198.58,521920
30089.15,521925
29470.18,521930
21943.36,521935
17785.6,521940
25080.59,521945
19843.2,521950
19005.65,521960
16696.07,521970
49250.1,521971
21641.28,521973
10149.07,521975
13441.48,521980
16462.44,521990
28849.37,522000
36046.5,522005
28515.88,522010
26297.83,522015
22776.96,522020
38792.99,522026
19445.83,522028
56444.89,522040
32541.96,522045
50495.74,522050
36465.75,522060
15976.29,522068
18244.62,522070
20158.19,522100
10091.24,522108
23305.5,522119
19088.63,522130
17333.95,522140
14821.32,522145
21005.32,522150
64847.69,522155
16804.54,522157
23172.57,522160
19857.96,522170
31215.73,522180
16131.87,522185
17782.16,522190
34888.79,522200
39157.68,522205
18419.78,522220
35555.96,522230
90742.75,530010
