Nome_Município,abstencao,PIB per capita
Abaetetuba,31.782945736434108,9480.05
Abaeté,37.59398496240601,22262.55
Abreu e Lima,43.22766570605187,17756.99
Acarape,36.0,9544.34
Acaraú,53.10945273631841,11329.55
Acari,22.857142857142858,11739.54
Acará,42.2360248447205,13625.95
Acopiara,46.285714285714285,8527.43
Acrelândia,49.34210526315789,16623.6
Acreúna,72.64150943396226,29728.12
Adamantina,61.16207951070336,32400.51
Afogados da Ingazeira,56.10972568578554,12464.16
Afonso Cláudio,29.03225806451613,14487.2
Afrânio,60.18518518518518,8663.84
Agrestina,47.05882352941176,11341.74
Agudos,46.07843137254902,61650.21
Aimorés,42.66666666666667,18339.14
Alagoa Grande,32.960893854748605,9699.38
Alagoa Nova,31.9047619047619,15631.55
Alagoinha,40.44943820224719,7934.57
Alagoinha,40.44943820224719,9579.05
Alagoinhas,31.5929203539823,28109.5
Alcântara,36.734693877551024,5690.89
Alegre,34.285714285714285,15854.35
Alegrete,33.0078125,29053.31
Alenquer,44.20289855072464,10064.02
Alexandria,31.351351351351354,10712.92
Alexânia,58.08580858085809,34289.85
Alfenas,38.21989528795812,32281.39
Alhandra,51.955307262569825,96064.51
Aliança,37.24137931034483,8626.09
Almeirim,63.565891472868216,15974.52
Almenara,40.655105973025044,14543.15
Almirante Tamandaré,52.09424083769634,13747.91
Alpinópolis,30.254777070063692,20469.86
Alta Floresta,48.9051094890511,30101.46
Alta Floresta D'Oeste,55.10204081632652,21600.73
Altamira,37.97150041911148,24250.13
Altinho,42.028985507246375,7690.34
Alto Alegre,53.2258064516129,20335.17
Alto Alegre,53.2258064516129,29423.18
Alto Alegre,53.2258064516129,37798.82
Alto Paraíso,75.42372881355932,16728.75
Alto Paraíso,75.42372881355932,33237.18
Alto Santo,49.029126213592235,10677.98
Alto do Rodrigues,31.92488262910798,33606.28
Altos,33.76146788990826,11243.64
Alvarães,70.24793388429752,12221.58
Alvinópolis,36.84210526315789,18953.83
Alvorada,46.928746928746925,39825.35
Alvorada,46.928746928746925,13520.93
Alvorada D'Oeste,56.78391959798995,18065.91
Alvorada do Norte,51.06382978723404,16039.39
Alvorada do Sul,36.17021276595745,21856.82
Além Paraíba,44.857142857142854,23324.44
Amambai,43.83561643835616,24687.68
Amapá,63.934426229508205,17181.22
Amarante,42.38095238095238,8861.46
Amarante do Maranhão,41.089108910891085,7408.64
Amargosa,23.48993288590604,10559.06
Americana,42.72790535838553,49876.81
Amontada,57.72151898734177,11911.02
Amparo,46.1839530332681,11708.73
Amparo,46.1839530332681,58791.02
Ampére,39.74895397489539,31119.18
Amélia Rodrigues,18.404907975460123,13191.02
Anagé,48.44444444444444,8428.08
Anajatuba,59.70149253731343,6390.9
Anajás,45.94594594594595,7326.86
Anamã,70.0,8948.45
Ananindeua,34.00261894369271,15389.79
Ananás,50.0,15545.97
Anastácio,41.566265060240966,19920.79
Anchieta,36.8995633187773,34359.12
Anchieta,36.8995633187773,25485.69
Andradas,44.680851063829785,24442.94
Andradina,44.76386036960985,35989.67
Andrelândia,36.84210526315789,19071.66
Angicos,32.02416918429003,12469.25
Angra dos Reis,47.73869346733669,48212.88
Anori,37.735849056603776,9497.56
Anápolis,48.81764438381082,38091.05
Aparecida,57.388316151202744,10235.09
Aparecida,57.388316151202744,31641.35
Aparecida de Goiânia,44.232698094282846,24855.27
Aparecida do Taboado,56.4625850340136,45011.95
Apiaí,54.89510489510489,24660.33
Apodi,33.7995337995338,14347.04
Apucarana,39.733333333333334,25602.65
Apuí,60.396039603960396,10337.08
Aquidauana,39.140811455847256,20066.24
Aquiraz,56.379100850546784,32792.37
Aracaju,27.8921568627451,26688.23
Aracati,50.67466266866567,18818.74
Araci,36.5296803652968,8005.65
Aracoiaba,51.00222717149221,8688.06
Aracruz,36.473429951690825,53513.72
Aragarças,45.91836734693878,11742.17
Araguanã,59.61538461538461,12183.89
Araguanã,59.61538461538461,5162.19
Araguari,42.83783783783784,47199.52
Araguatins,47.486033519553075,12484.23
Araguaína,47.75545104745618,26101.59
Araioses,48.64864864864865,5818.86
Arame,53.23741007194245,7236.34
Arapiraca,31.12128146453089,21468.19
Arapoema,51.42857142857142,26957.92
Arapongas,40.7979407979408,40422.28
Arapoti,37.67123287671233,43752.73
Araputanga,53.95348837209303,28084.76
Araranguá,40.82503556187766,28453.67
Araraquara,42.05193160227992,42474.25
Araras,53.57624831309041,44204.85
Arari,38.71733966745843,8464.56
Araripe,52.20264317180616,7875.07
Araripina,47.73828756058158,12416.62
Araruama,43.026315789473685,27785.33
Araruna,31.63265306122449,8514.8
Araruna,31.63265306122449,33735.86
Aratuba,46.666666666666664,10593.58
Araucária,45.2513966480447,130033.87
Araxá,43.90243902439025,60640.64
Araçatuba,50.577053632043445,39630.87
Araçoiaba,58.854166666666664,7289.28
Araçoiaba da Serra,43.529411764705884,24299.7
Araçuaí,42.786885245901644,12588.17
Arcos,42.066420664206646,42159.13
Arcoverde,53.10899780541332,14727.75
Areado,43.529411764705884,14927.38
Areia,18.994413407821227,10037.35
Areia Branca,35.50488599348534,26529.59
Areia Branca,35.50488599348534,11918.21
Arenápolis,39.85507246376812,18448.65
Arinos,43.58108108108108,13067.34
Aripuanã,68.53932584269663,42001.25
Ariquemes,56.323060573857596,23908.38
Aroeiras,45.98930481283423,7633.56
Arraias,49.06542056074766,19777.41
Arroio Grande,33.89830508474576,29657.67
Arroio do Meio,59.34065934065934,60183.67
Artur Nogueira,46.31901840490797,23354.82
Arujá,40.49707602339181,72172.65
Assaré,60.582822085889575,8396.48
Assaí,40.839694656488554,29088.35
Assis,48.383620689655174,33929.37
Assis Chateaubriand,38.315217391304344,35143.55
Astorga,42.22222222222222,28300.0
Atalaia,50.0,19852.96
Atalaia,50.0,37269.7
Atibaia,51.062215477996965,48596.67
Augustinópolis,59.023354564755834,15236.49
Augusto Corrêa,50.79365079365079,7097.33
Auriflama,47.08994708994709,20446.54
Aurora,27.30496453900709,8503.8
Aurora,27.30496453900709,31156.51
Aurora do Pará,33.33333333333333,7071.37
Autazes,86.71875,9679.17
Avaré,53.08464849354376,30291.15
Açailândia,37.276785714285715,20961.74
Açu,29.211469534050178,21401.61
Bacabal,40.97345132743363,11978.0
Bacuri,42.44897959183673,6143.4
Baependi,39.87341772151899,15965.93
Bagé,34.68208092485549,26037.08
Baixa Grande,46.198830409356724,7669.59
Baixo Guandu,39.42857142857143,21340.63
Baião,34.48275862068966,10006.49
Balneário Camboriú,47.05202312138728,42524.8
Balsas,41.067457375833946,36836.83
Bambuí,35.0,23843.32
Banabuiú,62.34309623430963,10088.09
Bananeiras,32.72251308900523,10998.3
Bandeirantes,35.560344827586206,25807.42
Bandeirantes,35.560344827586206,56188.43
Baraúna,35.07853403141361,23128.49
Baraúna,35.07853403141361,9088.23
Barbacena,41.30982367758186,22749.16
Barbalha,54.41354292623942,17347.6
Barcarena,39.33649289099526,43064.73
Barcelos,72.02380952380952,6920.09
Barra,41.57608695652174,7100.75
Barra Bonita,35.77235772357724,31534.03
Barra Bonita,35.77235772357724,22001.96
Barra Mansa,44.29657794676806,29754.56
Barra da Estiva,35.824175824175825,12770.72
Barra de Guabiraba,49.56521739130435,9413.02
Barra de São Francisco,40.36458333333333,18296.73
Barra do Bugres,43.90243902439025,36984.98
Barra do Choça,39.02439024390244,12441.96
Barra do Corda,47.474747474747474,8072.67
Barra do Garças,45.65217391304348,34588.89
Barra do Piraí,47.900763358778626,21048.89
Barra do Turvo,53.06122448979592,12681.92
Barras,34.58528951486698,9344.35
Barreira,66.13924050632912,8177.63
Barreiras,32.16035634743875,33313.17
Barreirinha,70.8185053380783,8724.81
Barreirinhas,45.662100456621005,7714.75
Barreiros,51.461988304093566,10393.73
Barretos,42.857142857142854,39577.48
Barrinha,41.14583333333333,15258.36
Barro,28.436018957345972,8574.48
Barroquinha,33.064516129032256,7352.07
Barueri,42.640364188163886,192647.61
Barão de Cocais,35.26011560693642,25162.94
Barão de Grajaú,48.717948717948715,10824.92
Bataguassu,41.17647058823529,36508.57
Batalha,42.46031746031746,7730.17
Batalha,42.46031746031746,9414.33
Batatais,35.025380710659896,27051.01
Baturité,52.42494226327945,10928.65
Bauru,43.55275022542832,40668.42
Bayeux,29.096477794793262,14346.61
Bebedouro,52.338811630847026,42748.59
Beberibe,50.967741935483865,16294.11
Bela Cruz,36.71641791044776,8229.31
Bela Vista,52.083333333333336,22409.49
Belford Roxo,48.9261744966443,15785.96
Belo Horizonte,35.4176072234763,38695.31
Belo Jardim,38.64661654135338,25345.75
Belo Oriente,43.04635761589404,65595.25
Belém,30.64233064233064,21708.55
Belém,30.64233064233064,10752.78
Belém,30.64233064233064,24489.06
Belém do São Francisco,48.4,13932.2
Benevides,49.17197452229299,24874.67
Benjamin Constant,69.33962264150944,8162.05
Bento Gonçalves,42.003231017770595,52716.31
Bequimão,47.61904761904761,5776.96
Bertioga,53.52564102564102,28923.67
Beruri,77.19298245614034,8454.37
Betim,43.910806174957116,63882.75
Bezerros,50.99866844207723,12522.08
Biguaçu,34.80885311871227,32388.1
Birigui,48.72122762148338,27930.66
Blumenau,53.14190595089472,48416.09
Boa Esperança,47.201492537313435,19257.47
Boa Esperança,47.201492537313435,15301.17
Boa Esperança,47.201492537313435,49048.95
Boa Viagem,51.590594744121724,8623.92
Boa Vista,48.3125,26482.05
Boa Vista,48.3125,20544.17
Boa Vista do Ramos,74.65277777777779,7756.75
Boca da Mata,33.50785340314136,12993.09
Boca do Acre,100.0,12490.68
Bocaiúva,29.51219512195122,18831.59
Bodoquena,43.333333333333336,27953.4
Boituva,50.467289719626166,48245.53
Bom Conselho,40.334128878281625,11448.94
Bom Despacho,38.17663817663818,27680.94
Bom Jardim,44.916540212443095,7644.71
Bom Jardim,44.916540212443095,8597.38
Bom Jardim,44.916540212443095,25406.04
Bom Jesus,37.57309941520468,33342.98
Bom Jesus,37.57309941520468,8720.69
Bom Jesus,37.57309941520468,11480.13
Bom Jesus,37.57309941520468,39572.0
Bom Jesus,37.57309941520468,39264.76
Bom Jesus da Lapa,38.92857142857143,16025.54
Bom Jesus de Goiás,59.49820788530465,29929.73
Bom Jesus do Itabapoana,37.267080745341616,19644.43
Bom Sucesso,37.06896551724138,8532.14
Bom Sucesso,37.06896551724138,18079.95
Bom Sucesso,37.06896551724138,16930.59
Bonfim,51.162790697674424,27231.41
Bonfim,51.162790697674424,14898.51
Bonito,64.52599388379205,9839.24
Bonito,64.52599388379205,11990.22
Bonito,64.52599388379205,9891.34
Bonito,64.52599388379205,36096.37
Boqueirão,33.58490566037736,12168.09
Boquim,33.42696629213483,10924.98
Boquira,33.10344827586207,7730.22
Borba,83.16831683168317,7947.15
Botucatu,40.29126213592233,35049.84
Bragança,36.81043129388165,9122.72
Bragança Paulista,46.37223974763407,38406.56
Brasilândia de Minas,38.52813852813853,18338.43
Brasiléia,49.72677595628415,17307.35
Brasnorte,63.51351351351351,48161.65
Brasília,31.39861927895679,90742.75
Brasília de Minas,31.908831908831907,10746.87
Braço do Norte,52.58620689655172,40006.08
Brejetuba,42.25352112676056,14818.75
Brejinho de Nazaré,70.83333333333334,30936.09
Brejo,40.55299539170507,7016.68
Brejo Santo,54.44664031620553,13660.13
Brejo da Madre de Deus,43.812709030100336,7950.44
Brejões,54.0,8551.36
Breu Branco,50.0,9114.67
Breves,35.909822866344605,7880.38
Brotas de Macaúbas,39.130434782608695,8196.59
Brumadinho,40.159574468085104,62744.25
Brumado,35.2185089974293,25705.48
Brusque,57.009345794392516,51452.46
Buerarema,35.38461538461539,11425.49
Bujaru,32.515337423312886,14228.93
Buriti Bravo,40.55944055944056,7254.13
Buriti dos Lopes,43.710691823899374,9281.82
Buriticupu,41.51696606786427,7574.26
Buritis,48.53556485355649,18309.15
Buritis,48.53556485355649,31157.87
Butiá,37.9746835443038,22615.77
Caapiranga,75.73529411764706,12934.97
Caaporã,44.91525423728814,16698.65
Caarapó,52.752293577981646,41253.43
Cabedelo,30.526315789473685,43115.89
Cabo Frio,48.99095337508699,50871.17
Cabo de Santo Agostinho,43.574690150032616,47924.83
Cabreúva,48.19277108433735,107046.16
Cabrobó,53.4923339011925,12063.7
Cachoeira,33.66834170854271,12882.29
Cachoeira Paulista,42.926829268292686,18545.37
Cachoeira do Sul,23.809523809523807,29374.75
Cachoeiras de Macacu,45.77922077922078,19321.87
Cachoeirinha,42.4812030075188,12981.14
Cachoeirinha,42.4812030075188,10989.94
Cachoeirinha,42.4812030075188,43649.77
Cachoeiro de Itapemirim,35.650623885918,23516.87
Cacimba de Dentro,36.71875,7785.78
Cacoal,65.03496503496503,26483.95
Caculé,25.108225108225106,12363.09
Caetité,28.000000000000004,17758.11
Caeté,40.19607843137255,17875.95
Caetés,64.48087431693989,11162.38
Cafelândia,49.21465968586388,28578.22
Cafelândia,49.21465968586388,75275.81
Caicó,27.605956471935855,18847.18
Caieiras,37.89649415692821,38554.9
Cajamar,44.72727272727273,252959.85
Cajati,51.38121546961326,48844.3
Cajazeiras,40.654205607476634,18176.27
Cajuru,43.94904458598726,22842.97
Caldas Novas,57.299578059071735,29944.23
Camacan,44.83775811209439,9169.64
Camamu,44.479495268138805,10176.51
Camapuã,39.743589743589745,30870.93
Camaquã,30.59006211180124,32919.78
Camaragibe,39.67741935483871,13514.39
Camaçari,35.82458307597282,87735.29
Camboriú,43.916913946587535,20293.69
Cambuí,57.67326732673267,52872.6
Cambé,37.83783783783784,38644.48
Cametá,28.61111111111111,8346.73
Camocim,55.28942115768463,11306.83
Camocim de São Félix,44.15584415584416,8824.38
Campina Grande,27.134287032764192,23210.44
Campina Grande do Sul,41.61073825503356,36457.57
Campinas,43.44557044785878,54710.07
Campo Alegre,42.592592592592595,8940.84
Campo Alegre,42.592592592592595,46717.97
Campo Alegre de Lourdes,25.925925925925924,8404.03
Campo Belo,42.935779816513765,19282.73
Campo Bom,44.73684210526316,48004.71
Campo Formoso,32.42718446601941,13586.6
Campo Grande,39.758235919234856,10175.39
Campo Grande,39.758235919234856,9793.23
Campo Grande,39.758235919234856,33744.98
Campo Largo,37.11467324290999,35770.78
Campo Limpo Paulista,44.00715563506261,25363.13
Campo Magro,37.59398496240601,14833.09
Campo Maior,28.31168831168831,13552.06
Campo Mourão,40.572171651495445,40804.93
Campo Novo do Parecis,46.31147540983606,96181.92
Campo Verde,44.27083333333333,53750.52
Campo do Brito,25.882352941176475,11827.97
Campos Altos,48.07692307692308,18923.23
Campos Belos,55.98290598290598,14618.36
Campos Gerais,36.434108527131784,16190.96
Campos Novos,36.015325670498086,60541.09
Campos Sales,40.91680814940577,9754.59
Campos do Jordão,56.74157303370787,25312.3
Campos dos Goytacazes,42.90633608815427,57329.81
Canarana,44.18604651162791,7959.98
Canarana,44.18604651162791,59476.06
Canavieiras,38.28125,11055.45
Canaã dos Carajás,45.47872340425532,288812.06
Candeias,35.43758967001435,53758.72
Candeias,35.43758967001435,17063.76
Canela,56.95876288659794,27914.98
Canguaretama,48.06201550387597,16364.26
Canguçu,20.437956204379564,23159.16
Canindé,47.05314009661836,11541.95
Canindé de São Francisco,44.52554744525548,88713.54
Canoas,43.94641937145801,59519.12
Canoinhas,47.18446601941748,32281.64
Cansanção,43.34975369458128,8210.1
Canto do Buriti,38.92857142857143,11073.05
Canutama,55.35714285714286,8053.42
Capanema,35.207612456747405,16043.6
Capanema,35.207612456747405,30783.11
Capela,46.68587896253602,11234.51
Capela,46.68587896253602,11393.56
Capelinha,39.07766990291262,19011.8
Capim Grosso,40.61135371179039,13925.19
Capitão Poço,36.36363636363637,12508.81
Capivari,46.924829157175395,38526.42
Capão Bonito,51.81818181818182,20043.74
Capão da Canoa,51.1002444987775,30331.54
Capão do Leão,33.65384615384615,21717.1
Caracaraí,72.22222222222221,17238.65
Caraguatatuba,45.46925566343042,33193.25
Carangola,39.42598187311178,16980.01
Carapicuíba,44.6821900566394,15356.09
Caratinga,37.27106227106227,19989.09
Carauari,73.23420074349443,11940.27
Caravelas,45.925925925925924,15702.49
Carazinho,43.71482176360225,50724.42
Caraúbas,34.24657534246575,18419.65
Caraúbas,34.24657534246575,9396.24
Careiro,88.37719298245614,8688.0
Careiro da Várzea,75.14124293785311,10393.08
Cariacica,38.45120859444942,26704.95
Caridade,46.28099173553719,6854.9
Carinhanha,39.2,8426.44
Carira,37.35632183908046,14695.13
Caririaçu,52.03045685279187,7788.91
Cariré,54.15549597855228,8861.12
Carlinda,61.038961038961034,17449.86
Carlos Barbosa,45.42372881355932,92970.37
Carlos Chagas,38.59649122807017,19340.96
Carmo do Paranaíba,34.52914798206278,24383.93
Carmésia,34.04255319148936,12621.8
Carmópolis,45.378151260504204,27566.67
Carnaubeira da Penha,22.413793103448278,6308.28
Carnaíba,54.15472779369628,8061.33
Carolina,55.1094890510949,14525.44
Carpina,36.56542056074766,19025.6
Caruaru,41.82322143517093,21075.72
Carutapera,52.88135593220339,7006.72
Casa Branca,52.54901960784314,29941.77
Casa Nova,29.30232558139535,10532.31
Cascavel,46.256486286137886,12816.78
Cascavel,46.256486286137886,38368.71
Casimiro de Abreu,40.95238095238095,46662.46
Cassilândia,43.91143911439114,29023.03
Castanhal,36.30705394190871,20123.38
Castelo,32.342007434944236,23799.44
Castelo do Piauí,40.16393442622951,9052.92
Castro,41.208791208791204,38661.79
Castro Alves,34.36123348017621,11229.9
Cataguases,33.33333333333333,22110.86
Catalão,44.33887569279493,64326.38
Catanduva,44.58041958041958,35610.18
Catende,63.58695652173913,6935.38
Catolé do Rocha,40.14492753623188,14353.56
Catu,26.857142857142858,11810.26
Caucaia,58.392434988179666,19147.09
Caxambu,38.56749311294766,16591.22
Caxias,38.49475632325725,11003.75
Caxias do Sul,47.283702213279675,52873.85
Caçador,51.36363636363637,44916.25
Caçapava,46.25267665952891,42875.69
Caçapava do Sul,36.734693877551024,25725.54
Ceará-Mirim,35.47297297297297,12235.69
Cedro,46.095717884130984,8048.99
Cedro,46.095717884130984,8187.58
Cerejeiras,64.4,31051.55
Ceres,49.643221202854235,28712.82
Cerqueira César,55.8974358974359,37123.81
Cerquilho,39.14590747330961,39476.07
Cerro Largo,29.909365558912388,54767.65
Chapada dos Guimarães,46.98795180722892,36303.0
Chapadinha,33.84146341463415,9262.97
Chapadão do Sul,54.02985074626866,74367.1
Chapecó,47.38028169014085,47749.34
Charqueadas,38.13229571984436,33757.46
Chaval,39.79057591623037,7312.88
Chopinzinho,39.473684210526315,34459.48
Cianorte,41.890440386680986,34325.18
Cidade Ocidental,45.78313253012048,11151.0
Clevelândia,41.5929203539823,31042.35
Cláudio,32.142857142857146,27338.9
Coaraci,38.2716049382716,10188.23
Coari,63.83720930232558,25997.01
Cocos,31.88405797101449,15847.36
Codajás,84.42906574394463,17620.6
Codó,35.853379152348225,8425.12
Coelho Neto,40.41095890410959,7359.25
Colatina,36.69790915645277,29750.9
Colinas,38.07829181494662,9810.08
Colinas,38.07829181494662,26910.45
Colinas do Tocantins,55.223880597014926,22549.37
Colniza,53.333333333333336,14598.35
Colombo,42.92415949960907,22165.61
Colorado,28.254847645429365,29065.6
Colorado,28.254847645429365,61256.2
Colorado do Oeste,57.14285714285714,21083.7
Colíder,48.310810810810814,26962.96
Comodoro,49.63503649635037,35340.2
Conceição,45.51083591331269,9503.62
Conceição da Barra,46.97986577181208,15230.35
Conceição da Feira,26.153846153846157,13763.25
Conceição do Araguaia,36.016096579476866,11471.63
Conceição do Coité,25.732217573221757,11407.99
Conceição do Jacuípe,31.03448275862069,88567.45
Conceição do Mato Dentro,34.69387755102041,220226.36
Concórdia,40.97222222222222,49873.96
Concórdia do Pará,35.19553072625698,8807.42
Confresa,55.74229691876751,28544.85
Congonhas,31.780821917808222,36277.13
Conselheiro Lafaiete,34.66550825369244,19512.7
Conselheiro Pena,41.17647058823529,13025.71
Contagem,38.70211102423768,45855.1
Coração de Jesus,39.743589743589745,8495.93
Coração de Maria,33.78378378378378,8903.9
Cordeiros,23.3201581027668,7163.14
Coreaú,53.2608695652174,7605.58
Corinto,38.50574712643678,13928.47
Cornélio Procópio,38.87362637362637,35291.25
Coroatá,47.47663551401869,6805.57
Coromandel,42.731277533039645,36288.2
Coronel Fabriciano,37.01067615658363,16282.52
Coronel Vivida,40.53030303030303,32513.78
Corrente,37.83783783783784,16912.12
Correntina,34.8936170212766,45631.8
Corumbá,46.537059538274605,24943.59
Coruripe,43.28767123287671,24676.96
Cosmópolis,43.920595533498755,23981.18
Costa Rica,57.608695652173914,73646.96
Cotia,37.220843672456574,53632.41
Coxim,43.65482233502538,26639.52
Crateús,47.019311502938706,11342.87
Crato,47.830923248053395,13315.64
Criciúma,46.833130328867234,38244.79
Cristalina,52.87356321839081,42617.52
Cristalândia,57.291666666666664,17102.92
Cruz,55.182072829131656,11514.09
Cruz Alta,38.262476894639555,62863.69
Cruz das Almas,29.909365558912388,15514.91
Cruzeiro,51.02040816326531,28945.24
Cruzeiro do Sul,33.1041257367387,16298.3
Cruzeiro do Sul,33.1041257367387,38673.2
Cruzeiro do Sul,33.1041257367387,31948.89
Cubatão,50.638297872340424,115116.84
Cuiabá,36.00622810432075,40199.11
Cuité,35.567970204841714,10894.03
Cupira,42.857142857142854,11464.19
Curaçá,36.0,9125.15
Curitiba,36.39561349058556,49706.64
Curitibanos,44.73684210526316,37601.08
Currais Novos,30.144927536231886,16947.02
Curralinho,45.6953642384106,7391.8
Cururupu,45.258620689655174,7054.86
Curuçá,55.52631578947368,7261.11
Curvelo,33.70078740157481,22624.78
Custódia,38.92215568862276,13526.98
Cáceres,35.69711538461539,20240.1
Cândido Mota,58.108108108108105,40606.45
Cândido Sales,43.50453172205438,8351.37
Cícero Dantas,25.46419098143236,9142.41
Delmiro Gouveia,49.47916666666667,11038.64
Diadema,41.677096370463076,36097.9
Diamante,44.776119402985074,8393.0
Diamantina,32.4,17568.99
Diamantino,40.5940594059406,111197.06
Dianópolis,60.0,20150.21
Dias d'Ávila,34.64203233256351,42624.25
Dionísio Cerqueira,34.63035019455253,26756.45
Divinópolis,33.566084788029926,28667.89
Dois Irmãos,44.680851063829785,63947.67
Dois Irmãos do Buriti,43.47826086956522,18698.47
Dois Vizinhos,33.825944170771756,41240.19
Dom Eliseu,46.590909090909086,10538.09
Dom Pedrito,32.71604938271605,34983.97
Dom Pedro,45.77259475218659,10075.28
Domingos Martins,29.411764705882355,22419.95
Dourados,40.07314524555904,42475.75
Dracena,49.70326409495549,27573.28
Duque de Caxias,41.476345840130506,49295.96
Ecoporanga,27.380952380952383,12776.75
Eirunepé,60.629921259842526,13659.2
Eldorado,70.52631578947368,19766.99
Eldorado,70.52631578947368,28848.12
Eldorado do Carajás,48.369565217391305,12301.0
Eldorado do Sul,43.627450980392155,52785.94
Embu das Artes,49.5480690221857,53798.98
Embu-Guaçu,46.15384615384615,17452.19
Encantado,44.3609022556391,41910.47
Encruzilhada do Sul,39.23076923076923,23372.46
Engenheiro Caldas,47.32824427480916,11082.49
Entre Rios,30.739299610894943,14370.54
Entre Rios,30.739299610894943,15794.36
Entre Rios de Minas,31.88405797101449,14923.05
Envira,80.55555555555556,8614.45
Epitaciolândia,51.06382978723404,22984.25
Erechim,34.82142857142857,50095.39
Ervália,25.609756097560975,16328.19
Escada,69.21397379912663,15417.92
Esmeraldas,44.0,10484.15
Esperantina,43.125,8965.48
Esperantina,43.125,10258.86
Esperantinópolis,46.60633484162896,8331.04
Esperança,31.890660592255127,13352.01
Espigão D'Oeste,70.98445595854922,19298.21
Espinosa,37.08920187793427,9946.0
Esplanada,40.375586854460096,16975.59
Espumoso,30.37037037037037,46101.17
Espírito Santo do Pinhal,50.0,34559.78
Esteio,40.12605042016807,41305.97
Estreito,40.52863436123348,22463.64
Estrela,43.51851851851852,48173.99
Estância,39.0057361376673,28293.45
Estância Velha,44.13793103448276,30854.19
Euclides da Cunha,35.12931034482759,10665.51
Eunápolis,39.522821576763484,27730.51
Eusébio,67.62452107279694,59678.97
Extrema,52.054794520547944,279824.02
Extremoz,33.07086614173229,15803.0
Exu,54.292929292929294,9084.32
Farias Brito,53.40501792114696,9689.49
Farroupilha,45.30386740331492,49247.12
Fazenda Rio Grande,49.69230769230769,25024.45
Feijó,41.911764705882355,10263.53
Feira de Santana,29.81107205623902,24229.74
Feliz Natal,52.23880597014925,36809.85
Fernando de Noronha,50.0,63035.23
Fernandópolis,50.0,31841.68
Ferraz de Vasconcelos,40.364880273660205,16714.9
Floresta,43.76731301939058,13144.8
Floresta,43.76731301939058,28288.66
Floresta do Araguaia,52.336448598130836,13459.86
Floriano,29.86666666666667,20013.4
Florianópolis,32.18687302952135,43842.54
Fonte Boa,74.27184466019418,10625.87
Formiga,40.39145907473309,26489.74
Formosa,51.430387794024156,20106.42
Formosa da Serra Negra,32.314410480349345,7631.71
Formosa do Rio Preto,40.51282051282051,72379.97
Formoso do Araguaia,54.22885572139303,19837.66
Forquilha,68.08510638297872,9338.67
Fortaleza,46.583312701163656,25254.44
Foz do Iguaçu,35.54502369668246,61023.61
Fraiburgo,41.040462427745666,26820.6
Franca,49.09735654416505,28787.49
Francisco Beltrão,35.27724665391969,36116.23
Francisco Morato,53.32225913621262,9034.56
Francisco Sá,36.04651162790697,14369.2
Franco da Rocha,45.56113902847571,21442.87
Frederico Westphalen,31.077348066298345,39372.51
Frutal,36.142322097378276,32376.63
Fátima do Sul,40.94488188976378,25685.44
Gandu,34.67432950191571,12003.28
Garanhuns,42.69870609981516,18622.87
Gararu,52.0,10196.44
Garibaldi,41.42857142857143,67965.25
Garopaba,41.040462427745666,26747.51
Garça,50.15673981191222,26460.04
Getúlio Vargas,31.32530120481928,39340.86
Girau do Ponciano,39.416058394160586,9301.79
Giruá,41.0,50398.98
Glória do Goitá,45.141065830721004,13573.27
Goiana,50.0,128206.09
Goianinha,34.79623824451411,15575.97
Goianira,56.77506775067751,19445.38
Goianésia,53.792502179598955,22020.62
Goianésia do Pará,57.72357723577236,8601.0
Goiatuba,65.65217391304347,45247.04
Goioerê,42.81150159744409,30686.79
Goiás,68.77828054298642,23410.91
Goiânia,39.096697174691606,34901.35
Governador Mangabeira,24.22680412371134,9062.74
Governador Nunes Freire,63.125,8630.45
Governador Valadares,39.67782958880882,24180.08
Grajaú,50.625,10644.86
Granja,43.01732925586136,7216.25
Gravataí,42.492492492492495,44034.18
Gravatá,42.857142857142854,14665.18
Guajará-Mirim,52.16637781629117,19337.36
Guanambi,23.581847649918963,17158.97
Guanhães,46.31043256997455,22891.63
Guapimirim,48.458149779735685,17538.51
Guaporé,33.62068965517241,36897.65
Guarabira,34.01639344262295,18391.19
Guaraciaba do Norte,57.31056563500534,13750.88
Guaramirim,44.5,43680.4
Guarantã do Norte,63.1578947368421,24546.46
Guarapari,39.413680781758956,18600.78
Guarapuava,42.458808618504435,33639.89
Guararapes,44.44444444444444,29671.54
Guaratinguetá,49.03417533432392,53273.58
Guaratuba,54.589371980676326,23625.23
Guaraí,48.0,26912.22
Guarujá,52.8865295288653,28417.36
Guarulhos,42.15537463778115,47249.21
Guaxupé,41.27764127764127,43130.71
Guaçuí,34.02061855670103,17345.82
Guaíba,36.887608069164266,65607.03
Guaíra,44.645340751043115,83612.04
Guaíra,44.645340751043115,29169.51
Guiratinga,33.734939759036145,27685.19
Gurupi,55.72782084409992,26843.66
Hidrolândia,44.285714285714285,7669.66
Hidrolândia,44.285714285714285,50471.59
Horizonte,61.38132295719845,25238.28
Horizontina,39.0728476821192,90082.54
Hortolândia,45.3125,63810.17
Humaitá,60.665362035225044,12680.12
Humaitá,60.665362035225044,34590.95
Humberto de Campos,50.349650349650354,5627.48
Ibaiti,51.187335092348285,22229.27
Ibaté,35.22727272727273,21736.81
Ibiapina,46.13333333333333,12499.61
Ibicaraí,30.76923076923077,8768.91
Ibimirim,57.70750988142292,9825.9
Ibiporã,35.89164785553047,50745.95
Ibirité,46.96485623003195,14084.2
Ibitinga,56.15384615384615,24939.53
Ibititá,34.074074074074076,7491.39
Ibiúna,45.86466165413533,23392.98
Ibotirama,34.883720930232556,13701.19
Icapuí,45.4954954954955,17992.33
Icatu,42.08860759493671,5987.66
Icó,46.827411167512686,9019.17
Igaci,49.31506849315068,8585.4
Igarapé,44.37299035369775,18174.81
Igarapé-Açu,40.845070422535215,8944.66
Igarapé-Miri,35.88235294117647,8321.28
Igarassu,45.607808340727594,22720.23
Igrejinha,45.525291828793776,52771.02
Iguaba Grande,36.224489795918366,18939.5
Iguape,42.72727272727273,40708.33
Iguatu,47.448591012947446,16562.4
Iguatu,47.448591012947446,27853.4
Ijuí,31.70731707317073,45258.76
Ilha Solteira,40.0,24339.08
Ilhabela,50.617283950617285,428020.22
Ilhéus,35.70934256055363,28755.9
Imbituba,44.785276073619634,45060.37
Imbé,41.32231404958678,22297.87
Imperatriz,37.62938230383973,28830.95
Inconfidentes,41.90871369294606,12967.7
Indaial,48.90710382513661,42868.69
Indaiatuba,41.842900302114806,66489.24
Independência,39.825581395348834,9479.72
Independência,39.825581395348834,45536.0
Indiaroba,42.487046632124354,10763.45
Ingá,40.41297935103245,9919.13
Inhambupe,33.18777292576419,14338.96
Inhapim,35.294117647058826,13864.25
Inhumas,46.788990825688074,21386.78
Ipameri,46.97674418604651,52243.53
Ipanguaçu,41.74757281553398,9722.06
Ipatinga,37.79296875,44915.22
Ipiaú,27.808219178082194,10406.43
Ipirá,32.46492985971944,10533.94
Ipixuna,57.35294117647059,5843.2
Ipojuca,60.535117056856194,132206.17
Iporá,46.986301369863014,22067.73
Ipu,41.25874125874126,10630.67
Ipueiras,43.687374749499,16418.5
Ipueiras,43.687374749499,7329.28
Iracema,57.00483091787439,13579.84
Iracema,57.00483091787439,10450.22
Iranduba,63.63636363636363,13752.69
Iraquara,33.45864661654135,20131.86
Irará,19.25287356321839,9048.53
Irati,36.702127659574465,31288.77
Irati,36.702127659574465,20147.76
Irauçuba,68.65671641791045,7805.48
Irecê,32.367758186397985,18285.81
Itabaiana,30.287539936102238,12600.39
Itabaiana,30.287539936102238,21036.18
Itabaianinha,60.8286252354049,10388.17
Itabela,36.029411764705884,12291.43
Itaberaba,48.56439704675964,13699.6
Itaberaí,59.0778097982709,29768.14
Itabira,31.422018348623855,60417.39
Itabirito,40.67357512953368,54869.57
Itaboraí,43.44453064391001,20484.24
Itabuna,35.96087456846951,19619.07
Itacajá,59.60591133004927,14658.87
Itacarambi,42.10526315789473,11565.49
Itacoatiara,66.68839634941331,20077.08
Itaguaí,44.645161290322584,59757.5
Itaitinga,55.74074074074075,19036.94
Itaituba,50.070921985815595,20214.09
Itajaí,54.629021667761,128522.07
Itajubá,38.868745467730236,32734.18
Itajuípe,35.79545454545455,11066.17
Itamaraju,33.589743589743584,14814.35
Itamarandiba,39.03903903903904,15556.77
Itamarati,63.1578947368421,13029.89
Itambé,39.856115107913666,12641.41
Itambé,39.856115107913666,10804.55
Itambé,39.856115107913666,28600.76
Itanhaém,48.47972972972973,20011.41
Itanhém,35.44303797468354,11807.03
Itaobim,44.25675675675676,13536.53
Itaocara,38.19241982507289,23817.93
Itapaci,59.61538461538461,16639.32
Itapajé,32.00442967884828,12151.92
Itaparica,23.62204724409449,11036.75
Itapecerica da Serra,44.8405253283302,22084.42
Itapecuru Mirim,59.15750915750916,8113.88
Itapema,47.700170357751276,32775.24
Itapemirim,45.5,140287.91
Itaperuna,51.58878504672897,30000.24
Itapetinga,39.19213973799127,15463.78
Itapetininga,46.30113141862489,29883.19
Itapeva,57.5177304964539,80296.68
Itapeva,57.5177304964539,30822.88
Itapevi,46.142093200916726,50673.18
Itapipoca,49.38704028021016,12969.77
Itapira,39.84168865435356,51107.82
Itapiranga,34.519572953736656,14162.35
Itapiranga,34.519572953736656,49370.7
Itaporanga,52.50379362670713,12159.72
Itaporanga,52.50379362670713,19625.32
Itaporanga d'Ajuda,62.365591397849464,24965.16
Itapororoca,45.18518518518518,9810.7
Itaporã,39.02439024390244,32644.01
Itapuranga,51.42857142857142,18670.99
Itaquaquecetuba,47.61904761904761,20653.57
Itaqui,31.73431734317343,37236.12
Itaquiraí,55.26315789473685,32462.59
Itararé,51.302605210420836,18709.48
Itarema,50.208623087621696,14717.77
Itatiba,42.4886191198786,52722.16
Itatira,54.3661971830986,6323.87
Itaí,53.813559322033896,25819.89
Itaúna,39.48635634028893,37279.29
Itinga do Maranhão,33.33333333333333,12635.63
Itiquira,45.33333333333333,96869.1
Itu,45.66929133858268,47384.65
Ituberá,41.12903225806452,11202.76
Ituiutaba,38.44515441959531,32172.89
Itumbiara,55.72562358276644,39371.45
Itupeva,49.29577464788733,120523.17
Itupiranga,48.214285714285715,10921.94
Ituporanga,48.266666666666666,38557.64
Iturama,42.384105960264904,52003.68
Ituverava,39.01273885350319,38094.32
Itápolis,51.71102661596958,30497.54
Ivaiporã,51.651651651651655,26016.33
Ivaí,40.458015267175576,26702.09
Ivinhema,52.99401197604791,59623.6
Ivoti,33.33333333333333,40758.91
Içara,51.724137931034484,45319.13
Iúna,40.45368620037807,14723.38
Jaboatão dos Guararapes,36.84633950120676,19750.5
Jaboticabal,39.083557951482476,38082.72
Jacaraú,26.237623762376238,9401.35
Jacarezinho,46.453089244851256,32325.23
Jacareí,38.10763888888889,57183.66
Jaciara,35.13513513513514,34658.54
Jacinto,51.181102362204726,8937.75
Jacobina,41.2180052956752,16196.03
Jacundá,33.33333333333333,8275.15
Jaguaquara,41.86991869918699,10696.92
Jaguarari,39.67213114754099,22220.95
Jaguaretama,51.724137931034484,9383.55
Jaguariaíva,46.478873239436616,42686.56
Jaguaribe,48.91975308641975,14728.93
Jaguariúna,52.733686067019406,214806.49
Jaguaruana,35.5475763016158,14080.15
Jaguarão,33.582089552238806,26408.34
Jaguaré,51.798561151079134,20731.51
Jales,51.61290322580645,32977.6
Janaúba,34.84848484848485,18046.73
Jandaia do Sul,46.380090497737555,36347.92
Jandira,40.73033707865169,33294.36
Januária,35.21594684385382,10446.04
Japaratuba,34.25925925925926,22200.81
Japeri,47.68611670020121,13711.95
Japurá,77.21518987341773,23277.54
Japurá,77.21518987341773,24992.73
Jaraguá,51.70454545454546,15534.07
Jaraguá do Sul,47.77006937561942,55182.83
Jardim,51.93434935521688,8497.98
Jardim,51.93434935521688,22871.58
Jardim de Piranhas,38.05309734513274,10017.12
Jardinópolis,37.327188940092164,27213.46
Jardinópolis,37.327188940092164,32746.01
Jaru,68.51119894598156,28988.7
Jataí,38.10709838107098,52881.92
Jateí,31.06796116504854,75005.78
Jaíba,47.0,15539.87
Jaú,43.078055964653906,32636.39
Jequitinhonha,41.76470588235294,9855.75
Jequié,33.355006501950584,17263.38
Jeremoabo,28.932584269662918,9130.88
Ji-Paraná,60.14134275618375,29332.41
Jijoca de Jericoacoara,46.788990825688074,24924.54
Jiquiriçá,37.93103448275862,8085.46
Joaçaba,39.47712418300654,59987.65
Joinville,48.669950738916256,58476.9
Jordão,47.82608695652174,9917.53
José Bonifácio,49.19168591224018,34118.53
José de Freitas,28.82096069868996,9437.4
João Câmara,34.50087565674256,29922.28
João Dourado,32.926829268292686,9333.7
João Lisboa,34.104046242774565,9070.72
João Monlevade,36.061026352288486,38946.51
João Neiva,38.88888888888889,25012.53
João Pessoa,25.994049229104682,25768.09
João Pinheiro,40.32258064516129,32016.08
Juara,48.78048780487805,25082.12
Juatuba,38.95348837209303,50123.31
Juazeirinho,31.84931506849315,10164.59
Juazeiro,33.021077283372364,20071.32
Juazeiro do Norte,49.126578876646064,17772.55
Jucurutu,31.08108108108108,13626.37
Jucás,57.791225416036305,9843.98
Juiz de Fora,32.85646161182642,32864.04
Jundiaí,41.90412336573919,112068.21
Juquitiba,40.0,17311.76
Juruena,48.93617021276596,13021.48
Juruti,48.466257668711656,20834.45
Jussara,51.45631067961165,7095.84
Jussara,51.45631067961165,31990.53
Jussara,51.45631067961165,28211.91
Jutaí,77.37226277372264,15908.16
Juína,48.71134020618557,26594.97
Júlio de Castilhos,30.3886925795053,63845.69
Ladainha,44.329896907216494,6791.25
Ladário,39.85507246376812,15570.66
Lagarto,35.21400778210117,15726.5
Lages,52.18068535825545,35366.36
Lago da Pedra,46.32911392405064,8256.79
Lagoa Grande,55.15695067264574,15343.01
Lagoa Grande,55.15695067264574,22050.41
Lagoa Santa,32.68101761252446,28124.54
Lagoa Santa,32.68101761252446,26351.52
Lagoa Vermelha,32.1285140562249,41206.3
Lagoa da Prata,43.71134020618557,31574.87
Lagoa de Itaenga,57.460317460317455,15793.28
Laguna,43.63636363636363,19468.57
Lajeado,45.0,21804.92
Lajeado,45.0,55616.48
Lajedo,42.96520423600605,12133.49
Lambari,46.192893401015226,16722.36
Lapa,38.87043189368771,37484.15
Lapão,34.065934065934066,9293.65
Laranjal do Jari,46.51162790697674,19249.72
Laranjeiras,35.0,27147.97
Laranjeiras do Sul,44.63087248322148,24626.8
Lauro de Freitas,26.60500544069641,33038.18
Lavras,28.467741935483872,26615.93
Lavras da Mangabeira,46.50602409638554,8650.81
Leme,44.05737704918033,32775.73
Lençóis Paulista,47.136563876651984,44920.91
Leopoldina,34.16289592760181,19434.1
Lima Duarte,31.538461538461537,19069.43
Limeira,46.921119592875314,45035.17
Limoeiro,37.06293706293706,14315.95
Limoeiro do Ajuru,40.123456790123456,14676.38
Limoeiro do Norte,41.05691056910569,17569.97
Linhares,39.34049079754601,36577.1
Lins,50.970873786407765,68996.22
Livramento de Nossa Senhora,28.640776699029125,11033.62
Loanda,42.30769230769231,25707.4
Londrina,36.85043524136112,37912.12
Lontra,41.70403587443946,7979.33
Lorena,43.1858407079646,32004.82
Louveira,52.75590551181102,328612.49
Lucas do Rio Verde,47.285464098073554,68110.99
Luz,42.173913043478265,30125.47
Luzilândia,44.27244582043344,8506.35
Luziânia,50.20188425302826,19729.76
Luís Eduardo Magalhães,35.87684069611781,69761.1
Luís Gomes,25.71428571428571,7756.49
Lábrea,55.118110236220474,10994.24
Macaparana,49.27884615384615,11288.56
Macapá,39.265850945494996,22718.28
Macau,40.59139784946236,24873.78
Macaé,41.288782816229116,58803.47
Macaíba,37.66519823788546,20782.6
Macaúbas,28.14814814814815,7813.14
Maceió,31.246619794483504,22976.51
Machacalis,41.02564102564102,12610.49
Machadinho,30.158730158730158,33590.76
Machadinho D'Oeste,62.00873362445415,15828.73
Machado,29.5,23175.74
Madalena,71.11801242236024,7184.54
Mafra,49.11147011308562,35073.85
Magé,51.515151515151516,17355.94
Mairinque,41.08527131782946,36310.82
Mairiporã,45.52845528455284,18456.83
Malacacheta,52.760736196319016,10817.75
Mamanguape,36.36363636363637,15363.07
Mambaí,48.258706467661696,10009.26
Manacapuru,72.47191011235955,14902.39
Manaquiri,81.48148148148148,8174.55
Manaus,54.503213815534735,38880.73
Mandirituba,45.16129032258064,22698.45
Manga,37.86407766990291,11657.15
Mangaratiba,43.333333333333336,55538.31
Manhuaçu,45.52023121387283,28865.1
Manhumirim,54.82233502538071,18377.95
Manicoré,77.9783393501805,9740.64
Mantena,43.62139917695473,14830.38
Marabá,35.936898807233554,40872.35
Maracaju,38.35616438356164,54120.27
Maracanaú,55.256637168141594,42778.34
Maracaçumé,41.48148148148148,8055.17
Maracás,43.58974358974359,21363.92
Maragogipe,25.71428571428571,7237.43
Maranguape,60.51587301587301,11897.88
Marataízes,33.73860182370821,137000.71
Marau,29.665071770334926,50305.26
Maravilha,40.248226950354606,7674.87
Maravilha,40.248226950354606,54385.6
Maraã,86.29032258064517,7609.64
Marcelândia,41.333333333333336,32044.25
Marco,36.56330749354005,12190.47
Marechal Cândido Rondon,33.734939759036145,44301.02
Marechal Deodoro,39.35860058309038,46413.15
Marechal Thaumaturgo,49.09090909090909,10348.08
Mari,31.147540983606557,9919.58
Marialva,40.588235294117645,42152.39
Mariana,37.76722090261283,33674.08
Maricá,37.142857142857146,232761.15
Maringá,40.28882994400236,45582.78
Marituba,41.11111111111111,14695.07
Martinópolis,36.72316384180791,18294.11
Maruim,37.096774193548384,19730.91
Marília,46.384720327421554,35098.66
Massapê,54.50000000000001,7619.69
Mata de São João,45.689655172413794,25252.05
Mateus Leme,41.37931034482759,22211.81
Matinha,31.606217616580313,7090.63
Matinhos,42.81437125748503,22889.12
Matozinhos,38.66171003717472,28870.36
Matão,50.977653631284916,47615.93
Mauriti,34.437086092715234,8777.58
Mauá,45.35137494543867,34430.52
Mauá da Serra,46.73913043478261,29157.13
Maués,67.48878923766816,8476.64
Mazagão,52.77777777777778,13412.35
Medeiros Neto,42.94117647058823,14098.96
Medianeira,40.243902439024396,42295.89
Mesquita,40.193370165745854,8901.0
Mesquita,40.193370165745854,13166.48
Miguel Alves,50.0,7717.6
Miguel Calmon,40.21164021164021,8860.5
Miguel Pereira,38.78787878787879,24067.58
Milagres,41.62679425837321,8754.93
Milagres,41.62679425837321,10011.93
Mimoso do Sul,47.64397905759162,17219.76
Minas Novas,44.93392070484582,9885.85
Minaçu,49.458483754512635,31261.39
Mineiros,66.7610953729934,41035.09
Miracatu,61.029411764705884,20952.66
Miracema,31.693989071038253,20973.65
Miracema do Tocantins,42.64069264069264,33674.91
Miranda,53.44827586206896,18405.33
Mirandiba,44.73684210526316,10320.84
Mirandópolis,39.44954128440367,20746.21
Mirante da Serra,54.93827160493827,19826.97
Mirante do Paranapanema,34.959349593495936,20114.52
Mirassol,45.08009153318078,32141.8
Mirassol d'Oeste,39.41908713692946,28243.11
Mirinzal,47.953216374269005,6366.33
Missão Velha,47.935779816513765,13325.51
Mocajuba,38.88888888888889,12215.58
Mococa,41.01694915254237,31325.49
Mogi Guaçu,52.207505518763796,37802.36
Mogi Mirim,43.16546762589928,50482.71
Mogi das Cruzes,40.867158671586715,36381.52
Moju,44.13965087281795,9974.64
Mombaça,58.34564254062038,7825.89
Mongaguá,45.68345323741007,19676.56
Monsenhor Gil,33.52601156069364,8729.34
Monsenhor Tabosa,61.20906801007556,8194.74
Montanha,40.343347639484975,18125.28
Monte Alegre,42.71653543307087,10765.7
Monte Alegre,42.71653543307087,10674.67
Monte Alegre de Sergipe,33.33333333333333,10542.43
Monte Alto,40.303030303030305,38301.77
Monte Aprazível,45.357142857142854,24340.2
Monte Azul,34.65346534653465,10510.38
Monte Carmelo,39.91507430997877,24927.9
Monte Mor,42.65734265734265,58111.83
Monte Negro,58.55855855855856,18405.76
Monte Santo,36.09756097560975,7987.49
Monte Sião,42.561983471074385,18609.95
Monteiro,44.93307839388145,17381.24
Montenegro,47.246891651865006,60162.81
Montes Altos,62.857142857142854,6865.97
Montes Claros,33.9355197331851,23731.41
Morada Nova,44.800000000000004,16312.75
Moreno,31.372549019607842,11073.15
Morrinhos,57.304785894206546,7192.97
Morrinhos,57.304785894206546,30361.43
Morro do Chapéu,40.63205417607224,9649.79
Mossoró,27.906050955414013,23290.37
Mostardas,49.48453608247423,31826.49
Mucajaí,47.674418604651166,17885.01
Mucuri,40.19607843137255,42765.12
Mulungu,40.41095890410959,9857.56
Mulungu,40.41095890410959,7969.18
Muriaé,37.09825528007346,22135.15
Muritiba,22.76422764227642,9247.08
Mutum,39.69465648854962,14363.0
Mutuípe,23.44322344322344,15888.52
Muzambinho,38.16568047337278,20771.35
Mâncio Lima,37.67123287671233,10847.1
Mãe do Rio,39.202657807308974,9729.3
Nanuque,40.71146245059288,19671.05
Natal,27.629752983624755,28113.21
Natividade,63.63636363636363,16937.14
Natividade,63.63636363636363,19417.17
Navegantes,56.38841567291312,57504.74
Naviraí,41.935483870967744,34783.52
Nazaré,37.38738738738739,12476.52
Nazaré,37.38738738738739,9607.12
Nazaré da Mata,37.41258741258741,16867.83
Nepomuceno,40.0,17303.46
Nerópolis,55.66218809980806,27068.2
Neópolis,61.568627450980394,13911.41
Nhamundá,76.30522088353415,7893.03
Nilópolis,40.53833605220228,17875.04
Nioaque,43.75,22624.0
Niquelândia,48.52216748768473,25415.81
Niterói,29.666344294003867,90643.8
Nossa Senhora Aparecida,25.0,11133.72
Nossa Senhora da Glória,37.39669421487603,15466.17
Nossa Senhora das Dores,41.66666666666667,12896.12
Nossa Senhora do Livramento,42.5531914893617,22758.27
Nossa Senhora do Socorro,48.36138175376439,14906.47
Nova Andradina,49.36708860759494,39723.14
Nova Brasilândia D'Oeste,67.44186046511628,17560.03
Nova Cruz,29.313543599257883,13044.25
Nova Era,26.027397260273972,20874.52
Nova Esperança,44.014084507042256,26324.58
Nova Friburgo,40.820980615735465,28107.56
Nova Iguaçu,43.847150259067355,21220.42
Nova Lima,38.84430176565008,124987.23
Nova Mutum,46.43962848297213,69624.89
Nova Odessa,40.773809523809526,64438.94
Nova Olinda,50.12468827930174,26406.72
Nova Olinda,50.12468827930174,9353.48
Nova Olinda,50.12468827930174,8679.21
Nova Olinda do Norte,75.0733137829912,7391.99
Nova Olímpia,37.142857142857146,15814.54
Nova Olímpia,37.142857142857146,33892.1
Nova Petrópolis,44.0,40047.16
Nova Prata,28.980891719745223,47844.43
Nova Russas,49.48320413436693,9254.02
Nova Serrana,58.523725834797894,25012.61
Nova Venécia,37.03703703703704,20090.18
Nova Viçosa,33.5483870967742,11507.69
Nova Xavantina,40.7035175879397,30776.46
Novo Acordo,42.3728813559322,14203.52
Novo Airão,77.55905511811024,8664.53
Novo Aripuanã,68.42105263157895,8263.52
Novo Cruzeiro,49.60317460317461,8823.03
Novo Gama,50.32154340836013,8731.88
Novo Hamburgo,42.08456243854474,39592.6
Novo Horizonte,41.81184668989547,6892.03
Novo Horizonte,41.81184668989547,28193.7
Novo Horizonte,41.81184668989547,36943.05
Novo Oriente,51.338199513382,8407.38
Novo Progresso,62.5,27175.33
Novo Repartimento,47.417840375586856,10977.74
Nísia Floresta,40.963855421686745,15147.49
Ocara,55.98802395209581,7424.97
Oeiras,24.63186077643909,13024.96
Oeiras do Pará,36.22047244094488,11188.83
Oiapoque,49.64028776978417,16891.97
Olho d'Água das Flores,41.37931034482759,10049.99
Olinda,30.50785531603946,14713.81
Oliveira,38.61566484517304,21637.93
Oliveira dos Brejinhos,47.94520547945205,8124.53
Olímpia,41.35338345864661,38559.28
Oriximiná,50.66666666666667,28564.09
Orleans,50.427350427350426,39567.11
Orlândia,34.74903474903475,39483.88
Orobó,45.017182130584196,14820.6
Orós,47.80487804878049,8634.91
Osasco,37.260509007720906,117298.82
Osvaldo Cruz,46.64179104477612,24730.19
Osório,40.40920716112532,36828.12
Ouricuri,60.7095926412615,10223.61
Ourinhos,48.71550903901047,29151.05
Ouro Branco,26.43312101910828,11106.14
Ouro Branco,26.43312101910828,7271.41
Ouro Branco,26.43312101910828,105889.65
Ouro Fino,49.82078853046595,19859.59
Ouro Preto,41.61616161616162,42294.45
Ouro Preto do Oeste,50.847457627118644,23148.83
Ourém,32.52032520325203,10416.82
Pacajus,55.120732722731056,15884.12
Pacajá,53.125,14223.2
Pacatuba,58.68167202572347,12280.69
Pacatuba,58.68167202572347,13202.63
Pacoti,40.78624078624078,10340.74
Padre Bernardo,58.48214285714286,18341.43
Padre Paraíso,48.73096446700508,9368.72
Paiçandu,38.095238095238095,20062.32
Palhoça,37.21093202522775,34839.9
Palmares,54.35952637244349,13471.21
Palmas,40.512555009060314,34933.66
Palmas,40.512555009060314,22797.44
Palmas de Monte Alto,30.0,8323.61
Palmeira,35.0,39712.01
Palmeira,35.0,42248.08
Palmeira das Missões,30.17241379310345,44696.96
Palmeira dos Índios,41.4054054054054,12934.16
Palmeirópolis,51.31578947368421,16310.52
Palmitos,43.92857142857143,42742.91
Palotina,38.83495145631068,67284.29
Panambi,35.86698337292161,51209.05
Panelas,63.92785571142284,7348.18
Paracambi,39.175257731958766,18798.44
Paracatu,39.0922401171303,52750.15
Paracuru,32.95454545454545,14420.42
Paragominas,38.111490329920365,27716.65
Paraguaçu Paulista,48.028673835125446,33955.25
Paraipaba,59.71370143149284,13454.87
Parambu,55.78703703703704,7617.58
Paramirim,37.469586374695865,11024.83
Paranaguá,48.05825242718447,62846.15
Paranatinga,40.15151515151515,47321.97
Paranavaí,40.913160250671446,30396.71
Paranaíba,37.19676549865229,32574.25
Paraopeba,27.22772277227723,33830.05
Paratinga,29.292929292929294,7248.71
Paraty,44.40894568690096,63920.14
Parauapebas,45.648414985590776,110604.1
Paraíba do Sul,36.92946058091287,22678.15
Paraíso do Tocantins,52.26519337016574,27108.5
Parelhas,27.39018087855297,17558.01
Parintins,65.11169513797634,10300.48
Paripiranga,20.88607594936709,12036.8
Parnamirim,38.47283406754772,21398.33
Parnamirim,38.47283406754772,8227.03
Parnarama,40.41297935103245,6748.63
Parnaíba,34.671945701357465,17163.13
Parobé,52.41379310344828,23180.55
Pará de Minas,44.369973190348524,33220.0
Passira,41.81360201511335,7994.82
Passo Fundo,39.226519337016576,48355.12
Passos,35.06607929515418,23407.3
Pato Branco,31.170336037079956,48310.9
Patos,38.54224185532855,17789.68
Patos de Minas,42.10164835164835,32501.05
Patrocínio,43.52112676056338,31002.79
Patu,28.405797101449277,10975.1
Pau dos Ferros,33.33333333333333,19008.79
Paudalho,44.49438202247191,15434.67
Pauini,83.07692307692308,8566.43
Paulista,29.880313660751135,11168.6
Paulista,29.880313660751135,13681.83
Paulistana,32.467532467532465,10797.76
Paulo Afonso,32.05546492659054,31312.64
Paulínia,43.455497382198956,341552.82
Paço do Lumiar,30.364372469635626,8120.75
Pederneiras,49.473684210526315,43937.88
Pedra Branca,44.48217317487266,7698.6
Pedra Branca,44.48217317487266,8476.4
Pedra Preta,42.201834862385326,12210.87
Pedra Preta,42.201834862385326,47656.32
Pedreira,45.94594594594595,26382.27
Pedreiras,36.070381231671554,14869.16
Pedro Afonso,65.37467700258398,35213.35
Pedro Canário,45.08670520231214,12005.97
Pedro II,37.60217983651226,8878.4
Pedro Leopoldo,33.86666666666667,23844.33
Peixe,52.12765957446809,64184.32
Peixoto de Azevedo,61.34020618556701,17403.45
Pelotas,31.331090821720327,27586.96
Penalva,54.01459854014598,5650.61
Penedo,41.5061295971979,12505.56
Pentecoste,39.481268011527376,13105.44
Penápolis,50.0,25467.09
Pereira Barreto,42.23300970873786,29881.28
Peruíbe,47.57630161579892,24403.9
Pesqueira,46.50205761316872,10804.68
Petrolina,36.35269334938309,20811.26
Petrolândia,50.39370078740157,40379.67
Petrolândia,50.39370078740157,30438.7
Petrópolis,37.51214771622935,44559.04
Piancó,50.30487804878049,11807.4
Picos,29.0838584585555,21336.04
Picuí,30.15075376884422,10316.32
Piedade,45.45454545454545,23365.29
Pilar,45.857988165680474,8621.72
Pilar,45.857988165680474,15458.25
Pilar do Sul,36.407766990291265,25490.29
Pilão Arcado,51.578947368421055,7642.72
Pimenta Bueno,67.77251184834124,31747.87
Pindamonhangaba,46.837944664031625,50325.32
Pindaré-Mirim,51.81818181818182,8200.56
Pindobaçu,43.93305439330544,7436.92
Pindoretama,54.83870967741935,11968.67
Pinhais,41.29032258064516,48884.67
Pinheiro,43.47305389221557,10756.45
Pinheiros,50.0,22282.8
Pinhão,47.8448275862069,11681.08
Pinhão,47.8448275862069,48578.45
Pio IX,42.95302013422819,9884.4
Pio XII,39.21568627450981,6566.47
Piracanjuba,56.25,33295.33
Piracicaba,42.89855072463768,68843.7
Piracuruca,44.34389140271493,10921.9
Piraju,48.36065573770492,26133.1
Pirajuí,39.884393063583815,18787.88
Piranga,40.98360655737705,10082.95
Pirapora,34.3313373253493,42022.38
Piraquara,50.82742316784869,12388.67
Pirassununga,38.403614457831324,37571.24
Piratini,39.175257731958766,23343.32
Pirenópolis,58.032128514056225,20791.99
Pires do Rio,42.78606965174129,30659.96
Piripiri,34.15977961432507,12167.19
Pitanga,43.63636363636363,28612.29
Pitangueiras,40.853658536585364,28086.03
Pitangueiras,40.853658536585364,27795.7
Pitangui,40.119760479041915,19744.62
Piumhi,41.22562674094708,27340.61
Planaltina,63.39210747271201,13417.67
Plácido de Castro,42.70833333333333,13407.1
Pocinhos,28.971962616822427,13069.68
Poconé,42.76729559748428,17614.59
Pojuca,29.03225806451613,26317.43
Pombal,42.28395061728395,12688.31
Pompéu,42.944785276073624,26374.26
Ponta Grossa,40.78315478389361,44361.09
Ponta Porã,50.7227332457293,34790.71
Ponta de Pedras,37.362637362637365,7150.48
Pontal,43.85245901639344,18213.93
Ponte Nova,35.69711538461539,31615.5
Pontes e Lacerda,43.983402489626556,33777.61
Porangatu,60.88328075709779,21380.38
Porecatu,22.35294117647059,46861.1
Portalegre,25.274725274725274,8181.55
Porteiras,49.572649572649574,10373.44
Porteirinha,36.096256684491976,10405.05
Portel,48.679245283018865,12703.78
Porto Acre,43.103448275862064,12294.58
Porto Alegre,39.61239353166276,55555.39
Porto Calvo,49.75369458128079,12963.63
Porto Esperidião,51.19047619047619,18562.03
Porto Feliz,54.151624548736464,56431.41
Porto Ferreira,42.803030303030305,38251.13
Porto Franco,35.67251461988304,21679.84
Porto Grande,55.68181818181818,15395.73
Porto Murtinho,46.666666666666664,20712.39
Porto Nacional,45.169082125603865,35249.55
Porto Seguro,40.810556079170595,22727.56
Porto União,48.91640866873065,21990.79
Porto Velho,51.53061224489795,33825.46
Porto Walter,39.02439024390244,9918.76
Porto da Folha,43.333333333333336,9952.9
Porto de Moz,50.53191489361703,7842.34
Posse,56.80087051142546,16315.04
Pouso Alegre,48.43391902215431,58312.84
Poxoréu,40.243902439024396,32651.83
Poá,42.51152073732719,38131.3
Poço Redondo,41.10169491525424,9109.81
Poço Verde,34.08071748878923,10485.42
Poços de Caldas,45.23411371237458,45798.92
Poções,34.03990024937656,10668.85
Prado,31.360946745562128,15495.87
Praia Grande,52.069494123658664,23432.68
Praia Grande,52.069494123658664,23157.14
Prainha,48.529411764705884,9834.46
Presidente Dutra,42.24924012158054,12249.71
Presidente Dutra,42.24924012158054,7194.49
Presidente Epitácio,35.24904214559387,19248.59
Presidente Figueiredo,64.76964769647697,26395.42
Presidente Médici,55.28846153846154,22529.85
Presidente Médici,55.28846153846154,6882.25
Presidente Prudente,38.37471783295711,36663.15
Presidente Tancredo Neves,38.92617449664429,9664.76
Presidente Venceslau,46.93877551020408,19371.74
Primavera do Leste,41.90871369294606,63190.05
Princesa Isabel,45.76271186440678,10501.83
Promissão,42.14876033057851,33103.62
Propriá,42.78606965174129,17349.14
Prudentópolis,37.014925373134325,24214.31
Quaraí,36.607142857142854,21163.9
Quatro Barras,37.368421052631575,66966.03
Quedas do Iguaçu,52.9126213592233,38015.77
Queimadas,32.748538011695906,11580.32
Queimadas,32.748538011695906,8998.42
Queimados,41.714947856315185,25782.11
Querência,53.20197044334976,88859.47
Quilombo,33.088235294117645,36906.9
Quirinópolis,53.50223546944859,35361.2
Quissamã,32.417582417582416,154726.99
Quiterianópolis,44.76987447698745,7713.59
Quixadá,61.89848384970337,11463.4
Quixeramobim,52.3225241016652,15148.01
Rancharia,46.540880503144656,31394.55
Raposa,37.38317757009346,8147.46
Realeza,37.46835443037975,36502.94
Recife,31.903118692623217,33232.26
Redenção,47.09784411276949,22028.88
Redenção,47.09784411276949,11790.12
Regeneração,39.50617283950617,9776.81
Registro,50.12406947890818,37160.21
Remanso,50.75987841945289,9665.15
Remígio,23.121387283236995,8884.28
Resende,42.17687074829932,65208.31
Riacho de Santana,28.703703703703702,9202.76
Riacho de Santana,28.703703703703702,7558.26
Riachuelo,54.49438202247191,8922.23
Riachuelo,54.49438202247191,20174.89
Riachão das Neves,49.411764705882355,34938.38
Riachão do Jacuípe,27.18676122931442,10720.56
Ribas do Rio Pardo,56.557377049180324,45616.41
Ribeira do Pombal,39.31506849315068,11068.15
Ribeirão,60.43956043956044,9786.27
Ribeirão Pires,37.69230769230769,25497.11
Ribeirão Preto,33.37915234822451,50270.98
Ribeirão das Neves,45.56596971881759,12976.52
Rio Bonito,38.02281368821293,25822.81
Rio Branco,34.26162493612672,22448.3
Rio Branco,34.26162493612672,17807.09
Rio Branco do Sul,54.4891640866873,37965.68
Rio Brilhante,42.25806451612903,62231.67
Rio Claro,43.56087262491204,21065.58
Rio Claro,43.56087262491204,50923.39
Rio Formoso,62.13592233009708,11492.0
Rio Grande,33.594306049822066,50649.06
Rio Grande da Serra,42.125984251968504,14179.63
Rio Largo,39.97289972899729,15545.65
Rio Negrinho,54.75113122171946,29132.27
Rio Negro,44.680851063829785,36276.33
Rio Negro,44.680851063829785,21884.28
Rio Pardo,40.86538461538461,25543.47
Rio Pardo de Minas,42.592592592592595,8765.34
Rio Preto da Eva,69.95515695067265,12417.89
Rio Real,32.56704980842912,22645.77
Rio Tinto,37.01067615658363,11042.3
Rio Verde,64.48040885860307,42360.16
Rio Verde de Mato Grosso,48.148148148148145,24411.26
Rio das Ostras,39.47001394700139,51379.2
Rio de Contas,30.64516129032258,9967.44
Rio de Janeiro,33.442332949154356,52833.25
Rio do Sul,50.487329434697855,40727.01
Rolim de Moura,49.7093023255814,23310.58
Rolândia,37.163814180929094,41850.38
Rondon do Pará,39.44223107569721,10212.79
Rondonópolis,41.17305458768873,48787.08
Rorainópolis,50.326797385620914,20258.48
Rosana,30.555555555555557,90579.56
Rosário,40.63205417607224,8699.48
Rosário Oeste,42.391304347826086,17901.65
Rosário do Sul,33.55263157894737,23588.27
Rubiataba,43.51585014409222,23773.8
Rurópolis,58.490566037735846,7450.48
Russas,54.50061652281134,14078.8
Ruy Barbosa,46.012269938650306,9854.53
Ruy Barbosa,46.012269938650306,9886.85
Sabará,38.19301848049281,22428.04
Salgueiro,51.19161105815062,16052.17
Salinas,34.91228070175438,13741.53
Salinópolis,42.857142857142854,13083.92
Salto,44.11276948590381,65208.06
Salto de Pirapora,48.598130841121495,41579.23
Salvador,31.540781993270684,22213.24
Salvaterra,40.909090909090914,7605.36
Sant'Ana do Livramento,36.02251407129456,33978.58
Santa Bárbara,28.440366972477065,8046.02
Santa Bárbara,28.440366972477065,27712.54
Santa Bárbara d'Oeste,45.068664169787766,31941.02
Santa Cruz,31.663974151857836,16468.77
Santa Cruz,31.663974151857836,8569.44
Santa Cruz,31.663974151857836,7884.29
Santa Cruz do Capibaribe,44.5010183299389,14680.05
Santa Cruz do Rio Pardo,45.43478260869565,41989.07
Santa Cruz do Sul,39.5260663507109,75387.36
Santa Fé do Araguaia,49.26470588235294,16581.01
Santa Fé do Sul,60.64981949458483,37103.98
Santa Helena,53.16455696202531,6389.39
Santa Helena,53.16455696202531,8803.85
Santa Helena,53.16455696202531,36940.6
Santa Helena,53.16455696202531,33988.68
Santa Helena de Goiás,66.31892697466468,29470.18
Santa Inês,41.45854145854146,13991.26
Santa Inês,41.45854145854146,8701.93
Santa Inês,41.45854145854146,6562.49
Santa Inês,41.45854145854146,27485.42
Santa Isabel,41.03585657370518,26367.17
Santa Isabel,41.03585657370518,21943.36
Santa Isabel do Rio Negro,67.56756756756756,6063.41
Santa Izabel do Pará,34.22159887798036,11252.79
Santa Luzia,40.87947882736157,7738.39
Santa Luzia,40.87947882736157,14631.82
Santa Luzia,40.87947882736157,7876.34
Santa Luzia,40.87947882736157,18854.93
Santa Luzia do Paruá,41.87725631768953,8313.66
Santa Maria,24.57482993197279,13208.86
Santa Maria,24.57482993197279,31074.58
Santa Maria da Boa Vista,45.69288389513109,15507.98
Santa Maria da Vitória,38.16631130063966,12110.47
Santa Maria de Jetibá,43.05177111716621,36561.24
Santa Maria do Suaçuí,45.19230769230769,9802.7
Santa Quitéria,36.92870201096892,11499.93
Santa Rita,39.603960396039604,7432.85
Santa Rita,39.603960396039604,18821.11
Santa Rita de Cássia,38.19444444444444,8513.11
Santa Rita do Sapucaí,50.83333333333333,38141.29
Santa Rosa,34.17085427135678,43564.15
Santa Rosa de Lima,39.53488372093023,12102.07
Santa Rosa de Lima,39.53488372093023,26842.89
Santa Rosa de Viterbo,35.0,25962.52
Santa Rosa do Purus,50.0,11498.11
Santa Teresa,28.517110266159694,19963.23
Santa Terezinha de Itaipu,29.87012987012987,24855.93
Santa Vitória do Palmar,35.88516746411483,42059.92
Santaluz,34.53237410071942,10399.93
Santana,38.32684824902724,17515.37
Santana,38.32684824902724,9706.1
Santana de Parnaíba,46.5736040609137,67531.85
Santana do Acaraú,26.004728132387704,7088.77
Santana do Araguaia,64.39393939393939,14228.2
Santana do Cariri,51.86915887850467,7588.62
Santana do Ipanema,52.30061349693251,11834.31
Santarém,39.180576631259484,16829.8
Santiago,31.905781584582442,32137.33
Santo Amaro,35.609756097560975,14024.36
Santo André,38.899049012435995,10302.53
Santo André,38.899049012435995,42209.54
Santo Antônio,36.760925449871465,9911.53
Santo Antônio da Patrulha,38.70967741935484,33598.69
Santo Antônio da Platina,44.391025641025635,27182.25
Santo Antônio de Jesus,26.763110307414106,21863.76
Santo Antônio de Pádua,35.77235772357724,27256.95
Santo Antônio do Descoberto,48.09322033898305,10149.07
Santo Antônio do Içá,71.9047619047619,8768.8
Santo Antônio do Leverger,39.175257731958766,25766.61
Santo Estêvão,30.241187384044526,13942.59
Santo Ângelo,34.960629921259844,36452.12
Santos,42.63085399449036,52509.91
Santos Dumont,35.61151079136691,21692.51
Sapeaçu,33.82352941176471,9590.43
Sapezal,46.79802955665024,100073.42
Sapiranga,42.79749478079332,42829.26
Sapucaia do Sul,46.46781789638933,25082.24
Sapé,36.54545454545455,11442.84
Saquarema,39.31623931623932,120175.92
Sarandi,37.53623188405797,17895.34
Sarandi,37.53623188405797,40917.78
Seabra,36.423841059602644,12448.76
Seara,49.59349593495935,51112.07
Sena Madureira,35.68075117370892,11783.19
Senador Canedo,46.33431085043988,32541.96
Senador Guiomard,42.944785276073624,15696.56
Senador Pompeu,44.04145077720207,12362.48
Senhor do Bonfim,31.472081218274113,11399.16
Sento Sé,37.254901960784316,23542.89
Seropédica,44.596651445966515,50521.23
Serra,40.20436927413672,49980.16
Serra Dourada,27.1523178807947,9216.44
Serra Talhada,49.78540772532189,17848.2
Serra do Ramalho,38.513513513513516,9807.25
Serrana,33.87755102040816,22354.28
Serrinha,30.623818525519848,10096.81
Serrinha,30.623818525519848,11362.74
Serro,43.67816091954023,12377.03
Sertânia,32.71889400921659,15339.13
Sertãozinho,40.96109839816934,9654.13
Sertãozinho,40.96109839816934,43146.2
Sete Lagoas,38.24773413897281,39862.74
Sete Quedas,44.0,24783.11
Sidrolândia,45.55555555555556,34547.03
Silves,67.45098039215686,12465.61
Silvânia,55.25812619502868,36465.75
Simão Dias,33.42618384401114,15786.83
Simões Filho,35.47945205479452,40637.42
Sinop,42.53683536194747,46126.47
Sobradinho,30.417495029821072,32609.65
Sobradinho,30.417495029821072,25642.1
Sobral,46.091644204851754,21919.49
Socorro,60.30534351145038,21849.12
Soledade,35.661764705882355,11879.93
Soledade,35.661764705882355,30505.38
Solonópole,56.9620253164557,11953.56
Solânea,36.68639053254438,11395.82
Sombrio,47.47252747252747,26450.03
Sooretama,42.95774647887324,17350.68
Sorocaba,43.53704705246079,54878.75
Sorriso,49.67405475880052,69023.0
Soure,28.07017543859649,7798.94
Sousa,28.228782287822877,17681.86
Sumaré,49.62406015037594,52557.85
Sumé,37.52808988764045,10886.7
Surubim,48.55855855855856,12455.57
Suzano,44.49291166848418,40453.09
São Benedito,42.39766081871345,11350.31
São Bento,51.68539325842697,5998.04
São Bento,51.68539325842697,13985.53
São Bento do Sul,48.54545454545455,39331.23
São Bento do Una,50.40431266846361,21797.56
São Bernardo,47.8330658105939,9958.72
São Bernardo do Campo,40.22421524663677,60871.06
São Borja,40.05167958656331,32111.87
São Caetano do Sul,35.973282442748086,85062.97
São Caitano,42.391304347826086,10128.36
São Carlos,30.808366308648953,46832.89
São Carlos,30.808366308648953,38241.56
São Cristóvão,36.0146252285192,10514.98
São Domingos do Capim,32.10526315789474,10841.76
São Domingos do Maranhão,46.557377049180324,8485.76
São Felipe,30.508474576271187,9400.34
São Fidélis,37.54385964912281,19002.34
São Francisco,39.23766816143498,10351.83
São Francisco,39.23766816143498,10756.44
São Francisco,39.23766816143498,9445.53
São Francisco,39.23766816143498,16179.2
São Francisco de Itabapoana,60.1010101010101,24265.57
São Francisco do Conde,34.46601941747573,210629.4
São Francisco do Guaporé,64.65517241379311,17430.53
São Francisco do Sul,46.206896551724135,80372.51
São Félix,31.48148148148148,11557.09
São Félix do Araguaia,55.38461538461539,61169.77
São Félix do Xingu,63.42592592592593,11288.26
São Gabriel,32.054794520547944,6718.22
São Gabriel,32.054794520547944,29026.39
São Gabriel da Cachoeira,59.92063492063492,7846.88
São Gabriel da Palha,46.13333333333333,16681.91
São Gabriel do Oeste,47.17741935483871,58810.0
São Geraldo do Araguaia,46.44549763033176,20998.28
São Gonçalo,37.29764731275632,16916.33
São Gonçalo do Amarante,41.46341463414634,77639.32
São Gonçalo do Amarante,41.46341463414634,15666.61
São Gonçalo do Sapucaí,36.84210526315789,25557.6
São Gonçalo dos Campos,19.51219512195122,26290.04
São Gotardo,38.669950738916256,26648.35
São Jerônimo,42.016806722689076,25171.99
São Joaquim,51.87500000000001,33206.44
São Joaquim da Barra,35.53530751708428,28047.4
São Joaquim de Bicas,47.524752475247524,18361.96
São José,36.60331085223789,45787.06
São José da Lapa,48.08743169398907,21782.85
São José da Tapera,53.441295546558706,8498.44
São José de Mipibu,35.390946502057616,18564.96
São José de Piranhas,28.32369942196532,10104.57
São José de Ribamar,38.3199079401611,12007.36
São José do Belmonte,49.60629921259843,8557.63
São José do Egito,40.833333333333336,12071.71
São José do Norte,32.8125,15383.15
São José do Rio Claro,38.25503355704698,38571.23
São José do Rio Pardo,41.70124481327801,35488.22
São José do Rio Preto,45.07785695434151,40759.29
São José dos Campos,39.51579811243332,60194.93
São José dos Pinhais,43.084016393442624,92666.2
São José dos Quatro Marcos,43.103448275862064,19961.11
São João Evangelista,29.34131736526946,13057.7
São João Nepomuceno,24.919093851132686,16279.56
São João da Baliza,51.85185185185185,25512.88
São João da Boa Vista,46.33540372670807,35866.22
São João de Meriti,43.208221626452186,20736.22
São João del Rei,31.348837209302328,27087.89
São João do Paraíso,38.497652582159624,10771.65
São João do Paraíso,38.497652582159624,9952.7
São João do Piauí,47.23618090452261,16589.0
São João do Rio do Peixe,28.35820895522388,10596.51
São João dos Patos,38.153310104529616,10553.93
São Leopoldo,44.18604651162791,42740.23
São Lourenço,43.333333333333336,24402.52
São Lourenço da Mata,35.28693528693529,11121.96
São Lourenço do Oeste,40.37267080745342,46216.41
São Lourenço do Sul,22.169811320754718,29051.89
São Luiz Gonzaga,37.28395061728395,42725.05
São Luís,30.96451403687575,29135.32
São Luís de Montes Belos,60.96938775510205,28515.88
São Luís do Quitunde,46.330275229357795,18080.59
São Manuel,45.0354609929078,26106.86
São Marcos,41.228070175438596,46359.02
São Mateus,33.04455445544555,18117.25
São Mateus do Maranhão,46.478873239436616,7748.17
São Mateus do Sul,41.53846153846154,27743.54
São Miguel,36.492890995260666,10250.81
São Miguel Arcanjo,46.774193548387096,23793.9
São Miguel do Araguaia,57.86407766990291,22776.96
São Miguel do Guamá,38.91891891891892,10710.55
São Miguel do Guaporé,64.31924882629107,26768.26
São Miguel do Iguaçu,38.63636363636363,39875.96
São Miguel do Oeste,40.0,41379.69
São Miguel dos Campos,33.82352941176471,18340.95
São Paulo,41.41539756638861,62341.21
São Paulo de Olivença,64.35643564356435,7220.56
São Pedro da Aldeia,43.77431906614786,23326.65
São Pedro do Piauí,29.166666666666668,8081.99
São Raimundo Nonato,30.89700996677741,14228.88
São Raimundo das Mangabeiras,32.84132841328413,27249.41
São Romão,38.55421686746988,12314.1
São Roque,45.103857566765576,34699.1
São Sebastião,57.410881801125704,16515.04
São Sebastião,57.410881801125704,40181.39
São Sebastião da Boa Vista,33.83084577114428,7698.46
São Sebastião de Lagoa de Roça,24.193548387096776,8122.42
São Sebastião do Paraíso,44.52887537993921,27604.51
São Sebastião do Passé,31.30434782608696,15605.2
São Sepé,30.76923076923077,38242.63
São Vicente,53.393351800554015,10511.66
São Vicente,53.393351800554015,15164.69
São Vicente Ferrer,49.50980392156863,5953.99
São Vicente do Seridó,33.69565217391305,6733.08
São Vicente do Sul,19.649122807017545,29922.16
Sítio Novo do Tocantins,55.55555555555556,11686.3
Tabatinga,59.04255319148937,9365.33
Tabatinga,59.04255319148937,15222.13
Tabira,53.9553752535497,9818.65
Taboão da Serra,41.03837471783296,30423.33
Tabuleiro do Norte,49.794238683127574,11997.07
Taguatinga,52.820512820512825,14186.27
Tailândia,55.88235294117647,8945.48
Taiobeiras,31.88405797101449,13843.51
Taió,42.5,36282.1
Tamboril,56.699029126213595,9139.65
Tangará da Serra,38.331318016928655,32992.97
Tapauá,43.15789473684211,11309.44
Tapejara,35.1063829787234,32376.98
Tapejara,35.1063829787234,51459.43
Taperoá,26.25,7755.25
Taperoá,26.25,8471.96
Tapiratiba,46.875,20062.8
Taquara,50.456621004566216,24898.78
Taquari,46.794871794871796,30804.53
Taquaritinga,49.473684210526315,26675.19
Tarauacá,41.17647058823529,11362.96
Tartarugalzinho,47.540983606557376,13380.58
Tatuí,49.80988593155893,34164.15
Taubaté,49.24277191372189,58290.8
Tauá,53.38114754098361,11245.42
Tavares,46.35416666666667,8203.2
Tavares,46.35416666666667,16641.01
Tefé,77.08333333333334,17092.46
Teixeira de Freitas,33.33333333333333,16541.88
Tejuçuoca,64.11149825783971,6916.28
Telêmaco Borba,49.12536443148688,45262.3
Teodoro Sampaio,39.10614525139665,10697.76
Teodoro Sampaio,39.10614525139665,21690.24
Teotônio Vilela,52.75590551181102,11452.33
Teresina,29.273504273504276,25458.5
Teresópolis,47.353760445682454,29174.07
Terra Nova do Norte,64.04494382022472,29480.61
Teutônia,40.27777777777778,46107.65
Teófilo Otoni,36.07198748043818,19191.15
Tianguá,48.512173128944994,19276.27
Tibau,40.0,25093.85
Tietê,47.8494623655914,43988.31
Tijucas,57.738095238095234,45190.48
Timbaúba,43.88586956521739,12722.07
Timbiras,37.83783783783784,5856.67
Timbó,54.1025641025641,44482.14
Timon,34.77715003138732,11229.91
Timóteo,32.88364249578415,35238.51
Tobias Barreto,31.43418467583497,11215.73
Tocantinópolis,39.84375,14228.7
Toledo,36.808051761322794,13034.69
Toledo,36.808051761322794,44016.71
Tomé-Açu,38.857142857142854,11241.11
Tonantins,84.65608465608466,7871.99
Torres,36.98347107438016,32674.87
Touros,34.48275862068966,20431.35
Traipu,54.60526315789473,7246.99
Trairi,42.88052373158756,14036.17
Tramandaí,52.18579234972678,21412.22
Trindade,56.65545410860163,10581.1
Trindade,56.65545410860163,17333.95
Triunfo,48.68913857677903,7921.71
Triunfo,48.68913857677903,9721.31
Triunfo,48.68913857677903,283449.62
Três Corações,45.110410094637224,30888.91
Três Lagoas,46.54471544715447,85297.87
Três Marias,42.364532019704434,76373.56
Três Passos,34.38538205980066,38458.04
Três Pontas,40.189125295508276,22235.8
Três Rios,39.678615574783684,53338.23
Três de Maio,30.976430976430976,46448.67
Tubarão,48.41341795104261,37487.1
Tucano,27.881040892193308,9553.34
Tucumã,47.506561679790025,20904.79
Tucuruí,34.69387755102041,46791.4
Tuntum,40.57971014492754,7774.69
Tupaciguara,46.40522875816993,27340.03
Tupã,46.57762938230384,29449.71
Turiaçu,56.42857142857143,6771.22
Turmalina,30.065359477124183,18682.31
Turmalina,30.065359477124183,34229.02
Tutóia,51.64179104477612,7040.53
Uarini,81.61764705882352,14635.2
Uauá,35.625,8466.19
Ubaitaba,47.349823321554766,11548.41
Ubajara,50.990990990990994,16695.06
Ubatuba,50.898203592814376,26241.36
Ubaíra,36.8,9908.27
Uberaba,48.43808806925104,46561.66
Uberlândia,34.85124468731026,54430.68
Ubiratã,42.97994269340974,44361.58
Ubá,39.325842696629216,26420.58
Uibaí,29.78723404255319,6956.99
Uiraúna,33.33333333333333,11427.53
Umarizal,27.710843373493976,12901.73
Umbaúba,54.22885572139303,13940.65
Umburanas,48.31460674157304,7495.97
Umuarama,40.72305593451569,33320.17
Una,32.0,14140.26
Unaí,39.58904109589041,34785.32
União,36.23978201634878,8976.06
União da Vitória,46.04072398190045,27892.18
União dos Palmares,43.139534883720934,16059.3
Urandi,22.35294117647059,10984.02
Urbano Santos,38.793103448275865,5934.05
Uruará,54.40414507772021,13431.86
Uruaçu,50.112612612612615,23172.57
Uruburetama,36.26543209876543,13527.84
Urucará,70.65868263473054,18695.49
Urucurituba,74.32432432432432,7978.21
Uruguaiana,36.10738255033557,22723.78
Uruoca,50.314465408805034,12809.79
Uruçuí,37.29977116704806,68053.55
Vacaria,39.70223325062035,37130.0
Valente,25.724637681159418,8042.92
Valença,41.203007518796994,16346.46
Valença,41.203007518796994,26803.4
Valença do Piauí,36.102719033232624,12434.45
Valinhos,40.72727272727273,50785.35
Valparaíso de Goiás,39.05218956208758,16131.87
Vargem Grande,34.59915611814346,6073.74
Vargem Grande Paulista,44.35897435897436,41345.61
Vargem Grande do Sul,49.596774193548384,23134.13
Varginha,39.682539682539684,46457.4
Varjota,27.27272727272727,18238.38
Vassouras,46.15384615384615,29585.01
Vazante,36.11111111111111,38803.02
Venda Nova do Imigrante,32.25152129817444,24073.15
Venâncio Aires,37.57225433526011,48418.68
Vera Cruz,47.0873786407767,9559.07
Vera Cruz,47.0873786407767,12196.73
Vera Cruz,47.0873786407767,16262.4
Vera Cruz,47.0873786407767,26080.29
Veranópolis,28.90625,59023.52
Vespasiano,43.52720450281426,19642.48
Viamão,45.91002044989775,15830.63
Viana,44.89510489510489,7755.36
Viana,44.89510489510489,34372.62
Vicência,47.3469387755102,14579.38
Videira,43.233082706766915,50919.89
Vigia,40.84249084249084,7235.93
Vila Rica,41.1214953271028,20273.24
Vila Velha,32.00740055504163,26040.2
Vilhena,67.9022746419545,28353.15
Vinhedo,39.497307001795335,122747.3
Virginópolis,52.071005917159766,15298.65
Visconde do Rio Branco,30.96590909090909,30159.48
Vitorino Freire,36.11111111111111,8042.76
Vitória,32.27155727155727,59693.66
Vitória da Conquista,31.005844355582894,21459.85
Vitória de Santo Antão,46.57142857142857,30154.3
Viçosa,28.182870370370374,11186.55
Viçosa,28.182870370370374,16342.68
Viçosa,28.182870370370374,22183.13
Viçosa do Ceará,59.83772819472617,7921.75
Volta Redonda,45.75963718820862,40355.98
Votorantim,43.197278911564624,27816.38
Votuporanga,49.45490584737364,31236.51
Várzea Alegre,44.5440956651719,9768.71
Várzea Grande,45.540691192865104,8085.86
Várzea Grande,45.540691192865104,30166.68
Várzea Paulista,45.50898203592814,23860.4
Várzea da Palma,36.54822335025381,20562.46
Wanderlândia,61.875,11541.82
Wenceslau Braz,53.40599455040872,11019.42
Wenceslau Braz,53.40599455040872,27870.14
Xambioá,52.5,24357.58
Xanxerê,43.83116883116883,37206.72
Xapuri,41.34615384615385,14236.46
Xaxim,38.81856540084388,36174.41
Xinguara,45.911949685534594,28917.29
Xique-Xique,44.771241830065364,8843.15
Zé Doca,42.25941422594142,8565.7
Água Boa,51.66666666666667,10674.01
Água Boa,51.66666666666667,41982.75
Água Branca,44.827586206896555,12438.8
Água Branca,44.827586206896555,8074.16
Água Branca,44.827586206896555,7976.02
Água Clara,63.74999999999999,72697.25
Água Doce do Norte,63.63636363636363,12553.23
Água Preta,69.62025316455697,6974.69
Águas Belas,60.03086419753087,8337.93
Águas Formosas,49.735449735449734,13459.92
Águas Lindas de Goiás,53.53393981805459,9552.05
Óbidos,45.033112582781456,18778.79
