,IDHM,IDHM Educação,IDHM Renda,IDHM Longevidade,Nome_Município,abstencao
0,0.641,0.526,0.657,0.763,ALTA FLORESTA D'OESTE,55.10204081632652
1,0.702,0.6,0.716,0.806,ARIQUEMES,56.3230605738576
2,0.718,0.62,0.727,0.821,CACOAL,65.03496503496503
3,0.692,0.602,0.688,0.799,CEREJEIRAS,64.4
4,0.685,0.584,0.676,0.814,COLORADO DO OESTE,57.14285714285714
5,0.672,0.536,0.691,0.819,ESPIGÃO D'OESTE,70.98445595854922
6,0.657,0.519,0.663,0.823,GUAJARÁ-MIRIM,52.16637781629117
7,0.689,0.577,0.687,0.825,JARU,68.51119894598156
8,0.714,0.617,0.728,0.81,JI-PARANÁ,60.14134275618375
9,0.596,0.446,0.629,0.755,MACHADINHO D'OESTE,62.00873362445415
10,0.643,0.524,0.664,0.763,NOVA BRASILÂNDIA D'OESTE,67.44186046511628
11,0.682,0.569,0.687,0.812,OURO PRETO DO OESTE,50.84745762711864
12,0.71,0.613,0.726,0.803,PIMENTA BUENO,67.77251184834124
13,0.736,0.638,0.764,0.819,PORTO VELHO,51.53061224489795
14,0.664,0.55,0.671,0.792,PRESIDENTE MÉDICI,55.28846153846154
15,0.591,0.522,0.518,0.762,PRESIDENTE MÉDICI,55.28846153846154
16,0.7,0.598,0.709,0.808,ROLIM DE MOURA,49.7093023255814
17,0.731,0.659,0.734,0.808,VILHENA,67.9022746419545
18,0.646,0.537,0.644,0.781,SÃO MIGUEL DO GUAPORÉ,64.31924882629107
19,0.643,0.534,0.654,0.763,ALVORADA D'OESTE,56.78391959798995
20,0.625,0.457,0.664,0.804,ALTO PARAÍSO,75.42372881355932
21,0.678,0.556,0.677,0.829,ALTO PARAÍSO,75.42372881355932
22,0.616,0.479,0.65,0.751,BURITIS,48.53556485355649
23,0.643,0.494,0.673,0.8,MIRANTE DA SERRA,54.93827160493827
24,0.607,0.454,0.645,0.762,MONTE NEGRO,58.55855855855856
25,0.611,0.462,0.657,0.751,SÃO FRANCISCO DO GUAPORÉ,64.65517241379311
26,0.604,0.466,0.584,0.808,ACRELÂNDIA,49.34210526315789
27,0.614,0.485,0.619,0.77,BRASILÉIA,49.72677595628415
28,0.664,0.582,0.648,0.776,CRUZEIRO DO SUL,33.1041257367387
29,0.713,0.641,0.682,0.828,CRUZEIRO DO SUL,33.1041257367387
30,0.723,0.607,0.746,0.833,CRUZEIRO DO SUL,33.1041257367387
31,0.653,0.553,0.654,0.771,EPITACIOLÂNDIA,51.06382978723404
32,0.539,0.388,0.559,0.723,FEIJÓ,41.91176470588236
33,0.469,0.283,0.499,0.731,JORDÃO,47.82608695652174
34,0.625,0.546,0.58,0.77,MÂNCIO LIMA,37.67123287671233
35,0.501,0.361,0.479,0.726,MARECHAL THAUMATURGO,49.09090909090909
36,0.622,0.517,0.593,0.786,PLÁCIDO DE CASTRO,42.70833333333333
37,0.532,0.397,0.521,0.726,PORTO WALTER,39.02439024390244
38,0.727,0.661,0.729,0.798,RIO BRANCO,34.26162493612672
39,0.707,0.617,0.701,0.817,RIO BRANCO,34.26162493612672
40,0.517,0.34,0.519,0.781,SANTA ROSA DO PURUS,50.0
41,0.64,0.513,0.649,0.786,SENADOR GUIOMARD,42.94478527607362
42,0.603,0.456,0.593,0.81,SENA MADUREIRA,35.68075117370892
43,0.539,0.392,0.554,0.72,TARAUACÁ,41.17647058823529
44,0.599,0.448,0.621,0.773,XAPURI,41.34615384615385
45,0.576,0.418,0.593,0.771,PORTO ACRE,43.103448275862064
46,0.527,0.377,0.499,0.778,ALVARÃES,70.24793388429752
47,0.594,0.526,0.537,0.741,ANAMÃ,70.0
48,0.561,0.433,0.54,0.757,ANORI,37.735849056603776
49,0.637,0.54,0.621,0.772,APUÍ,60.3960396039604
50,0.577,0.446,0.539,0.799,AUTAZES,86.71875
51,0.5,0.315,0.545,0.728,BARCELOS,72.02380952380952
52,0.574,0.522,0.469,0.774,BARREIRINHA,70.8185053380783
53,0.574,0.471,0.526,0.763,BENJAMIN CONSTANT,69.33962264150944
54,0.506,0.346,0.512,0.731,BERURI,77.19298245614034
55,0.565,0.484,0.496,0.75,BOA VISTA DO RAMOS,74.65277777777779
56,0.588,0.455,0.576,0.777,BOCA DO ACRE,100.0
57,0.56,0.425,0.532,0.776,BORBA,83.16831683168317
58,0.569,0.436,0.544,0.775,CAAPIRANGA,75.73529411764706
59,0.53,0.379,0.522,0.752,CANUTAMA,55.35714285714286
60,0.549,0.416,0.534,0.745,CARAUARI,73.23420074349443
61,0.557,0.431,0.515,0.779,CAREIRO,88.37719298245614
62,0.568,0.45,0.523,0.779,CAREIRO DA VÁRZEA,75.14124293785311
63,0.586,0.425,0.606,0.78,COARI,63.83720930232558
64,0.563,0.421,0.546,0.775,CODAJÁS,84.42906574394463
65,0.563,0.431,0.548,0.756,EIRUNEPÉ,60.629921259842526
66,0.509,0.349,0.521,0.727,ENVIRA,80.55555555555556
67,0.53,0.4,0.518,0.719,FONTE BOA,74.27184466019418
68,0.605,0.451,0.621,0.791,HUMAITÁ,60.66536203522504
69,0.738,0.657,0.732,0.837,HUMAITÁ,60.66536203522504
70,0.481,0.302,0.476,0.772,IPIXUNA,57.35294117647059
71,0.613,0.476,0.607,0.799,IRANDUBA,63.63636363636363
72,0.644,0.534,0.618,0.811,ITACOATIARA,66.68839634941331
73,0.477,0.266,0.529,0.772,ITAMARATI,63.1578947368421
74,0.654,0.594,0.594,0.792,ITAPIRANGA,34.519572953736656
75,0.775,0.723,0.766,0.842,ITAPIRANGA,34.519572953736656
76,0.522,0.345,0.552,0.748,JAPURÁ,77.21518987341773
77,0.712,0.623,0.698,0.829,JAPURÁ,77.21518987341773
78,0.516,0.34,0.528,0.766,JUTAÍ,77.37226277372264
79,0.531,0.374,0.538,0.744,LÁBREA,55.11811023622048
80,0.614,0.481,0.604,0.795,MANACAPURU,72.47191011235955
81,0.596,0.51,0.556,0.748,MANAQUIRI,81.48148148148148
82,0.737,0.658,0.738,0.826,MANAUS,54.503213815534735
83,0.582,0.456,0.58,0.747,MANICORÉ,77.9783393501805
84,0.498,0.348,0.466,0.763,MARAÃ,86.29032258064517
85,0.588,0.464,0.549,0.8,MAUÉS,67.48878923766816
86,0.586,0.503,0.513,0.779,NHAMUNDÁ,76.30522088353415
87,0.558,0.412,0.541,0.78,NOVA OLINDA DO NORTE,75.0733137829912
88,0.57,0.434,0.551,0.776,NOVO AIRÃO,77.55905511811024
89,0.554,0.421,0.532,0.759,NOVO ARIPUANÃ,68.42105263157895
90,0.658,0.605,0.589,0.8,PARINTINS,65.11169513797634
91,0.496,0.317,0.531,0.724,PAUINI,83.07692307692308
92,0.647,0.538,0.627,0.802,PRESIDENTE FIGUEIREDO,64.76964769647697
93,0.611,0.493,0.59,0.785,RIO PRETO DA EVA,69.95515695067265
94,0.479,0.323,0.461,0.737,SANTA ISABEL DO RIO NEGRO,67.56756756756756
95,0.49,0.353,0.438,0.759,SANTO ANTÔNIO DO IÇÁ,71.9047619047619
96,0.609,0.476,0.61,0.777,SÃO GABRIEL DA CACHOEIRA,59.92063492063492
97,0.521,0.386,0.471,0.78,SÃO PAULO DE OLIVENÇA,64.35643564356435
98,0.632,0.584,0.546,0.791,SILVES,67.45098039215686
99,0.616,0.505,0.602,0.769,TABATINGA,59.04255319148937
100,0.704,0.609,0.7,0.818,TABATINGA,59.04255319148937
101,0.502,0.355,0.512,0.694,TAPAUÁ,43.15789473684211
102,0.639,0.511,0.637,0.801,TEFÉ,77.08333333333334
103,0.548,0.416,0.508,0.779,TONANTINS,84.65608465608466
104,0.527,0.378,0.535,0.724,UARINI,81.61764705882352
105,0.62,0.575,0.551,0.754,URUCARÁ,70.65868263473054
106,0.588,0.487,0.538,0.776,URUCURITUBA,74.32432432432432
107,0.542,0.379,0.518,0.813,ALTO ALEGRE,53.2258064516129
108,0.7,0.616,0.683,0.817,ALTO ALEGRE,53.2258064516129
109,0.747,0.642,0.756,0.859,ALTO ALEGRE,53.2258064516129
110,0.752,0.708,0.737,0.816,BOA VISTA,48.3125
111,0.649,0.582,0.59,0.796,BOA VISTA,48.3125
112,0.626,0.509,0.597,0.809,BONFIM,51.16279069767442
113,0.624,0.518,0.601,0.78,CARACARAÍ,72.22222222222221
114,0.582,0.434,0.56,0.81,IRACEMA,57.00483091787439
115,0.652,0.632,0.597,0.733,IRACEMA,57.00483091787439
116,0.665,0.547,0.661,0.813,MUCAJAÍ,47.674418604651166
117,0.619,0.519,0.574,0.798,RORAINÓPOLIS,50.326797385620914
118,0.655,0.587,0.614,0.78,SÃO JOÃO DA BALIZA,51.85185185185185
119,0.628,0.537,0.579,0.798,ABAETETUBA,31.782945736434108
120,0.506,0.332,0.517,0.757,ACARÁ,42.2360248447205
121,0.564,0.436,0.529,0.779,ALENQUER,44.20289855072464
122,0.642,0.497,0.659,0.809,ALMEIRIM,63.565891472868216
123,0.665,0.548,0.662,0.811,ALTAMIRA,37.97150041911148
124,0.484,0.29,0.506,0.774,ANAJÁS,45.94594594594595
125,0.718,0.658,0.684,0.821,ANANINDEUA,34.00261894369271
126,0.52,0.38,0.48,0.772,AUGUSTO CORRÊA,50.79365079365079
127,0.519,0.358,0.504,0.773,AURORA DO PARÁ,33.33333333333333
128,0.578,0.467,0.538,0.77,BAIÃO,34.48275862068966
129,0.662,0.564,0.643,0.801,BARCARENA,39.33649289099526
130,0.746,0.673,0.751,0.822,BELÉM,30.64233064233064
131,0.592,0.492,0.557,0.759,BELÉM,30.64233064233064
132,0.593,0.464,0.587,0.764,BELÉM,30.64233064233064
133,0.665,0.592,0.623,0.798,BENEVIDES,49.17197452229299
134,0.546,0.398,0.531,0.77,BONITO,64.52599388379205
135,0.561,0.42,0.559,0.754,BONITO,64.52599388379205
136,0.561,0.467,0.552,0.685,BONITO,64.52599388379205
137,0.67,0.508,0.714,0.831,BONITO,64.52599388379205
138,0.6,0.486,0.589,0.755,BRAGANÇA,36.81043129388165
139,0.568,0.422,0.555,0.781,BREU BRANCO,50.0
140,0.503,0.312,0.524,0.778,BREVES,35.909822866344605
141,0.552,0.437,0.495,0.779,BUJARU,32.515337423312886
142,0.577,0.474,0.538,0.754,CAMETÁ,28.61111111111111
143,0.673,0.569,0.67,0.801,CANAÃ DOS CARAJÁS,45.47872340425532
144,0.655,0.58,0.61,0.794,CAPANEMA,35.207612456747405
145,0.706,0.611,0.719,0.801,CAPANEMA,35.207612456747405
146,0.548,0.385,0.573,0.747,CAPITÃO POÇO,36.36363636363637
147,0.673,0.582,0.654,0.8,CASTANHAL,36.30705394190871
148,0.64,0.54,0.631,0.77,CONCEIÇÃO DO ARAGUAIA,36.016096579476866
149,0.566,0.438,0.56,0.741,CONCÓRDIA DO PARÁ,35.19553072625698
150,0.502,0.323,0.508,0.769,CURRALINHO,45.6953642384106
151,0.582,0.48,0.542,0.758,CURUÇÁ,55.52631578947368
152,0.615,0.502,0.606,0.763,DOM ELISEU,46.590909090909086
153,0.583,0.437,0.573,0.792,FLORESTA DO ARAGUAIA,52.33644859813084
154,0.56,0.404,0.585,0.743,GOIANÉSIA DO PARÁ,57.72357723577236
155,0.595,0.49,0.579,0.743,IGARAPÉ-AÇU,40.845070422535215
156,0.547,0.413,0.514,0.77,IGARAPÉ-MIRI,35.88235294117647
157,0.64,0.51,0.644,0.8,ITAITUBA,50.0709219858156
158,0.528,0.364,0.543,0.746,ITUPIRANGA,48.21428571428572
159,0.622,0.509,0.628,0.752,JACUNDÁ,33.33333333333333
160,0.592,0.501,0.547,0.756,JURUTI,48.466257668711656
161,0.541,0.425,0.493,0.754,LIMOEIRO DO AJURU,40.123456790123456
162,0.599,0.458,0.615,0.763,MÃE DO RIO,39.202657807308974
163,0.668,0.564,0.673,0.785,MARABÁ,35.936898807233554
164,0.676,0.628,0.621,0.793,MARITUBA,41.11111111111111
165,0.575,0.467,0.539,0.754,MOCAJUBA,38.88888888888889
166,0.547,0.375,0.578,0.757,MOJU,44.13965087281795
167,0.589,0.495,0.541,0.764,MONTE ALEGRE,42.71653543307087
168,0.609,0.507,0.578,0.77,MONTE ALEGRE,42.71653543307087
169,0.673,0.519,0.709,0.828,NOVO PROGRESSO,62.5
170,0.537,0.376,0.557,0.741,NOVO REPARTIMENTO,47.417840375586856
171,0.594,0.499,0.556,0.756,ÓBIDOS,45.033112582781456
172,0.507,0.344,0.502,0.754,OEIRAS DO PARÁ,36.22047244094488
173,0.623,0.52,0.599,0.778,ORIXIMINÁ,50.66666666666667
174,0.568,0.438,0.575,0.727,OURÉM,32.52032520325203
175,0.515,0.338,0.541,0.746,PACAJÁ,53.125
176,0.645,0.514,0.667,0.781,PARAGOMINAS,38.111490329920365
177,0.715,0.644,0.701,0.809,PARAUAPEBAS,45.648414985590776
178,0.562,0.412,0.558,0.773,PONTA DE PEDRAS,37.362637362637365
179,0.483,0.286,0.513,0.767,PORTEL,48.67924528301887
180,0.503,0.322,0.512,0.77,PORTO DE MOZ,50.53191489361703
181,0.523,0.359,0.512,0.779,PRAINHA,48.52941176470589
182,0.672,0.561,0.674,0.804,REDENÇÃO,47.09784411276949
183,0.626,0.577,0.567,0.75,REDENÇÃO,47.09784411276949
184,0.602,0.457,0.606,0.788,RONDON DO PARÁ,39.44223107569721
185,0.548,0.392,0.548,0.764,RURÓPOLIS,58.490566037735846
186,0.647,0.541,0.628,0.798,SALINÓPOLIS,42.85714285714285
187,0.608,0.488,0.58,0.793,SALVATERRA,40.909090909090914
188,0.602,0.478,0.591,0.774,SANTANA DO ARAGUAIA,64.39393939393939
189,0.691,0.648,0.632,0.807,SANTARÉM,39.18057663125949
190,0.622,0.568,0.553,0.765,SANTARÉM,39.18057663125949
191,0.532,0.382,0.509,0.773,SÃO DOMINGOS DO CAPIM,32.10526315789474
192,0.594,0.411,0.638,0.798,SÃO FÉLIX DO XINGU,63.42592592592593
193,0.595,0.447,0.594,0.793,SÃO GERALDO DO ARAGUAIA,46.44549763033176
194,0.591,0.471,0.582,0.752,SÃO MIGUEL DO GUAMÁ,38.91891891891892
195,0.558,0.439,0.52,0.76,SÃO SEBASTIÃO DA BOA VISTA,33.83084577114428
196,0.615,0.525,0.583,0.76,SOURE,28.07017543859649
197,0.588,0.45,0.583,0.776,TAILÂNDIA,55.88235294117647
198,0.586,0.424,0.596,0.798,TOMÉ-AÇU,38.85714285714285
199,0.659,0.525,0.67,0.813,TUCUMÃ,47.506561679790025
200,0.666,0.548,0.675,0.8,TUCURUÍ,34.69387755102041
201,0.589,0.42,0.609,0.798,URUARÁ,54.40414507772021
202,0.617,0.516,0.594,0.768,VIGIA,40.84249084249084
203,0.646,0.503,0.671,0.8,XINGUARA,45.911949685534594
204,0.642,0.532,0.631,0.79,AMAPÁ,63.934426229508205
205,0.665,0.573,0.641,0.801,LARANJAL DO JARI,46.51162790697674
206,0.733,0.663,0.723,0.82,MACAPÁ,39.265850945495
207,0.592,0.449,0.609,0.758,MAZAGÃO,52.77777777777778
208,0.658,0.527,0.693,0.779,OIAPOQUE,49.64028776978417
209,0.64,0.554,0.61,0.777,PORTO GRANDE,55.68181818181818
210,0.692,0.638,0.654,0.794,SANTANA,38.32684824902724
211,0.608,0.496,0.585,0.776,SANTANA,38.32684824902724
212,0.592,0.473,0.553,0.794,TARTARUGALZINHO,47.540983606557376
213,0.708,0.623,0.677,0.843,ALVORADA,46.928746928746925
214,0.699,0.564,0.694,0.874,ALVORADA,46.928746928746925
215,0.671,0.605,0.621,0.804,ANANÁS,50.0
216,0.752,0.712,0.727,0.821,ARAGUAÍNA,47.75545104745618
217,0.604,0.473,0.617,0.756,ARAGUANÃ,59.61538461538461
218,0.533,0.444,0.483,0.706,ARAGUANÃ,59.61538461538461
219,0.631,0.525,0.604,0.793,ARAGUATINS,47.48603351955308
220,0.68,0.601,0.645,0.81,ARAPOEMA,51.42857142857142
221,0.651,0.523,0.636,0.829,ARRAIAS,49.06542056074766
222,0.67,0.619,0.614,0.793,AUGUSTINÓPOLIS,59.02335456475584
223,0.686,0.619,0.635,0.82,BREJINHO DE NAZARÉ,70.83333333333334
224,0.627,0.59,0.548,0.762,CACHOEIRINHA,42.4812030075188
225,0.579,0.439,0.587,0.753,CACHOEIRINHA,42.4812030075188
226,0.757,0.675,0.749,0.857,CACHOEIRINHA,42.4812030075188
227,0.701,0.614,0.69,0.814,COLINAS DO TOCANTINS,55.223880597014926
228,0.673,0.57,0.663,0.805,CRISTALÂNDIA,57.29166666666666
229,0.701,0.624,0.673,0.822,DIANÓPOLIS,60.0
230,0.57,0.524,0.495,0.715,ESPERANTINA,43.125
231,0.605,0.497,0.579,0.769,ESPERANTINA,43.125
232,0.67,0.587,0.64,0.801,FORMOSO DO ARAGUAIA,54.22885572139303
233,0.741,0.67,0.724,0.839,GUARAÍ,48.0
234,0.759,0.706,0.736,0.843,GURUPI,55.72782084409992
235,0.62,0.518,0.576,0.797,IPUEIRAS,43.687374749499
236,0.573,0.479,0.534,0.735,IPUEIRAS,43.687374749499
237,0.612,0.491,0.585,0.798,ITACAJÁ,59.60591133004927
238,0.675,0.573,0.673,0.798,LAJEADO,45.0
239,0.778,0.704,0.796,0.84,LAJEADO,45.0
240,0.684,0.579,0.675,0.82,MIRACEMA DO TOCANTINS,42.64069264069264
241,0.673,0.556,0.646,0.847,NATIVIDADE,63.63636363636363
242,0.73,0.683,0.707,0.806,NATIVIDADE,63.63636363636363
243,0.643,0.576,0.584,0.792,NAZARÉ,37.38738738738739
244,0.641,0.532,0.637,0.777,NAZARÉ,37.38738738738739
245,0.631,0.535,0.614,0.765,NOVA OLINDA,50.12468827930174
246,0.625,0.554,0.567,0.779,NOVA OLINDA,50.12468827930174
247,0.573,0.453,0.557,0.744,NOVA OLINDA,50.12468827930174
248,0.639,0.53,0.618,0.797,NOVO ACORDO,42.3728813559322
249,0.673,0.571,0.652,0.817,PALMEIRÓPOLIS,51.31578947368421
250,0.764,0.706,0.759,0.831,PARAÍSO DO TOCANTINS,52.26519337016574
251,0.732,0.664,0.699,0.846,PEDRO AFONSO,65.37467700258398
252,0.674,0.555,0.679,0.812,PEIXE,52.12765957446809
253,0.74,0.701,0.699,0.826,PORTO NACIONAL,45.169082125603865
254,0.616,0.482,0.604,0.804,SANTA FÉ DO ARAGUAIA,49.26470588235294
255,0.604,0.526,0.55,0.762,SÍTIO NOVO DO TOCANTINS,55.55555555555556
256,0.634,0.497,0.628,0.818,TAGUATINGA,52.820512820512825
257,0.788,0.749,0.789,0.827,PALMAS,40.51255500906032
258,0.66,0.505,0.687,0.827,PALMAS,40.51255500906032
259,0.681,0.623,0.634,0.801,TOCANTINÓPOLIS,39.84375
260,0.638,0.561,0.619,0.748,WANDERLÂNDIA,61.875
261,0.671,0.57,0.648,0.818,XAMBIOÁ,52.5
262,0.672,0.602,0.643,0.785,AÇAILÂNDIA,37.27678571428572
263,0.573,0.475,0.525,0.753,ALCÂNTARA,36.734693877551024
264,0.555,0.441,0.541,0.716,AMARANTE DO MARANHÃO,41.089108910891085
265,0.581,0.492,0.523,0.762,ANAJATUBA,59.70149253731343
266,0.521,0.402,0.497,0.709,ARAIOSES,48.64864864864865
267,0.512,0.365,0.525,0.701,ARAME,53.23741007194245
268,0.626,0.546,0.587,0.764,ARARI,38.71733966745843
269,0.651,0.591,0.619,0.753,BACABAL,40.97345132743363
270,0.578,0.484,0.54,0.737,BACURI,42.44897959183673
271,0.687,0.597,0.674,0.807,BALSAS,41.067457375833946
272,0.592,0.484,0.578,0.743,BARÃO DE GRAJAÚ,48.71794871794872
273,0.606,0.498,0.585,0.763,BARRA DO CORDA,47.474747474747474
274,0.57,0.479,0.515,0.752,BARREIRINHAS,45.662100456621005
275,0.601,0.561,0.51,0.757,BEQUIMÃO,47.61904761904761
276,0.538,0.4,0.519,0.75,BOM JARDIM,44.916540212443095
277,0.602,0.515,0.552,0.767,BOM JARDIM,44.916540212443095
278,0.66,0.503,0.707,0.809,BOM JARDIM,44.916540212443095
279,0.562,0.454,0.517,0.758,BREJO,40.55299539170507
280,0.59,0.506,0.539,0.752,BURITI BRAVO,40.55944055944056
281,0.556,0.455,0.533,0.708,BURITICUPU,41.51696606786427
282,0.634,0.529,0.6,0.802,CAROLINA,55.1094890510949
283,0.574,0.476,0.533,0.747,CARUTAPERA,52.88135593220339
284,0.624,0.543,0.595,0.753,CAXIAS,38.49475632325725
285,0.604,0.517,0.554,0.77,CHAPADINHA,33.84146341463415
286,0.595,0.492,0.568,0.754,CODÓ,35.853379152348225
287,0.564,0.454,0.544,0.728,COELHO NETO,40.41095890410959
288,0.596,0.524,0.571,0.709,COLINAS,38.07829181494662
289,0.765,0.678,0.786,0.84,COLINAS,38.07829181494662
290,0.576,0.475,0.545,0.737,COROATÁ,47.47663551401869
291,0.612,0.525,0.568,0.768,CURURUPU,45.25862068965517
292,0.622,0.545,0.582,0.759,DOM PEDRO,45.77259475218659
293,0.586,0.503,0.561,0.713,ESPERANTINÓPOLIS,46.60633484162896
294,0.659,0.536,0.666,0.8,ESTREITO,40.52863436123348
295,0.556,0.459,0.485,0.774,FORMOSA DA SERRA NEGRA,32.314410480349345
296,0.569,0.472,0.54,0.722,GOVERNADOR NUNES FREIRE,63.125
297,0.609,0.497,0.603,0.754,GRAJAÚ,50.625
298,0.535,0.455,0.443,0.759,HUMBERTO DE CAMPOS,50.349650349650354
299,0.546,0.472,0.475,0.727,ICATU,42.08860759493671
300,0.731,0.698,0.697,0.803,IMPERATRIZ,37.62938230383973
301,0.599,0.539,0.534,0.747,ITAPECURU MIRIM,59.15750915750916
302,0.63,0.545,0.601,0.764,ITINGA DO MARANHÃO,33.33333333333333
303,0.641,0.573,0.585,0.785,JOÃO LISBOA,34.104046242774565
304,0.589,0.502,0.561,0.724,LAGO DA PEDRA,46.32911392405064
305,0.582,0.501,0.546,0.719,MARACAÇUMÉ,41.48148148148148
306,0.619,0.56,0.579,0.731,MATINHA,31.606217616580317
307,0.622,0.582,0.546,0.756,MIRINZAL,47.953216374269005
308,0.575,0.486,0.534,0.732,MONTES ALTOS,62.85714285714285
309,0.724,0.739,0.646,0.796,PAÇO DO LUMIAR,30.364372469635622
310,0.542,0.416,0.504,0.758,PARNARAMA,40.41297935103245
311,0.682,0.621,0.644,0.792,PEDREIRAS,36.070381231671554
312,0.554,0.472,0.519,0.693,PENALVA,54.01459854014598
313,0.633,0.592,0.568,0.755,PINDARÉ-MIRIM,51.81818181818182
314,0.637,0.579,0.579,0.771,PINHEIRO,43.47305389221557
315,0.541,0.408,0.535,0.727,PIO XII,39.21568627450981
316,0.684,0.606,0.664,0.796,PORTO FRANCO,35.67251461988304
317,0.653,0.563,0.628,0.788,PRESIDENTE DUTRA,42.24924012158054
318,0.614,0.553,0.572,0.73,PRESIDENTE DUTRA,42.24924012158054
319,0.626,0.587,0.568,0.735,RAPOSA,37.38317757009346
320,0.632,0.592,0.566,0.752,ROSÁRIO,40.63205417607224
321,0.571,0.471,0.531,0.746,SANTA HELENA,53.16455696202531
322,0.609,0.504,0.57,0.786,SANTA HELENA,53.16455696202531
323,0.744,0.678,0.738,0.823,SANTA HELENA,53.16455696202531
324,0.727,0.653,0.705,0.833,SANTA HELENA,53.16455696202531
325,0.674,0.615,0.633,0.788,SANTA INÊS,41.45854145854146
326,0.572,0.492,0.54,0.706,SANTA INÊS,41.45854145854146
327,0.574,0.47,0.571,0.704,SANTA INÊS,41.45854145854146
328,0.717,0.659,0.675,0.827,SANTA INÊS,41.45854145854146
329,0.55,0.452,0.525,0.7,SANTA LUZIA,40.87947882736157
330,0.682,0.635,0.62,0.804,SANTA LUZIA,40.87947882736157
331,0.556,0.396,0.564,0.768,SANTA LUZIA,40.87947882736157
332,0.599,0.51,0.583,0.723,SANTA LUZIA DO PARUÁ,41.87725631768953
333,0.609,0.551,0.553,0.743,SANTA RITA,39.6039603960396
334,0.627,0.534,0.597,0.774,SANTA RITA,39.6039603960396
335,0.602,0.545,0.525,0.762,SÃO BENTO,51.68539325842697
336,0.58,0.424,0.597,0.769,SÃO BENTO,51.68539325842697
337,0.572,0.479,0.514,0.762,SÃO BERNARDO,47.8330658105939
338,0.582,0.504,0.549,0.713,SÃO DOMINGOS DO MARANHÃO,46.55737704918032
339,0.609,0.542,0.554,0.753,SÃO JOÃO DO PARAÍSO,38.49765258215962
340,0.615,0.522,0.613,0.726,SÃO JOÃO DOS PATOS,38.153310104529616
341,0.708,0.7,0.642,0.79,SÃO JOSÉ DE RIBAMAR,38.3199079401611
342,0.768,0.752,0.741,0.813,SÃO LUÍS,30.96451403687575
343,0.616,0.515,0.627,0.723,SÃO MATEUS DO MARANHÃO,46.478873239436616
344,0.61,0.521,0.583,0.749,SÃO RAIMUNDO DAS MANGABEIRAS,32.84132841328413
345,0.592,0.541,0.504,0.762,SÃO VICENTE FERRER,49.50980392156863
346,0.549,0.414,0.558,0.715,SÃO VICENTE FERRER,49.50980392156863
347,0.537,0.427,0.498,0.73,TIMBIRAS,37.83783783783784
348,0.649,0.579,0.614,0.768,TIMON,34.77715003138732
349,0.572,0.483,0.534,0.726,TUNTUM,40.57971014492754
350,0.561,0.461,0.493,0.776,TURIAÇU,56.42857142857143
351,0.561,0.451,0.543,0.722,TUTÓIA,51.64179104477612
352,0.588,0.522,0.506,0.77,URBANO SANTOS,38.793103448275865
353,0.542,0.425,0.487,0.768,VARGEM GRANDE,34.59915611814346
354,0.618,0.548,0.567,0.758,VIANA,44.89510489510489
355,0.686,0.589,0.672,0.816,VIANA,44.89510489510489
356,0.57,0.477,0.563,0.688,VITORINO FREIRE,36.11111111111111
357,0.595,0.505,0.559,0.745,ZÉ DOCA,42.25941422594142
358,0.639,0.569,0.6,0.763,ÁGUA BRANCA,44.82758620689656
359,0.572,0.484,0.542,0.712,ÁGUA BRANCA,44.82758620689656
360,0.549,0.432,0.527,0.728,ÁGUA BRANCA,44.82758620689656
361,0.614,0.512,0.59,0.767,ALTOS,33.76146788990826
362,0.598,0.497,0.574,0.75,AMARANTE,42.38095238095238
363,0.595,0.485,0.558,0.779,BARRAS,34.58528951486698
364,0.545,0.398,0.54,0.755,BATALHA,42.46031746031746
365,0.594,0.496,0.563,0.752,BATALHA,42.46031746031746
366,0.668,0.562,0.665,0.799,BOM JESUS,37.57309941520468
367,0.584,0.46,0.583,0.743,BOM JESUS,37.57309941520468
368,0.597,0.477,0.584,0.762,BOM JESUS,37.57309941520468
369,0.718,0.606,0.74,0.827,BOM JESUS,37.57309941520468
370,0.666,0.51,0.697,0.832,BOM JESUS,37.57309941520468
371,0.565,0.452,0.544,0.735,BURITI DOS LOPES,43.710691823899374
372,0.656,0.566,0.629,0.793,CAMPO MAIOR,28.31168831168831
373,0.576,0.462,0.571,0.724,CANTO DO BURITI,38.92857142857143
374,0.587,0.473,0.566,0.754,CASTELO DO PIAUÍ,40.16393442622951
375,0.642,0.54,0.62,0.789,CORRENTE,37.83783783783784
376,0.7,0.633,0.676,0.802,FLORIANO,29.86666666666667
377,0.618,0.512,0.591,0.781,JOSÉ DE FREITAS,28.82096069868996
378,0.545,0.42,0.55,0.7,LUZILÂNDIA,44.27244582043344
379,0.539,0.396,0.533,0.742,MIGUEL ALVES,50.0
380,0.615,0.524,0.568,0.781,MONSENHOR GIL,33.52601156069364
381,0.634,0.547,0.619,0.753,OEIRAS,24.63186077643909
382,0.687,0.604,0.658,0.816,PARNAÍBA,34.671945701357465
383,0.6,0.472,0.596,0.767,PAULISTANA,32.467532467532465
384,0.571,0.428,0.566,0.767,PEDRO II,37.60217983651226
385,0.698,0.621,0.684,0.8,PICOS,29.0838584585555
386,0.564,0.44,0.538,0.758,PIO IX,42.95302013422819
387,0.596,0.478,0.575,0.77,PIRACURUCA,44.34389140271493
388,0.635,0.533,0.621,0.775,PIRIPIRI,34.15977961432507
389,0.591,0.498,0.582,0.714,REGENERAÇÃO,39.50617283950617
390,0.645,0.567,0.615,0.769,SÃO JOÃO DO PIAUÍ,47.23618090452261
391,0.595,0.492,0.553,0.776,SÃO PEDRO DO PIAUÍ,29.166666666666668
392,0.661,0.587,0.631,0.779,SÃO RAIMUNDO NONATO,30.89700996677741
393,0.751,0.707,0.731,0.82,TERESINA,29.27350427350428
394,0.577,0.453,0.542,0.781,UNIÃO,36.23978201634878
395,0.631,0.516,0.614,0.794,URUÇUÍ,37.29977116704806
396,0.647,0.566,0.62,0.773,VALENÇA DO PIAUÍ,36.102719033232624
397,0.571,0.474,0.554,0.708,VÁRZEA GRANDE,45.540691192865104
398,0.734,0.661,0.711,0.842,VÁRZEA GRANDE,45.540691192865104
399,0.606,0.562,0.559,0.709,ACARAPE,36.0
400,0.601,0.517,0.554,0.758,ACARAÚ,53.10945273631841
401,0.595,0.517,0.563,0.724,ACOPIARA,46.285714285714285
402,0.601,0.499,0.563,0.774,ALTO SANTO,49.02912621359224
403,0.606,0.582,0.503,0.761,AMONTADA,57.72151898734177
404,0.641,0.55,0.608,0.788,AQUIRAZ,56.379100850546784
405,0.655,0.624,0.607,0.742,ARACATI,50.67466266866567
406,0.615,0.556,0.55,0.759,ARACOIABA,51.00222717149221
407,0.564,0.459,0.515,0.759,ARARIPE,52.20264317180616
408,0.622,0.587,0.53,0.775,ARATUBA,46.66666666666666
409,0.6,0.482,0.573,0.783,ASSARÉ,60.582822085889575
410,0.605,0.521,0.557,0.764,AURORA,27.30496453900709
411,0.733,0.606,0.748,0.87,AURORA,27.30496453900709
412,0.606,0.53,0.54,0.779,BANABUIÚ,62.34309623430963
413,0.683,0.637,0.613,0.817,BARBALHA,54.41354292623942
414,0.616,0.551,0.551,0.771,BARREIRA,66.13924050632912
415,0.599,0.51,0.556,0.758,BARRO,28.43601895734597
416,0.571,0.505,0.512,0.72,BARROQUINHA,33.064516129032256
417,0.619,0.548,0.574,0.753,BATURITÉ,52.42494226327945
418,0.638,0.571,0.585,0.778,BEBERIBE,50.967741935483865
419,0.623,0.598,0.533,0.76,BELA CRUZ,36.71641791044776
420,0.598,0.504,0.553,0.768,BOA VIAGEM,51.59059474412173
421,0.647,0.592,0.596,0.768,BREJO SANTO,54.44664031620553
422,0.62,0.578,0.565,0.729,CAMOCIM,55.28942115768463
423,0.63,0.556,0.584,0.769,CAMPOS SALES,40.91680814940577
424,0.612,0.526,0.571,0.765,CANINDÉ,47.05314009661836
425,0.592,0.505,0.528,0.779,CARIDADE,46.28099173553719
426,0.596,0.526,0.537,0.749,CARIRÉ,54.15549597855228
427,0.578,0.483,0.549,0.73,CARIRIAÇU,52.03045685279187
428,0.646,0.578,0.587,0.793,CASCAVEL,46.256486286137886
429,0.782,0.728,0.776,0.846,CASCAVEL,46.256486286137886
430,0.682,0.632,0.62,0.808,CAUCAIA,58.39243498817967
431,0.627,0.553,0.592,0.753,CEDRO,46.09571788413098
432,0.615,0.573,0.565,0.717,CEDRO,46.09571788413098
433,0.586,0.536,0.524,0.716,CHAVAL,39.79057591623037
434,0.61,0.568,0.526,0.758,COREAÚ,53.2608695652174
435,0.644,0.55,0.618,0.787,CRATEÚS,47.01931150293871
436,0.713,0.673,0.655,0.822,CRATO,47.8309232480534
437,0.632,0.586,0.573,0.752,CRUZ,55.182072829131656
438,0.701,0.621,0.7,0.794,EUSÉBIO,67.62452107279694
439,0.633,0.605,0.541,0.774,FARIAS BRITO,53.40501792114696
440,0.644,0.602,0.583,0.76,FORQUILHA,68.08510638297872
441,0.754,0.695,0.749,0.824,FORTALEZA,46.583312701163656
442,0.559,0.453,0.495,0.778,GRANJA,43.01732925586136
443,0.609,0.528,0.552,0.776,GUARACIABA DO NORTE,57.31056563500534
444,0.597,0.499,0.549,0.775,HIDROLÂNDIA,44.285714285714285
445,0.706,0.603,0.707,0.827,HIDROLÂNDIA,44.285714285714285
446,0.658,0.61,0.594,0.788,HORIZONTE,61.38132295719845
447,0.608,0.525,0.559,0.767,IBIAPINA,46.13333333333333
448,0.616,0.541,0.572,0.757,ICAPUÍ,45.4954954954955
449,0.606,0.536,0.568,0.731,ICÓ,46.827411167512686
450,0.677,0.599,0.642,0.808,IGUATU,47.448591012947446
451,0.703,0.637,0.672,0.812,IGUATU,47.448591012947446
452,0.632,0.592,0.561,0.759,INDEPENDÊNCIA,39.825581395348834
453,0.693,0.576,0.711,0.813,INDEPENDÊNCIA,39.825581395348834
454,0.618,0.532,0.583,0.762,IPU,41.25874125874126
455,0.605,0.557,0.526,0.755,IRAUÇUBA,68.65671641791045
456,0.626,0.548,0.583,0.768,ITAITINGA,55.74074074074075
457,0.64,0.613,0.562,0.761,ITAPIPOCA,49.38704028021016
458,0.606,0.558,0.529,0.753,ITAREMA,50.208623087621696
459,0.562,0.463,0.514,0.747,ITATIRA,54.3661971830986
460,0.612,0.535,0.552,0.776,JAGUARETAMA,51.72413793103448
461,0.621,0.543,0.58,0.76,JAGUARIBE,48.91975308641975
462,0.624,0.548,0.568,0.779,JAGUARUANA,35.5475763016158
463,0.614,0.542,0.547,0.779,JARDIM,51.93434935521688
464,0.712,0.595,0.718,0.845,JARDIM,51.93434935521688
465,0.652,0.625,0.614,0.723,JIJOCA DE JERICOACOARA,46.78899082568808
466,0.694,0.642,0.644,0.81,JUAZEIRO DO NORTE,49.126578876646064
467,0.598,0.511,0.541,0.772,JUCÁS,57.79122541603631
468,0.613,0.515,0.576,0.778,LAVRAS DA MANGABEIRA,46.50602409638554
469,0.682,0.623,0.633,0.804,LIMOEIRO DO NORTE,41.05691056910569
470,0.61,0.545,0.536,0.778,MADALENA,71.11801242236024
471,0.686,0.665,0.617,0.788,MARACANAÚ,55.2566371681416
472,0.659,0.618,0.587,0.788,MARANGUAPE,60.51587301587301
473,0.612,0.553,0.564,0.734,MARCO,36.56330749354005
474,0.616,0.554,0.541,0.778,MASSAPÊ,54.50000000000001
475,0.605,0.526,0.544,0.772,MAURITI,34.437086092715234
476,0.628,0.569,0.561,0.777,MILAGRES,41.62679425837321
477,0.622,0.518,0.59,0.789,MILAGRES,41.62679425837321
478,0.622,0.552,0.579,0.754,MISSÃO VELHA,47.935779816513765
479,0.582,0.489,0.549,0.735,MOMBAÇA,58.34564254062038
480,0.61,0.538,0.545,0.773,MONSENHOR TABOSA,61.20906801007556
481,0.61,0.525,0.569,0.758,MORADA NOVA,44.8
482,0.588,0.511,0.524,0.76,MORRINHOS,57.30478589420655
483,0.734,0.621,0.739,0.862,MORRINHOS,57.30478589420655
484,0.607,0.534,0.551,0.759,MULUNGU,40.41095890410959
485,0.565,0.423,0.548,0.778,MULUNGU,40.41095890410959
486,0.614,0.524,0.585,0.754,NOVA RUSSAS,49.48320413436693
487,0.605,0.526,0.552,0.763,NOVO ORIENTE,51.338199513382
488,0.594,0.519,0.524,0.771,OCARA,55.98802395209581
489,0.636,0.557,0.582,0.793,ORÓS,47.80487804878049
490,0.659,0.596,0.609,0.788,PACAJUS,55.120732722731056
491,0.675,0.652,0.605,0.779,PACATUBA,58.68167202572347
492,0.555,0.454,0.514,0.731,PACATUBA,58.68167202572347
493,0.635,0.58,0.571,0.773,PACOTI,40.78624078624078
494,0.637,0.581,0.597,0.746,PARACURU,32.95454545454545
495,0.634,0.602,0.574,0.738,PARAIPABA,59.71370143149284
496,0.57,0.46,0.526,0.764,PARAMBU,55.78703703703704
497,0.603,0.521,0.541,0.779,PEDRA BRANCA,44.48217317487266
498,0.599,0.532,0.532,0.761,PEDRA BRANCA,44.48217317487266
499,0.629,0.604,0.562,0.734,PENTECOSTE,39.481268011527376
500,0.636,0.588,0.581,0.754,PINDORETAMA,54.83870967741935
501,0.622,0.592,0.531,0.765,PORTEIRAS,49.57264957264957
502,0.594,0.518,0.524,0.774,QUITERIANÓPOLIS,44.76987447698745
503,0.659,0.624,0.592,0.775,QUIXADÁ,61.89848384970337
504,0.642,0.567,0.592,0.789,QUIXERAMOBIM,52.3225241016652
505,0.674,0.626,0.617,0.791,RUSSAS,54.50061652281134
506,0.587,0.5,0.536,0.755,SANTANA DO ACARAÚ,26.004728132387704
507,0.612,0.557,0.527,0.779,SANTANA DO CARIRI,51.86915887850467
508,0.616,0.553,0.546,0.775,SANTA QUITÉRIA,36.92870201096892
509,0.611,0.531,0.562,0.764,SÃO BENEDITO,42.39766081871345
510,0.665,0.646,0.587,0.775,SÃO GONÇALO DO AMARANTE,41.46341463414634
511,0.661,0.564,0.619,0.829,SÃO GONÇALO DO AMARANTE,41.46341463414634
512,0.619,0.537,0.574,0.77,SENADOR POMPEU,44.04145077720207
513,0.714,0.675,0.647,0.832,SOBRAL,46.09164420485176
514,0.625,0.574,0.565,0.754,SOLONÓPOLE,56.9620253164557
515,0.645,0.547,0.62,0.791,TABULEIRO DO NORTE,49.79423868312757
516,0.58,0.476,0.526,0.779,TAMBORIL,56.6990291262136
517,0.633,0.56,0.585,0.773,TAUÁ,53.38114754098361
518,0.584,0.52,0.517,0.742,TEJUÇUOCA,64.11149825783971
519,0.657,0.587,0.628,0.768,TIANGUÁ,48.512173128944994
520,0.606,0.577,0.522,0.739,TRAIRI,42.88052373158756
521,0.648,0.594,0.595,0.769,UBAJARA,50.990990990990994
522,0.639,0.608,0.564,0.76,URUBURETAMA,36.26543209876543
523,0.566,0.485,0.503,0.745,URUOCA,50.31446540880504
524,0.611,0.545,0.575,0.728,VARJOTA,27.27272727272727
525,0.629,0.576,0.569,0.759,VÁRZEA ALEGRE,44.5440956651719
526,0.571,0.475,0.521,0.753,VIÇOSA DO CEARÁ,59.83772819472617
527,0.679,0.634,0.633,0.779,ACARI,22.857142857142858
528,0.661,0.568,0.641,0.795,AÇU,29.211469534050178
529,0.606,0.491,0.581,0.779,ALEXANDRIA,31.351351351351354
530,0.672,0.585,0.647,0.8,ALTO DO RODRIGUES,31.92488262910798
531,0.624,0.53,0.606,0.756,ANGICOS,32.02416918429003
532,0.639,0.571,0.611,0.747,APODI,33.7995337995338
533,0.682,0.621,0.647,0.79,AREIA BRANCA,35.50488599348534
534,0.579,0.434,0.579,0.773,AREIA BRANCA,35.50488599348534
535,0.574,0.446,0.562,0.756,BARAÚNA,35.07853403141361
536,0.558,0.459,0.526,0.718,BARAÚNA,35.07853403141361
537,0.71,0.619,0.703,0.824,CAICÓ,27.60595647193585
538,0.579,0.486,0.557,0.718,CANGUARETAMA,48.06201550387597
539,0.638,0.556,0.594,0.786,CARAÚBAS,34.24657534246575
540,0.585,0.485,0.58,0.71,CARAÚBAS,34.24657534246575
541,0.616,0.505,0.599,0.774,CEARÁ-MIRIM,35.47297297297297
542,0.691,0.617,0.673,0.794,CURRAIS NOVOS,30.144927536231886
543,0.766,0.726,0.75,0.825,PARNAMIRIM,38.47283406754772
544,0.599,0.499,0.556,0.776,PARNAMIRIM,38.47283406754772
545,0.66,0.555,0.64,0.808,EXTREMOZ,33.07086614173229
546,0.638,0.537,0.619,0.783,GOIANINHA,34.79623824451411
547,0.603,0.518,0.568,0.744,IPANGUAÇU,41.74757281553398
548,0.603,0.469,0.59,0.792,JARDIM DE PIRANHAS,38.05309734513274
549,0.595,0.484,0.6,0.724,JOÃO CÂMARA,34.50087565674256
550,0.601,0.492,0.583,0.755,JUCURUTU,31.08108108108108
551,0.608,0.531,0.545,0.776,LUÍS GOMES,25.71428571428571
552,0.64,0.545,0.613,0.784,MACAÍBA,37.66519823788546
553,0.665,0.572,0.65,0.792,MACAU,40.59139784946236
554,0.72,0.663,0.694,0.811,MOSSORÓ,27.906050955414013
555,0.763,0.694,0.768,0.835,NATAL,27.629752983624755
556,0.622,0.518,0.601,0.773,NÍSIA FLORESTA,40.963855421686745
557,0.629,0.537,0.589,0.788,NOVA CRUZ,29.313543599257883
558,0.645,0.558,0.61,0.789,OURO BRANCO,26.43312101910828
559,0.547,0.434,0.538,0.7,OURO BRANCO,26.43312101910828
560,0.676,0.617,0.625,0.802,PARELHAS,27.39018087855297
561,0.618,0.513,0.599,0.768,PATU,28.40579710144928
562,0.59,0.477,0.554,0.779,SANTA MARIA,24.57482993197279
563,0.784,0.715,0.795,0.848,SANTA MARIA,24.57482993197279
564,0.678,0.584,0.666,0.803,PAU DOS FERROS,33.33333333333333
565,0.558,0.435,0.53,0.752,PEDRA PRETA,42.201834862385326
566,0.679,0.573,0.672,0.812,PEDRA PRETA,42.201834862385326
567,0.621,0.547,0.581,0.754,PORTALEGRE,25.274725274725277
568,0.591,0.489,0.545,0.776,RIACHO DE SANTANA,28.703703703703702
569,0.615,0.532,0.572,0.764,RIACHO DE SANTANA,28.703703703703702
570,0.592,0.481,0.561,0.767,RIACHUELO,54.49438202247191
571,0.617,0.52,0.591,0.766,RIACHUELO,54.49438202247191
572,0.635,0.53,0.627,0.769,TIBAU,40.0
573,0.605,0.517,0.548,0.78,RUY BARBOSA,46.01226993865031
574,0.61,0.505,0.583,0.77,RUY BARBOSA,46.01226993865031
575,0.635,0.564,0.597,0.761,SANTA CRUZ,31.66397415185784
576,0.618,0.523,0.578,0.779,SANTA CRUZ,31.66397415185784
577,0.549,0.438,0.522,0.722,SANTA CRUZ,31.66397415185784
578,0.62,0.512,0.595,0.782,SANTO ANTÔNIO,36.760925449871465
579,0.611,0.508,0.599,0.748,SÃO JOSÉ DE MIPIBU,35.390946502057616
580,0.606,0.518,0.574,0.747,SÃO MIGUEL,36.492890995260666
581,0.642,0.556,0.606,0.787,SÃO VICENTE,53.393351800554015
582,0.768,0.716,0.738,0.857,SÃO VICENTE,53.393351800554015
583,0.592,0.502,0.547,0.757,SERRINHA,30.623818525519848
584,0.634,0.532,0.615,0.778,SERRINHA,30.623818525519848
585,0.572,0.466,0.562,0.716,TOUROS,34.48275862068966
586,0.618,0.506,0.59,0.792,UMARIZAL,27.710843373493976
587,0.587,0.494,0.558,0.735,VERA CRUZ,47.0873786407767
588,0.645,0.52,0.632,0.817,VERA CRUZ,47.0873786407767
589,0.754,0.715,0.722,0.83,VERA CRUZ,47.0873786407767
590,0.737,0.643,0.738,0.842,VERA CRUZ,47.0873786407767
591,0.592,0.502,0.552,0.747,VIÇOSA,28.18287037037037
592,0.586,0.478,0.554,0.758,VIÇOSA,28.18287037037037
593,0.582,0.43,0.576,0.797,ALAGOA GRANDE,32.960893854748605
594,0.576,0.451,0.567,0.749,ALAGOA NOVA,31.9047619047619
595,0.595,0.462,0.574,0.795,ALAGOINHA,40.44943820224719
596,0.599,0.472,0.569,0.801,ALAGOINHA,40.44943820224719
597,0.582,0.465,0.544,0.778,ALHANDRA,51.95530726256983
598,0.608,0.49,0.586,0.782,SÃO JOÃO DO RIO DO PEIXE,28.35820895522388
599,0.606,0.551,0.537,0.752,AMPARO,46.1839530332681
600,0.785,0.711,0.78,0.871,AMPARO,46.1839530332681
601,0.578,0.456,0.567,0.747,APARECIDA,57.38831615120274
602,0.755,0.706,0.735,0.828,APARECIDA,57.38831615120274
603,0.567,0.439,0.549,0.758,ARARUNA,31.63265306122449
604,0.704,0.648,0.685,0.785,ARARUNA,31.63265306122449
605,0.594,0.467,0.593,0.756,AREIA,18.994413407821227
606,0.548,0.411,0.537,0.745,AROEIRAS,45.98930481283423
607,0.568,0.43,0.555,0.766,BANANEIRAS,32.72251308900523
608,0.649,0.566,0.619,0.779,BAYEUX,29.096477794793262
609,0.592,0.494,0.558,0.752,BOM SUCESSO,37.06896551724138
610,0.686,0.57,0.692,0.82,BOM SUCESSO,37.06896551724138
611,0.607,0.496,0.592,0.763,BOQUEIRÃO,33.58490566037736
612,0.602,0.509,0.565,0.757,CAAPORÃ,44.91525423728814
613,0.748,0.651,0.782,0.822,CABEDELO,30.526315789473685
614,0.564,0.419,0.551,0.777,CACIMBA DE DENTRO,36.71875
615,0.679,0.574,0.668,0.815,CAJAZEIRAS,40.65420560747664
616,0.72,0.654,0.702,0.812,CAMPINA GRANDE,27.134287032764192
617,0.64,0.539,0.617,0.787,CATOLÉ DO ROCHA,40.14492753623188
618,0.592,0.476,0.577,0.754,CONCEIÇÃO,45.51083591331269
619,0.591,0.47,0.574,0.766,CUITÉ,35.567970204841714
620,0.593,0.496,0.562,0.748,DIAMANTE,44.776119402985074
621,0.623,0.526,0.598,0.767,ESPERANÇA,31.890660592255127
622,0.673,0.586,0.641,0.812,GUARABIRA,34.01639344262295
623,0.592,0.471,0.573,0.768,INGÁ,40.41297935103245
624,0.613,0.536,0.592,0.727,ITABAIANA,30.28753993610224
625,0.642,0.513,0.645,0.801,ITABAIANA,30.28753993610224
626,0.615,0.517,0.607,0.742,ITAPORANGA,52.50379362670713
627,0.719,0.653,0.681,0.835,ITAPORANGA,52.50379362670713
628,0.564,0.437,0.543,0.757,ITAPOROROCA,45.18518518518518
629,0.558,0.435,0.554,0.72,JACARAÚ,26.23762376237624
630,0.763,0.693,0.77,0.832,JOÃO PESSOA,25.99404922910468
631,0.567,0.435,0.557,0.753,JUAZEIRINHO,31.84931506849315
632,0.585,0.453,0.585,0.756,MAMANGUAPE,36.36363636363637
633,0.548,0.429,0.553,0.692,MARI,31.14754098360656
634,0.628,0.558,0.625,0.709,MONTEIRO,44.93307839388145
635,0.701,0.628,0.667,0.821,PATOS,38.54224185532855
636,0.587,0.461,0.587,0.747,PAULISTA,29.88031366075113
637,0.732,0.703,0.673,0.83,PAULISTA,29.88031366075113
638,0.621,0.55,0.593,0.736,PIANCÓ,50.30487804878049
639,0.608,0.506,0.596,0.745,PICUÍ,30.15075376884422
640,0.579,0.461,0.544,0.775,PILAR,45.85798816568048
641,0.61,0.509,0.578,0.771,PILAR,45.85798816568048
642,0.591,0.477,0.556,0.779,POCINHOS,28.971962616822427
643,0.634,0.515,0.629,0.787,POMBAL,42.28395061728395
644,0.606,0.514,0.6,0.72,PRINCESA ISABEL,45.76271186440678
645,0.608,0.489,0.578,0.796,QUEIMADAS,32.748538011695906
646,0.592,0.493,0.55,0.764,QUEIMADAS,32.748538011695906
647,0.607,0.474,0.592,0.797,REMÍGIO,23.121387283236995
648,0.585,0.48,0.562,0.742,RIO TINTO,37.01067615658363
649,0.6,0.476,0.568,0.797,SANTO ANDRÉ,38.899049012436
650,0.815,0.769,0.819,0.861,SANTO ANDRÉ,38.899049012436
651,0.58,0.481,0.56,0.726,SÃO FRANCISCO,39.23766816143498
652,0.587,0.49,0.564,0.732,SÃO FRANCISCO,39.23766816143498
653,0.723,0.658,0.705,0.814,SÃO FRANCISCO,39.23766816143498
654,0.591,0.461,0.594,0.755,SÃO JOSÉ DE PIRANHAS,28.32369942196532
655,0.594,0.471,0.561,0.795,SÃO SEBASTIÃO DE LAGOA DE ROÇA,24.193548387096776
656,0.569,0.461,0.563,0.711,SAPÉ,36.54545454545455
657,0.621,0.561,0.554,0.769,SERTÃOZINHO,40.96109839816934
658,0.761,0.672,0.768,0.855,SERTÃOZINHO,40.96109839816934
659,0.595,0.468,0.592,0.762,SOLÂNEA,36.68639053254438
660,0.616,0.506,0.598,0.772,SOLEDADE,35.661764705882355
661,0.731,0.625,0.727,0.861,SOLEDADE,35.661764705882355
662,0.668,0.567,0.645,0.814,SOUSA,28.22878228782288
663,0.627,0.534,0.602,0.765,SUMÉ,37.52808988764045
664,0.578,0.456,0.564,0.749,TAPEROÁ,26.25
665,0.566,0.426,0.566,0.754,TAPEROÁ,26.25
666,0.586,0.462,0.56,0.777,TAVARES,46.35416666666667
667,0.656,0.492,0.692,0.828,TAVARES,46.35416666666667
668,0.609,0.501,0.578,0.78,TRIUNFO,48.68913857677903
669,0.67,0.591,0.624,0.817,TRIUNFO,48.68913857677903
670,0.733,0.629,0.717,0.873,TRIUNFO,48.68913857677903
671,0.636,0.528,0.612,0.797,UIRAÚNA,33.33333333333333
672,0.679,0.632,0.625,0.791,ABREU E LIMA,43.22766570605187
673,0.657,0.565,0.623,0.807,AFOGADOS DA INGAZEIRA,56.10972568578554
674,0.588,0.493,0.542,0.761,AFRÂNIO,60.18518518518518
675,0.592,0.47,0.581,0.76,AGRESTINA,47.05882352941176
676,0.553,0.432,0.514,0.761,ÁGUA PRETA,69.62025316455697
677,0.526,0.385,0.546,0.691,ÁGUAS BELAS,60.03086419753087
678,0.604,0.488,0.565,0.799,ALIANÇA,37.24137931034483
679,0.598,0.482,0.559,0.792,ALTINHO,42.028985507246375
680,0.592,0.498,0.544,0.765,ARAÇOIABA,58.85416666666666
681,0.602,0.467,0.595,0.785,ARARIPINA,47.73828756058158
682,0.667,0.567,0.654,0.799,ARCOVERDE,53.10899780541332
683,0.577,0.474,0.558,0.726,BARRA DE GUABIRABA,49.56521739130435
684,0.586,0.491,0.561,0.73,BARREIROS,51.461988304093566
685,0.642,0.553,0.611,0.784,BELÉM DO SÃO FRANCISCO,48.4
686,0.629,0.514,0.617,0.783,BELO JARDIM,38.64661654135338
687,0.606,0.487,0.608,0.752,BEZERROS,50.99866844207723
688,0.563,0.433,0.585,0.704,BOM CONSELHO,40.334128878281625
689,0.562,0.417,0.581,0.734,BREJO DA MADRE DE DEUS,43.812709030100336
690,0.686,0.609,0.654,0.812,CABO DE SANTO AGOSTINHO,43.574690150032616
691,0.623,0.539,0.581,0.773,CABROBÓ,53.4923339011925
692,0.522,0.392,0.497,0.732,CAETÉS,64.48087431693989
693,0.692,0.628,0.656,0.805,CAMARAGIBE,39.67741935483871
694,0.588,0.472,0.585,0.738,CAMOCIM DE SÃO FÉLIX,44.15584415584416
695,0.583,0.505,0.54,0.727,CARNAÍBA,54.15472779369628
696,0.573,0.508,0.491,0.755,CARNAUBEIRA DA PENHA,22.41379310344828
697,0.68,0.619,0.63,0.806,CARPINA,36.56542056074766
698,0.677,0.569,0.681,0.799,CARUARU,41.82322143517093
699,0.609,0.515,0.578,0.76,CATENDE,63.58695652173913
700,0.592,0.453,0.601,0.763,CUPIRA,42.85714285714285
701,0.594,0.489,0.607,0.706,CUSTÓDIA,38.92215568862276
702,0.632,0.543,0.594,0.781,ESCADA,69.21397379912663
703,0.576,0.454,0.543,0.775,EXU,54.292929292929294
704,0.788,0.748,0.781,0.839,FERNANDO DE NORONHA,50.0
705,0.626,0.538,0.588,0.775,FLORESTA,43.76731301939058
706,0.736,0.691,0.707,0.816,FLORESTA,43.76731301939058
707,0.664,0.556,0.662,0.795,GARANHUNS,42.69870609981516
708,0.604,0.506,0.57,0.765,GLÓRIA DO GOITÁ,45.14106583072101
709,0.651,0.576,0.614,0.779,GOIANA,50.0
710,0.634,0.51,0.63,0.794,GRAVATÁ,42.85714285714285
711,0.552,0.446,0.533,0.706,IBIMIRIM,57.70750988142292
712,0.665,0.606,0.622,0.781,IGARASSU,45.6078083407276
713,0.619,0.499,0.613,0.774,IPOJUCA,60.535117056856194
714,0.575,0.463,0.566,0.727,ITAMBÉ,39.85611510791367
715,0.578,0.436,0.589,0.75,ITAMBÉ,39.85611510791367
716,0.746,0.703,0.691,0.854,ITAMBÉ,39.85611510791367
717,0.717,0.642,0.692,0.83,JABOATÃO DOS GUARARAPES,36.84633950120676
718,0.602,0.509,0.555,0.774,LAGOA DE ITAENGA,57.460317460317455
719,0.597,0.52,0.581,0.705,LAGOA GRANDE,55.15695067264574
720,0.611,0.503,0.599,0.758,LAJEDO,42.96520423600605
721,0.663,0.583,0.628,0.797,LIMOEIRO,37.06293706293706
722,0.609,0.508,0.571,0.778,MACAPARANA,49.27884615384615
723,0.591,0.525,0.512,0.769,MIRANDIBA,44.73684210526316
724,0.652,0.564,0.61,0.805,MORENO,31.37254901960784
725,0.662,0.604,0.608,0.789,NAZARÉ DA MATA,37.41258741258741
726,0.735,0.675,0.704,0.836,OLINDA,30.50785531603946
727,0.61,0.528,0.545,0.787,OROBÓ,45.0171821305842
728,0.572,0.419,0.578,0.773,OURICURI,60.7095926412615
729,0.622,0.55,0.588,0.744,PALMARES,54.35952637244349
730,0.569,0.433,0.546,0.778,PANELAS,63.92785571142284
731,0.592,0.487,0.559,0.763,PASSIRA,41.81360201511335
732,0.639,0.545,0.612,0.782,PAUDALHO,44.49438202247191
733,0.61,0.506,0.597,0.751,PESQUEIRA,46.50205761316872
734,0.623,0.531,0.604,0.755,PETROLÂNDIA,50.39370078740157
735,0.716,0.618,0.74,0.802,PETROLÂNDIA,50.39370078740157
736,0.697,0.611,0.695,0.799,PETROLINA,36.35269334938309
737,0.772,0.698,0.798,0.825,RECIFE,31.903118692623217
738,0.602,0.516,0.595,0.711,RIBEIRÃO,60.43956043956044
739,0.613,0.506,0.562,0.809,RIO FORMOSO,62.13592233009708
740,0.669,0.58,0.645,0.799,SALGUEIRO,51.19161105815062
741,0.648,0.506,0.667,0.806,SANTA CRUZ DO CAPIBARIBE,44.5010183299389
742,0.59,0.472,0.564,0.773,SANTA MARIA DA BOA VISTA,45.69288389513109
743,0.593,0.446,0.593,0.789,SÃO BENTO DO UNA,50.40431266846361
744,0.591,0.469,0.583,0.756,SÃO CAITANO,42.391304347826086
745,0.61,0.52,0.569,0.769,SÃO JOSÉ DO BELMONTE,49.60629921259843
746,0.635,0.554,0.602,0.769,SÃO JOSÉ DO EGITO,40.833333333333336
747,0.653,0.571,0.614,0.793,SÃO LOURENÇO DA MATA,35.28693528693529
748,0.661,0.571,0.632,0.8,SERRA TALHADA,49.78540772532189
749,0.613,0.51,0.601,0.752,SERTÂNIA,32.71889400921659
750,0.635,0.548,0.617,0.756,SURUBIM,48.55855855855856
751,0.605,0.504,0.57,0.77,TABIRA,53.9553752535497
752,0.618,0.519,0.592,0.769,TIMBAÚBA,43.88586956521739
753,0.595,0.455,0.602,0.768,TRINDADE,56.65545410860163
754,0.699,0.608,0.682,0.822,TRINDADE,56.65545410860163
755,0.605,0.534,0.551,0.754,VICÊNCIA,47.3469387755102
756,0.64,0.543,0.629,0.768,VITÓRIA DE SANTO ANTÃO,46.57142857142857
757,0.649,0.549,0.638,0.78,ARAPIRACA,31.12128146453089
758,0.561,0.431,0.545,0.752,ATALAIA,50.0
759,0.736,0.66,0.707,0.854,ATALAIA,50.0
760,0.604,0.518,0.56,0.758,BOCA DA MATA,33.50785340314136
761,0.57,0.47,0.531,0.742,CAMPO ALEGRE,42.5925925925926
762,0.714,0.636,0.677,0.845,CAMPO ALEGRE,42.5925925925926
763,0.524,0.387,0.502,0.739,CAMPO GRANDE,39.758235919234856
764,0.784,0.724,0.79,0.844,CAMPO GRANDE,39.758235919234856
765,0.573,0.456,0.554,0.743,CAPELA,46.68587896253602
766,0.615,0.51,0.596,0.766,CAPELA,46.68587896253602
767,0.626,0.541,0.591,0.769,CORURIPE,43.28767123287671
768,0.612,0.494,0.599,0.774,DELMIRO GOUVEIA,49.47916666666667
769,0.536,0.405,0.498,0.762,GIRAU DO PONCIANO,39.416058394160586
770,0.564,0.424,0.547,0.774,IGACI,49.31506849315068
771,0.721,0.635,0.739,0.799,MACEIÓ,31.246619794483504
772,0.569,0.46,0.539,0.742,MARAVILHA,40.248226950354606
773,0.781,0.708,0.758,0.886,MARAVILHA,40.248226950354606
774,0.642,0.52,0.641,0.793,MARECHAL DEODORO,39.35860058309038
775,0.565,0.422,0.568,0.752,OLHO D'ÁGUA DAS FLORES,41.37931034482759
776,0.638,0.523,0.625,0.794,PALMEIRA DOS ÍNDIOS,41.4054054054054
777,0.63,0.536,0.602,0.774,PENEDO,41.5061295971979
778,0.586,0.498,0.558,0.723,PORTO CALVO,49.75369458128079
779,0.643,0.547,0.616,0.788,RIO LARGO,39.97289972899729
780,0.591,0.463,0.579,0.77,SANTANA DO IPANEMA,52.30061349693251
781,0.527,0.409,0.508,0.703,SÃO JOSÉ DA TAPERA,53.44129554655871
782,0.536,0.4,0.55,0.701,SÃO LUÍS DO QUITUNDE,46.3302752293578
783,0.623,0.514,0.612,0.77,SÃO MIGUEL DOS CAMPOS,33.82352941176471
784,0.549,0.432,0.537,0.714,SÃO SEBASTIÃO,57.4108818011257
785,0.772,0.703,0.747,0.875,SÃO SEBASTIÃO,57.4108818011257
786,0.564,0.466,0.549,0.7,TEOTÔNIO VILELA,52.75590551181102
787,0.532,0.395,0.499,0.765,TRAIPU,54.60526315789473
788,0.593,0.462,0.59,0.764,UNIÃO DOS PALMARES,43.13953488372093
789,0.77,0.708,0.784,0.823,ARACAJU,27.8921568627451
790,0.604,0.492,0.581,0.771,BOQUIM,33.42696629213483
791,0.621,0.484,0.625,0.793,CAMPO DO BRITO,25.882352941176475
792,0.567,0.435,0.566,0.741,CANINDÉ DE SÃO FRANCISCO,44.52554744525548
793,0.588,0.442,0.581,0.791,CARIRA,37.35632183908046
794,0.643,0.546,0.623,0.783,CARMÓPOLIS,45.37815126050421
795,0.647,0.552,0.627,0.782,ESTÂNCIA,39.0057361376673
796,0.564,0.422,0.544,0.783,GARARU,52.0
797,0.58,0.475,0.533,0.772,INDIAROBA,42.487046632124354
798,0.556,0.407,0.555,0.761,ITABAIANINHA,60.8286252354049
799,0.561,0.414,0.548,0.779,ITAPORANGA D'AJUDA,62.36559139784946
800,0.621,0.544,0.581,0.757,JAPARATUBA,34.25925925925926
801,0.625,0.515,0.613,0.775,LAGARTO,35.21400778210117
802,0.642,0.582,0.589,0.772,LARANJEIRAS,35.0
803,0.618,0.511,0.59,0.781,MARUIM,37.096774193548384
804,0.553,0.431,0.539,0.726,MONTE ALEGRE DE SERGIPE,33.33333333333333
805,0.589,0.505,0.575,0.702,NEÓPOLIS,61.5686274509804
806,0.577,0.43,0.577,0.774,NOSSA SENHORA APARECIDA,25.0
807,0.587,0.456,0.591,0.75,NOSSA SENHORA DA GLÓRIA,37.39669421487603
808,0.6,0.497,0.579,0.749,NOSSA SENHORA DAS DORES,41.66666666666667
809,0.664,0.581,0.62,0.811,NOSSA SENHORA DO SOCORRO,48.36138175376439
810,0.583,0.48,0.58,0.711,PINHÃO,47.8448275862069
811,0.654,0.534,0.649,0.806,PINHÃO,47.8448275862069
812,0.529,0.376,0.519,0.76,POÇO REDONDO,41.10169491525424
813,0.561,0.417,0.563,0.751,POÇO VERDE,34.08071748878923
814,0.568,0.462,0.537,0.739,PORTO DA FOLHA,43.333333333333336
815,0.661,0.593,0.629,0.776,PROPRIÁ,42.78606965174129
816,0.592,0.514,0.527,0.766,SANTA ROSA DE LIMA,39.53488372093023
817,0.757,0.71,0.726,0.843,SANTA ROSA DE LIMA,39.53488372093023
818,0.662,0.581,0.624,0.8,SÃO CRISTÓVÃO,36.0146252285192
819,0.604,0.492,0.579,0.775,SIMÃO DIAS,33.42618384401114
820,0.557,0.404,0.609,0.702,TOBIAS BARRETO,31.43418467583497
821,0.579,0.476,0.567,0.719,UMBAÚBA,54.22885572139303
822,0.683,0.592,0.681,0.79,ALAGOINHAS,31.5929203539823
823,0.625,0.492,0.616,0.807,AMARGOSA,23.48993288590604
824,0.666,0.6,0.609,0.81,AMÉLIA RODRIGUES,18.404907975460123
825,0.54,0.371,0.549,0.771,ANAGÉ,48.44444444444444
826,0.534,0.381,0.534,0.747,ARACI,36.5296803652968
827,0.585,0.471,0.549,0.775,BAIXA GRANDE,46.19883040935672
828,0.557,0.457,0.503,0.75,BARRA,41.57608695652174
829,0.575,0.469,0.566,0.717,BARRA DA ESTIVA,35.824175824175825
830,0.551,0.386,0.563,0.77,BARRA DO CHOÇA,39.02439024390244
831,0.721,0.668,0.695,0.807,BARREIRAS,32.16035634743875
832,0.633,0.533,0.615,0.775,BOM JESUS DA LAPA,38.92857142857143
833,0.603,0.497,0.564,0.782,BOQUIRA,33.10344827586207
834,0.597,0.49,0.56,0.775,BREJÕES,54.0
835,0.57,0.445,0.552,0.754,BROTAS DE MACAÚBAS,39.130434782608695
836,0.656,0.554,0.63,0.807,BRUMADO,35.2185089974293
837,0.613,0.495,0.604,0.772,BUERAREMA,35.38461538461539
838,0.647,0.577,0.615,0.762,CACHOEIRA,33.66834170854271
839,0.637,0.541,0.621,0.769,CACULÉ,25.108225108225103
840,0.625,0.484,0.631,0.801,CAETITÉ,28.000000000000004
841,0.581,0.419,0.608,0.768,CAMACAN,44.83775811209439
842,0.694,0.616,0.681,0.798,CAMAÇARI,35.82458307597282
843,0.565,0.452,0.562,0.71,CAMAMU,44.479495268138805
844,0.557,0.43,0.516,0.778,CAMPO ALEGRE DE LOURDES,25.925925925925924
845,0.586,0.475,0.566,0.749,CAMPO FORMOSO,32.42718446601941
846,0.587,0.496,0.555,0.734,CANARANA,44.18604651162791
847,0.693,0.549,0.735,0.825,CANARANA,44.18604651162791
848,0.59,0.434,0.596,0.796,CANAVIEIRAS,38.28125
849,0.691,0.616,0.652,0.823,CANDEIAS,35.43758967001435
850,0.601,0.482,0.565,0.798,CÂNDIDO SALES,43.50453172205438
851,0.557,0.438,0.53,0.745,CANSANÇÃO,43.34975369458128
852,0.621,0.514,0.62,0.752,CAPIM GROSSO,40.61135371179039
853,0.616,0.473,0.626,0.791,CARAVELAS,45.92592592592592
854,0.576,0.477,0.525,0.763,CARINHANHA,39.2
855,0.57,0.435,0.577,0.736,CASA NOVA,29.30232558139535
856,0.613,0.504,0.591,0.774,CASTRO ALVES,34.36123348017621
857,0.677,0.578,0.66,0.814,CATU,26.857142857142858
858,0.585,0.477,0.59,0.712,CÍCERO DANTAS,25.46419098143236
859,0.613,0.491,0.615,0.762,COARACI,38.2716049382716
860,0.596,0.471,0.558,0.805,COCOS,31.88405797101449
861,0.634,0.548,0.606,0.766,CONCEIÇÃO DA FEIRA,26.15384615384616
862,0.611,0.517,0.587,0.752,CONCEIÇÃO DO COITÉ,25.73221757322176
863,0.663,0.579,0.63,0.799,CONCEIÇÃO DO JACUÍPE,31.03448275862069
864,0.592,0.489,0.558,0.762,CORAÇÃO DE MARIA,33.78378378378378
865,0.579,0.454,0.561,0.763,CORDEIROS,23.3201581027668
866,0.603,0.481,0.575,0.792,CORRENTINA,34.8936170212766
867,0.699,0.65,0.659,0.796,CRUZ DAS ALMAS,29.909365558912388
868,0.581,0.463,0.544,0.778,CURAÇÁ,36.0
869,0.676,0.584,0.651,0.811,DIAS D'ÁVILA,34.64203233256351
870,0.615,0.492,0.602,0.785,ENTRE RIOS,30.739299610894943
871,0.657,0.55,0.638,0.808,ENTRE RIOS,30.739299610894943
872,0.589,0.469,0.589,0.74,ESPLANADA,40.375586854460096
873,0.567,0.43,0.565,0.749,EUCLIDES DA CUNHA,35.12931034482759
874,0.677,0.572,0.687,0.791,EUNÁPOLIS,39.52282157676349
875,0.712,0.619,0.71,0.82,FEIRA DE SANTANA,29.81107205623902
876,0.618,0.536,0.576,0.763,FORMOSA DO RIO PRETO,40.51282051282051
877,0.632,0.508,0.645,0.771,GANDU,34.67432950191571
878,0.643,0.594,0.594,0.754,GOVERNADOR MANGABEIRA,24.22680412371134
879,0.673,0.584,0.663,0.789,GUANAMBI,23.581847649918963
880,0.625,0.524,0.609,0.764,IBICARAÍ,30.76923076923077
881,0.602,0.527,0.554,0.747,IBITITÁ,34.07407407407408
882,0.636,0.548,0.601,0.78,IBOTIRAMA,34.88372093023256
883,0.69,0.59,0.688,0.808,ILHÉUS,35.70934256055363
884,0.565,0.429,0.556,0.757,INHAMBUPE,33.18777292576419
885,0.67,0.551,0.687,0.796,IPIAÚ,27.808219178082197
886,0.549,0.39,0.568,0.748,IPIRÁ,32.46492985971944
887,0.599,0.523,0.548,0.749,IRAQUARA,33.45864661654135
888,0.62,0.501,0.587,0.809,IRARÁ,19.25287356321839
889,0.691,0.643,0.661,0.776,IRECÊ,32.367758186397985
890,0.599,0.465,0.614,0.751,ITABELA,36.02941176470589
891,0.62,0.485,0.638,0.769,ITABERABA,48.56439704675964
892,0.712,0.643,0.695,0.807,ITABUNA,35.96087456846951
893,0.599,0.466,0.609,0.759,ITAJUÍPE,35.79545454545455
894,0.627,0.502,0.641,0.767,ITAMARAJU,33.589743589743584
895,0.637,0.525,0.624,0.79,ITANHÉM,35.44303797468354
896,0.67,0.553,0.657,0.826,ITAPARICA,23.62204724409449
897,0.667,0.562,0.667,0.79,ITAPETINGA,39.19213973799127
898,0.606,0.482,0.601,0.769,ITUBERÁ,41.12903225806452
899,0.649,0.558,0.636,0.772,JACOBINA,41.2180052956752
900,0.58,0.446,0.586,0.747,JAGUAQUARA,41.86991869918699
901,0.659,0.551,0.644,0.806,JAGUARARI,39.67213114754099
902,0.665,0.568,0.656,0.79,JEQUIÉ,33.355006501950584
903,0.547,0.424,0.561,0.689,JEREMOABO,28.93258426966292
904,0.553,0.397,0.558,0.763,JIQUIRIÇÁ,37.93103448275862
905,0.593,0.513,0.573,0.709,JOÃO DOURADO,32.926829268292686
906,0.677,0.594,0.657,0.796,JUAZEIRO,33.021077283372364
907,0.571,0.476,0.544,0.72,JUSSARA,51.45631067961165
908,0.718,0.619,0.716,0.835,JUSSARA,51.45631067961165
909,0.743,0.635,0.768,0.842,JUSSARA,51.45631067961165
910,0.596,0.51,0.55,0.755,LAPÃO,34.065934065934066
911,0.754,0.663,0.781,0.827,LAURO DE FREITAS,26.60500544069641
912,0.611,0.491,0.587,0.793,LIVRAMENTO DE NOSSA SENHORA,28.640776699029125
913,0.716,0.59,0.754,0.826,LUÍS EDUARDO MAGALHÃES,35.87684069611781
914,0.609,0.513,0.557,0.791,MACAÚBAS,28.14814814814815
915,0.607,0.519,0.577,0.747,MARACÁS,43.58974358974359
916,0.621,0.518,0.582,0.793,MARAGOGIPE,25.71428571428571
917,0.668,0.562,0.648,0.818,MATA DE SÃO JOÃO,45.689655172413794
918,0.625,0.501,0.626,0.777,MEDEIROS NETO,42.94117647058823
919,0.586,0.472,0.571,0.745,MIGUEL CALMON,40.21164021164021
920,0.506,0.359,0.515,0.699,MONTE SANTO,36.09756097560975
921,0.588,0.478,0.554,0.766,MORRO DO CHAPÉU,40.63205417607224
922,0.665,0.541,0.679,0.801,MUCURI,40.19607843137255
923,0.66,0.573,0.629,0.796,MURITIBA,22.76422764227642
924,0.601,0.467,0.618,0.751,MUTUÍPE,23.44322344322344
925,0.654,0.546,0.657,0.78,NOVA VIÇOSA,33.5483870967742
926,0.597,0.503,0.558,0.757,NOVO HORIZONTE,41.81184668989547
927,0.753,0.665,0.741,0.865,NOVO HORIZONTE,41.81184668989547
928,0.706,0.594,0.7,0.846,NOVO HORIZONTE,41.81184668989547
929,0.554,0.427,0.533,0.747,OLIVEIRA DOS BREJINHOS,47.94520547945205
930,0.586,0.462,0.561,0.777,PALMAS DE MONTE ALTO,30.0
931,0.615,0.496,0.604,0.776,PARAMIRIM,37.469586374695865
932,0.59,0.51,0.519,0.774,PARATINGA,29.29292929292929
933,0.577,0.472,0.567,0.717,PARIPIRANGA,20.88607594936709
934,0.674,0.572,0.678,0.789,PAULO AFONSO,32.05546492659054
935,0.506,0.343,0.514,0.737,PILÃO ARCADO,51.578947368421055
936,0.577,0.482,0.527,0.757,PINDOBAÇU,43.93305439330544
937,0.604,0.474,0.583,0.798,POÇÕES,34.03990024937656
938,0.666,0.559,0.645,0.819,POJUCA,29.03225806451613
939,0.676,0.572,0.673,0.801,PORTO SEGURO,40.8105560791706
940,0.621,0.497,0.616,0.784,PRADO,31.360946745562128
941,0.559,0.424,0.566,0.727,PRESIDENTE TANCREDO NEVES,38.92617449664429
942,0.579,0.451,0.569,0.757,REMANSO,50.75987841945289
943,0.578,0.471,0.527,0.779,RIACHÃO DAS NEVES,49.41176470588236
944,0.628,0.559,0.588,0.755,RIACHÃO DO JACUÍPE,27.18676122931442
945,0.601,0.515,0.599,0.704,RIBEIRA DO POMBAL,39.31506849315068
946,0.605,0.498,0.58,0.767,RIO DE CONTAS,30.64516129032258
947,0.572,0.452,0.568,0.729,RIO REAL,32.56704980842912
948,0.759,0.679,0.772,0.835,SALVADOR,31.540781993270684
949,0.583,0.462,0.554,0.775,SANTA BÁRBARA,28.440366972477065
950,0.598,0.5,0.559,0.764,SANTALUZ,34.53237410071942
951,0.614,0.516,0.592,0.758,SANTA MARIA DA VITÓRIA,38.16631130063966
952,0.605,0.513,0.564,0.766,SANTA RITA DE CÁSSIA,38.19444444444444
953,0.646,0.559,0.626,0.772,SANTO AMARO,35.609756097560975
954,0.7,0.622,0.677,0.815,SANTO ANTÔNIO DE JESUS,26.763110307414102
955,0.626,0.498,0.611,0.808,SANTO ESTÊVÃO,30.24118738404453
956,0.639,0.583,0.582,0.769,SÃO FÉLIX,31.48148148148148
957,0.616,0.525,0.565,0.787,SÃO FELIPE,30.508474576271187
958,0.674,0.587,0.641,0.812,SÃO FRANCISCO DO CONDE,34.46601941747573
959,0.592,0.537,0.55,0.704,SÃO GABRIEL,32.054794520547944
960,0.699,0.585,0.711,0.822,SÃO GABRIEL,32.054794520547944
961,0.627,0.516,0.636,0.752,SÃO GONÇALO DOS CAMPOS,19.51219512195122
962,0.657,0.551,0.633,0.812,SÃO SEBASTIÃO DO PASSÉ,31.30434782608696
963,0.614,0.522,0.602,0.735,SAPEAÇU,33.82352941176471
964,0.635,0.572,0.588,0.761,SEABRA,36.42384105960264
965,0.666,0.599,0.638,0.773,SENHOR DO BONFIM,31.472081218274116
966,0.595,0.512,0.53,0.775,SERRA DO RAMALHO,38.51351351351352
967,0.585,0.48,0.535,0.778,SENTO SÉ,37.25490196078432
968,0.608,0.537,0.539,0.775,SERRA DOURADA,27.1523178807947
969,0.675,0.591,0.641,0.813,SIMÕES FILHO,35.47945205479452
970,0.631,0.555,0.605,0.748,SOBRADINHO,30.417495029821072
971,0.743,0.647,0.735,0.861,SOBRADINHO,30.417495029821072
972,0.685,0.588,0.683,0.8,TEIXEIRA DE FREITAS,33.33333333333333
973,0.594,0.477,0.567,0.774,TEODORO SAMPAIO,39.10614525139665
974,0.741,0.679,0.699,0.856,TEODORO SAMPAIO,39.10614525139665
975,0.579,0.458,0.596,0.712,TUCANO,27.881040892193308
976,0.605,0.535,0.554,0.747,UAUÁ,35.625
977,0.582,0.447,0.581,0.759,UBAÍRA,36.8
978,0.611,0.49,0.607,0.767,UBAITABA,47.349823321554766
979,0.617,0.54,0.575,0.758,UIBAÍ,29.78723404255319
980,0.515,0.413,0.469,0.705,UMBURANAS,48.31460674157304
981,0.56,0.424,0.584,0.71,UNA,32.0
982,0.598,0.469,0.595,0.766,URANDI,22.35294117647059
983,0.623,0.502,0.619,0.778,VALENÇA,41.203007518796994
984,0.738,0.666,0.713,0.848,VALENÇA,41.203007518796994
985,0.637,0.568,0.623,0.729,VALENTE,25.724637681159415
986,0.678,0.581,0.681,0.788,VITÓRIA DA CONQUISTA,31.00584435558289
987,0.585,0.479,0.563,0.741,XIQUE-XIQUE,44.77124183006536
988,0.667,0.544,0.661,0.825,AFONSO CLÁUDIO,29.03225806451613
989,0.652,0.546,0.619,0.819,ÁGUA DOCE DO NORTE,63.63636363636363
990,0.721,0.63,0.708,0.839,ALEGRE,34.285714285714285
991,0.73,0.654,0.696,0.856,ANCHIETA,36.8995633187773
992,0.699,0.608,0.703,0.8,ANCHIETA,36.8995633187773
993,0.752,0.707,0.717,0.838,ARACRUZ,36.473429951690825
994,0.702,0.637,0.67,0.811,BAIXO GUANDU,39.42857142857143
995,0.683,0.58,0.673,0.815,BARRA DE SÃO FRANCISCO,40.36458333333333
996,0.679,0.59,0.651,0.816,BOA ESPERANÇA,47.20149253731344
997,0.72,0.673,0.687,0.808,BOA ESPERANÇA,47.20149253731344
998,0.656,0.54,0.63,0.828,BREJETUBA,42.25352112676056
999,0.746,0.677,0.733,0.837,CACHOEIRO DE ITAPEMIRIM,35.650623885918
1000,0.718,0.628,0.699,0.844,CARIACICA,38.45120859444942
1001,0.726,0.639,0.703,0.852,CASTELO,32.34200743494424
1002,0.746,0.668,0.738,0.841,COLATINA,36.69790915645277
1003,0.681,0.603,0.648,0.81,CONCEIÇÃO DA BARRA,46.97986577181208
1004,0.669,0.528,0.68,0.833,DOMINGOS MARTINS,29.411764705882355
1005,0.662,0.562,0.631,0.819,ECOPORANGA,27.380952380952383
1006,0.703,0.595,0.691,0.846,GUAÇUÍ,34.02061855670103
1007,0.731,0.626,0.746,0.837,GUARAPARI,39.41368078175896
1008,0.654,0.54,0.64,0.808,ITAPEMIRIM,45.5
1009,0.666,0.537,0.665,0.829,IÚNA,40.45368620037807
1010,0.678,0.568,0.678,0.81,JAGUARÉ,51.798561151079134
1011,0.753,0.663,0.751,0.857,JOÃO NEIVA,38.88888888888889
1012,0.724,0.63,0.721,0.834,LINHARES,39.34049079754601
1013,0.696,0.588,0.676,0.847,MARATAÍZES,33.73860182370821
1014,0.67,0.541,0.672,0.827,MIMOSO DO SUL,47.64397905759162
1015,0.667,0.535,0.679,0.816,MONTANHA,40.343347639484975
1016,0.712,0.621,0.692,0.841,NOVA VENÉCIA,37.03703703703704
1017,0.654,0.536,0.643,0.812,PEDRO CANÁRIO,45.08670520231214
1018,0.673,0.558,0.668,0.816,PINHEIROS,50.0
1019,0.671,0.521,0.695,0.834,SANTA MARIA DE JETIBÁ,43.05177111716621
1020,0.714,0.604,0.722,0.834,SANTA TERESA,28.51711026615969
1021,0.709,0.578,0.739,0.835,SÃO GABRIEL DA PALHA,46.13333333333333
1022,0.735,0.655,0.719,0.843,SÃO MATEUS,33.04455445544555
1023,0.739,0.664,0.72,0.844,SERRA,40.20436927413672
1024,0.662,0.556,0.65,0.802,SOORETAMA,42.95774647887324
1025,0.728,0.624,0.731,0.845,VENDA NOVA DO IMIGRANTE,32.25152129817444
1026,0.8,0.734,0.807,0.864,VILA VELHA,32.00740055504163
1027,0.845,0.805,0.876,0.855,VITÓRIA,32.27155727155727
1028,0.724,0.605,0.74,0.846,ANGRA DOS REIS,47.73869346733669
1029,0.718,0.617,0.714,0.839,ARARUAMA,43.026315789473685
1030,0.733,0.665,0.723,0.819,BARRA DO PIRAÍ,47.90076335877863
1031,0.729,0.657,0.72,0.819,BARRA MANSA,44.29657794676806
1032,0.684,0.598,0.662,0.808,BELFORD ROXO,48.9261744966443
1033,0.732,0.662,0.723,0.819,BOM JESUS DO ITABAPOANA,37.267080745341616
1034,0.735,0.64,0.743,0.836,CABO FRIO,48.99095337508699
1035,0.7,0.603,0.695,0.817,CACHOEIRAS DE MACACU,45.77922077922078
1036,0.716,0.619,0.715,0.83,CAMPOS DOS GOYTACAZES,42.90633608815427
1037,0.726,0.642,0.734,0.811,CASIMIRO DE ABREU,40.95238095238095
1038,0.711,0.624,0.692,0.833,DUQUE DE CAXIAS,41.476345840130506
1039,0.698,0.604,0.692,0.812,GUAPIMIRIM,48.458149779735685
1040,0.761,0.704,0.744,0.841,IGUABA GRANDE,36.224489795918366
1041,0.693,0.593,0.69,0.813,ITABORAÍ,43.44453064391001
1042,0.715,0.638,0.703,0.814,ITAGUAÍ,44.64516129032258
1043,0.713,0.635,0.696,0.82,ITAOCARA,38.19241982507289
1044,0.73,0.649,0.716,0.837,ITAPERUNA,51.58878504672897
1045,0.659,0.555,0.637,0.809,JAPERI,47.68611670020121
1046,0.764,0.681,0.792,0.828,MACAÉ,41.28878281622912
1047,0.709,0.626,0.685,0.832,MAGÉ,51.51515151515152
1048,0.753,0.676,0.746,0.845,MANGARATIBA,43.333333333333336
1049,0.765,0.692,0.761,0.85,MARICÁ,37.142857142857146
1050,0.737,0.678,0.704,0.839,MESQUITA,40.193370165745854
1051,0.745,0.675,0.74,0.828,MIGUEL PEREIRA,38.78787878787879
1052,0.713,0.646,0.696,0.805,MIRACEMA,31.693989071038253
1053,0.753,0.716,0.731,0.817,NILÓPOLIS,40.53833605220228
1054,0.837,0.773,0.887,0.854,NITERÓI,29.666344294003867
1055,0.745,0.645,0.758,0.846,NOVA FRIBURGO,40.820980615735465
1056,0.713,0.641,0.691,0.818,NOVA IGUAÇU,43.84715025906736
1057,0.72,0.666,0.689,0.812,PARACAMBI,39.175257731958766
1058,0.702,0.61,0.697,0.812,PARAÍBA DO SUL,36.92946058091287
1059,0.693,0.544,0.726,0.842,PARATY,44.40894568690096
1060,0.745,0.639,0.763,0.847,PETRÓPOLIS,37.51214771622935
1061,0.68,0.589,0.659,0.81,QUEIMADOS,41.71494785631519
1062,0.704,0.61,0.698,0.821,QUISSAMÃ,32.417582417582416
1063,0.768,0.709,0.762,0.839,RESENDE,42.17687074829932
1064,0.71,0.62,0.705,0.819,RIO BONITO,38.02281368821293
1065,0.683,0.567,0.7,0.801,RIO CLARO,43.56087262491204
1066,0.803,0.766,0.784,0.862,RIO CLARO,43.56087262491204
1067,0.773,0.689,0.784,0.854,RIO DAS OSTRAS,39.47001394700139
1068,0.799,0.719,0.84,0.845,RIO DE JANEIRO,33.44233294915436
1069,0.718,0.648,0.709,0.806,SANTO ANTÔNIO DE PÁDUA,35.77235772357724
1070,0.639,0.533,0.618,0.791,SÃO FRANCISCO DE ITABAPOANA,60.1010101010101
1071,0.691,0.611,0.685,0.787,SÃO FIDÉLIS,37.54385964912281
1072,0.739,0.681,0.711,0.833,SÃO GONÇALO,37.29764731275632
1073,0.719,0.646,0.693,0.831,SÃO JOÃO DE MERITI,43.208221626452186
1074,0.712,0.626,0.721,0.801,SÃO PEDRO DA ALDEIA,43.77431906614786
1075,0.709,0.621,0.714,0.804,SAQUAREMA,39.31623931623932
1076,0.713,0.648,0.695,0.805,SEROPÉDICA,44.59665144596652
1077,0.73,0.605,0.752,0.855,TERESÓPOLIS,47.35376044568245
1078,0.725,0.656,0.725,0.801,TRÊS RIOS,39.67861557478368
1079,0.714,0.624,0.719,0.813,VASSOURAS,46.15384615384615
1080,0.771,0.72,0.763,0.833,VOLTA REDONDA,45.75963718820862
1081,0.79,0.75,0.772,0.852,ADAMANTINA,61.16207951070336
1082,0.745,0.694,0.705,0.845,AGUDOS,46.07843137254902
1083,0.811,0.76,0.8,0.876,AMERICANA,42.72790535838553
1084,0.779,0.702,0.762,0.885,ANDRADINA,44.76386036960985
1085,0.71,0.647,0.662,0.835,APIAÍ,54.89510489510489
1086,0.788,0.744,0.782,0.841,ARAÇATUBA,50.577053632043445
1087,0.776,0.723,0.751,0.86,ARAÇOIABA DA SERRA,43.52941176470589
1088,0.815,0.782,0.788,0.877,ARARAQUARA,42.05193160227992
1089,0.781,0.728,0.763,0.859,ARARAS,53.57624831309041
1090,0.749,0.681,0.745,0.827,ARTUR NOGUEIRA,46.31901840490797
1091,0.784,0.73,0.761,0.866,ARUJÁ,40.49707602339181
1092,0.805,0.781,0.771,0.865,ASSIS,48.38362068965517
1093,0.765,0.67,0.786,0.851,ATIBAIA,51.062215477996965
1094,0.773,0.738,0.746,0.84,AURIFLAMA,47.08994708994709
1095,0.767,0.695,0.751,0.866,AVARÉ,53.08464849354376
1096,0.788,0.739,0.762,0.869,BARRA BONITA,35.77235772357724
1097,0.701,0.599,0.692,0.83,BARRA BONITA,35.77235772357724
1098,0.641,0.532,0.625,0.792,BARRA DO TURVO,53.06122448979592
1099,0.789,0.738,0.762,0.875,BARRETOS,42.85714285714285
1100,0.725,0.646,0.711,0.829,BARRINHA,41.14583333333333
1101,0.786,0.708,0.791,0.866,BARUERI,42.640364188163886
1102,0.761,0.685,0.766,0.84,BATATAIS,35.025380710659896
1103,0.801,0.752,0.8,0.854,BAURU,43.55275022542832
1104,0.78,0.735,0.756,0.853,BEBEDOURO,52.33881163084703
1105,0.73,0.654,0.727,0.817,BERTIOGA,53.52564102564102
1106,0.78,0.734,0.743,0.869,BIRIGUI,48.72122762148338
1107,0.78,0.728,0.757,0.861,BOITUVA,50.467289719626166
1108,0.8,0.746,0.79,0.869,BOTUCATU,40.29126213592233
1109,0.776,0.704,0.772,0.861,BRAGANÇA PAULISTA,46.37223974763407
1110,0.738,0.678,0.717,0.828,CABREÚVA,48.19277108433735
1111,0.788,0.755,0.754,0.858,CAÇAPAVA,46.25267665952891
1112,0.764,0.728,0.733,0.837,CACHOEIRA PAULISTA,42.926829268292686
1113,0.742,0.661,0.714,0.867,CAFELÂNDIA,49.21465968586388
1114,0.748,0.692,0.723,0.835,CAFELÂNDIA,49.21465968586388
1115,0.781,0.749,0.74,0.861,CAIEIRAS,37.89649415692821
1116,0.728,0.668,0.713,0.81,CAJAMAR,44.72727272727273
1117,0.694,0.611,0.658,0.832,CAJATI,51.38121546961326
1118,0.713,0.633,0.693,0.825,CAJURU,43.94904458598726
1119,0.805,0.731,0.829,0.86,CAMPINAS,43.44557044785878
1120,0.769,0.739,0.733,0.84,CAMPO LIMPO PAULISTA,44.00715563506261
1121,0.749,0.648,0.761,0.852,CAMPOS DO JORDÃO,56.74157303370787
1122,0.747,0.704,0.701,0.845,CÂNDIDO MOTA,58.108108108108105
1123,0.721,0.671,0.675,0.826,CAPÃO BONITO,51.81818181818182
1124,0.75,0.669,0.744,0.848,CAPIVARI,46.9248291571754
1125,0.759,0.705,0.735,0.845,CARAGUATATUBA,45.46925566343042
1126,0.749,0.693,0.721,0.842,CARAPICUÍBA,44.6821900566394
1127,0.73,0.64,0.727,0.835,CASA BRANCA,52.54901960784314
1128,0.785,0.74,0.767,0.853,CATANDUVA,44.58041958041958
1129,0.729,0.666,0.71,0.821,CERQUEIRA CÉSAR,55.8974358974359
1130,0.782,0.739,0.758,0.854,CERQUILHO,39.14590747330961
1131,0.769,0.697,0.746,0.876,COSMÓPOLIS,43.92059553349876
1132,0.78,0.707,0.789,0.851,COTIA,37.220843672456574
1133,0.788,0.758,0.742,0.871,CRUZEIRO,51.02040816326531
1134,0.737,0.681,0.716,0.821,CUBATÃO,50.63829787234042
1135,0.757,0.716,0.717,0.844,DIADEMA,41.67709637046308
1136,0.776,0.737,0.752,0.842,DRACENA,49.70326409495549
1137,0.691,0.615,0.633,0.847,ELDORADO,70.52631578947368
1138,0.684,0.577,0.674,0.824,ELDORADO,70.52631578947368
1139,0.749,0.708,0.713,0.834,EMBU-GUAÇU,46.15384615384615
1140,0.787,0.712,0.784,0.872,ESPÍRITO SANTO DO PINHAL,50.0
1141,0.797,0.758,0.767,0.872,FERNANDÓPOLIS,50.0
1142,0.738,0.703,0.691,0.828,FERRAZ DE VASCONCELOS,40.364880273660205
1143,0.78,0.753,0.749,0.842,FRANCA,49.09735654416505
1144,0.703,0.647,0.659,0.815,FRANCISCO MORATO,53.32225913621262
1145,0.731,0.654,0.702,0.852,FRANCO DA ROCHA,45.56113902847571
1146,0.769,0.728,0.737,0.849,GARÇA,50.15673981191222
1147,0.753,0.683,0.759,0.824,GUAÍRA,44.64534075104312
1148,0.724,0.615,0.739,0.836,GUAÍRA,44.64534075104312
1149,0.763,0.726,0.727,0.84,GUARARAPES,44.44444444444444
1150,0.798,0.751,0.764,0.886,GUARATINGUETÁ,49.03417533432392
1151,0.751,0.679,0.729,0.854,GUARUJÁ,52.8865295288653
1152,0.763,0.717,0.746,0.831,GUARULHOS,42.15537463778115
1153,0.756,0.703,0.716,0.859,HORTOLÂNDIA,45.3125
1154,0.703,0.627,0.681,0.814,IBATÉ,35.22727272727273
1155,0.747,0.667,0.738,0.846,IBITINGA,56.15384615384615
1156,0.71,0.614,0.7,0.832,IBIÚNA,45.86466165413533
1157,0.726,0.653,0.691,0.847,IGUAPE,42.72727272727273
1158,0.756,0.693,0.739,0.843,ILHABELA,50.617283950617285
1159,0.812,0.782,0.786,0.871,ILHA SOLTEIRA,40.0
1160,0.788,0.738,0.791,0.837,INDAIATUBA,41.842900302114806
1161,0.713,0.63,0.692,0.83,ITAÍ,53.813559322033896
1162,0.745,0.701,0.716,0.823,ITANHAÉM,48.47972972972973
1163,0.742,0.687,0.699,0.852,ITAPECERICA DA SERRA,44.8405253283302
1164,0.763,0.705,0.728,0.864,ITAPETININGA,46.30113141862489
1165,0.732,0.697,0.702,0.803,ITAPEVA,57.5177304964539
1166,0.735,0.677,0.687,0.855,ITAPEVI,46.142093200916726
1167,0.762,0.692,0.75,0.852,ITAPIRA,39.84168865435356
1168,0.744,0.667,0.738,0.836,ITÁPOLIS,51.71102661596958
1169,0.714,0.648,0.665,0.844,ITAQUAQUECETUBA,47.61904761904761
1170,0.703,0.649,0.668,0.803,ITARARÉ,51.30260521042084
1171,0.778,0.708,0.788,0.844,ITATIBA,42.4886191198786
1172,0.773,0.692,0.782,0.854,ITU,45.66929133858268
1173,0.762,0.699,0.75,0.844,ITUPEVA,49.29577464788733
1174,0.765,0.694,0.768,0.841,ITUVERAVA,39.01273885350319
1175,0.778,0.71,0.778,0.851,JABOTICABAL,39.08355795148248
1176,0.777,0.749,0.749,0.837,JACAREÍ,38.10763888888889
1177,0.784,0.715,0.782,0.862,JAGUARIÚNA,52.733686067019406
1178,0.776,0.73,0.75,0.855,JALES,51.61290322580645
1179,0.76,0.706,0.738,0.841,JANDIRA,40.73033707865169
1180,0.735,0.64,0.728,0.853,JARDINÓPOLIS,37.32718894009216
1181,0.709,0.611,0.708,0.823,JARDINÓPOLIS,37.32718894009216
1182,0.778,0.693,0.768,0.886,JAÚ,43.07805596465391
1183,0.777,0.717,0.752,0.869,JOSÉ BONIFÁCIO,49.19168591224018
1184,0.822,0.768,0.834,0.866,JUNDIAÍ,41.90412336573919
1185,0.709,0.662,0.68,0.791,JUQUITIBA,40.0
1186,0.744,0.665,0.729,0.851,LEME,44.05737704918033
1187,0.764,0.717,0.743,0.837,LENÇÓIS PAULISTA,47.136563876651984
1188,0.775,0.719,0.761,0.852,LIMEIRA,46.921119592875314
1189,0.786,0.733,0.762,0.869,LINS,50.970873786407765
1190,0.766,0.713,0.736,0.856,LORENA,43.1858407079646
1191,0.777,0.697,0.783,0.861,LOUVEIRA,52.75590551181102
1192,0.743,0.684,0.721,0.831,MAIRINQUE,41.08527131782946
1193,0.788,0.723,0.767,0.881,MAIRIPORÃ,45.52845528455284
1194,0.798,0.776,0.768,0.854,MARÍLIA,46.384720327421554
1195,0.721,0.641,0.703,0.832,MARTINÓPOLIS,36.72316384180791
1196,0.773,0.713,0.766,0.847,MATÃO,50.97765363128492
1197,0.766,0.733,0.721,0.852,MAUÁ,45.35137494543867
1198,0.697,0.655,0.645,0.803,MIRACATU,61.02941176470589
1199,0.751,0.665,0.732,0.869,MIRANDÓPOLIS,39.44954128440367
1200,0.724,0.674,0.67,0.841,MIRANTE DO PARANAPANEMA,34.959349593495936
1201,0.762,0.698,0.748,0.846,MIRASSOL,45.08009153318078
1202,0.762,0.709,0.756,0.827,MOCOCA,41.01694915254237
1203,0.783,0.74,0.762,0.851,MOGI DAS CRUZES,40.86715867158672
1204,0.774,0.736,0.74,0.852,MOGI GUAÇU,52.2075055187638
1205,0.754,0.699,0.719,0.854,MONGAGUÁ,45.68345323741007
1206,0.768,0.707,0.746,0.859,MONTE ALTO,40.30303030303031
1207,0.785,0.72,0.781,0.861,MONTE APRAZÍVEL,45.35714285714285
1208,0.733,0.639,0.713,0.863,MONTE MOR,42.65734265734265
1209,0.791,0.762,0.755,0.861,NOVA ODESSA,40.773809523809526
1210,0.773,0.724,0.737,0.867,OLÍMPIA,41.35338345864661
1211,0.78,0.703,0.765,0.882,ORLÂNDIA,34.74903474903475
1212,0.776,0.718,0.776,0.84,OSASCO,37.260509007720906
1213,0.762,0.713,0.74,0.837,OSVALDO CRUZ,46.64179104477612
1214,0.778,0.727,0.753,0.859,OURINHOS,48.71550903901047
1215,0.762,0.739,0.717,0.836,PARAGUAÇU PAULISTA,48.028673835125446
1216,0.795,0.727,0.8,0.864,PAULÍNIA,43.45549738219896
1217,0.739,0.673,0.738,0.812,PEDERNEIRAS,49.47368421052632
1218,0.769,0.701,0.75,0.864,PEDREIRA,45.94594594594595
1219,0.759,0.68,0.748,0.859,PENÁPOLIS,50.0
1220,0.766,0.732,0.728,0.845,PEREIRA BARRETO,42.23300970873786
1221,0.749,0.675,0.73,0.854,PERUÍBE,47.57630161579892
1222,0.716,0.624,0.694,0.848,PIEDADE,45.45454545454545
1223,0.69,0.594,0.674,0.82,PILAR DO SUL,36.40776699029127
1224,0.773,0.736,0.745,0.843,PINDAMONHANGABA,46.837944664031625
1225,0.785,0.717,0.797,0.848,PIRACICABA,42.89855072463768
1226,0.758,0.699,0.74,0.843,PIRAJU,48.36065573770492
1227,0.749,0.672,0.734,0.853,PIRAJUÍ,39.884393063583815
1228,0.801,0.736,0.789,0.884,PIRASSUNUNGA,38.40361445783133
1229,0.723,0.651,0.699,0.83,PITANGUEIRAS,40.85365853658536
1230,0.71,0.634,0.67,0.842,PITANGUEIRAS,40.85365853658536
1231,0.771,0.754,0.71,0.856,POÁ,42.51152073732719
1232,0.725,0.633,0.718,0.838,PONTAL,43.85245901639344
1233,0.758,0.706,0.737,0.836,PORTO FELIZ,54.151624548736464
1234,0.751,0.696,0.736,0.827,PORTO FERREIRA,42.80303030303031
1235,0.754,0.692,0.744,0.834,PRAIA GRANDE,52.06949412365866
1236,0.718,0.636,0.692,0.84,PRAIA GRANDE,52.06949412365866
1237,0.75,0.7,0.714,0.845,PRESIDENTE EPITÁCIO,35.24904214559387
1238,0.806,0.774,0.788,0.858,PRESIDENTE PRUDENTE,38.37471783295711
1239,0.763,0.708,0.749,0.837,PRESIDENTE VENCESLAU,46.93877551020408
1240,0.743,0.666,0.724,0.85,PROMISSÃO,42.14876033057851
1241,0.751,0.683,0.72,0.861,RANCHARIA,46.540880503144656
1242,0.754,0.702,0.718,0.851,REGISTRO,50.12406947890818
1243,0.784,0.76,0.749,0.847,RIBEIRÃO PIRES,37.69230769230769
1244,0.8,0.739,0.82,0.844,RIBEIRÃO PRETO,33.37915234822451
1245,0.749,0.745,0.684,0.823,RIO GRANDE DA SERRA,42.1259842519685
1246,0.764,0.728,0.749,0.818,ROSANA,30.55555555555556
1247,0.78,0.751,0.755,0.837,SALTO,44.11276948590381
1248,0.729,0.665,0.699,0.834,SALTO DE PIRAPORA,48.598130841121495
1249,0.781,0.731,0.752,0.867,SANTA BÁRBARA D'OESTE,45.068664169787766
1250,0.762,0.686,0.744,0.867,SANTA CRUZ DO RIO PARDO,45.43478260869565
1251,0.784,0.751,0.763,0.84,SANTA FÉ DO SUL,60.64981949458483
1252,0.738,0.689,0.7,0.834,SANTA ISABEL,41.03585657370518
1253,0.683,0.593,0.658,0.818,SANTA ISABEL,41.03585657370518
1254,0.814,0.725,0.876,0.849,SANTANA DE PARNAÍBA,46.5736040609137
1255,0.77,0.704,0.746,0.868,SANTA ROSA DE VITERBO,35.0
1256,0.84,0.807,0.861,0.852,SANTOS,42.63085399449036
1257,0.805,0.752,0.807,0.861,SÃO BERNARDO DO CAMPO,40.22421524663677
1258,0.862,0.811,0.891,0.887,SÃO CAETANO DO SUL,35.973282442748086
1259,0.805,0.766,0.788,0.863,SÃO CARLOS,30.808366308648957
1260,0.769,0.688,0.763,0.867,SÃO CARLOS,30.808366308648957
1261,0.797,0.749,0.776,0.871,SÃO JOÃO DA BOA VISTA,46.33540372670807
1262,0.762,0.706,0.74,0.847,SÃO JOAQUIM DA BARRA,35.53530751708428
1263,0.774,0.717,0.744,0.868,SÃO JOSÉ DO RIO PARDO,41.70124481327801
1264,0.797,0.748,0.801,0.846,SÃO JOSÉ DO RIO PRETO,45.07785695434151
1265,0.807,0.764,0.804,0.855,SÃO JOSÉ DOS CAMPOS,39.51579811243332
1266,0.744,0.695,0.735,0.805,SÃO MANUEL,45.0354609929078
1267,0.71,0.633,0.708,0.799,SÃO MIGUEL ARCANJO,46.774193548387096
1268,0.805,0.725,0.843,0.855,SÃO PAULO,41.41539756638861
1269,0.768,0.687,0.765,0.863,SÃO ROQUE,45.103857566765576
1270,0.729,0.65,0.713,0.835,SERRANA,33.87755102040816
1271,0.729,0.634,0.737,0.828,SOCORRO,60.30534351145038
1272,0.798,0.762,0.792,0.843,SOROCABA,43.53704705246079
1273,0.762,0.705,0.744,0.845,SUMARÉ,49.62406015037594
1274,0.765,0.723,0.708,0.873,SUZANO,44.49291166848418
1275,0.769,0.71,0.742,0.863,TABOÃO DA SERRA,41.03837471783296
1276,0.751,0.692,0.703,0.87,TAPIRATIBA,46.875
1277,0.748,0.696,0.727,0.827,TAQUARITINGA,49.47368421052632
1278,0.752,0.688,0.734,0.842,TATUÍ,49.80988593155893
1279,0.8,0.746,0.778,0.883,TAUBATÉ,49.24277191372189
1280,0.778,0.698,0.764,0.884,TIETÊ,47.8494623655914
1281,0.771,0.704,0.764,0.852,TUPÃ,46.57762938230384
1282,0.736,0.675,0.724,0.817,TURMALINA,30.065359477124183
1283,0.751,0.679,0.741,0.841,UBATUBA,50.898203592814376
1284,0.819,0.763,0.848,0.85,VALINHOS,40.72727272727273
1285,0.737,0.643,0.721,0.863,VARGEM GRANDE DO SUL,49.596774193548384
1286,0.77,0.683,0.755,0.884,VARGEM GRANDE PAULISTA,44.35897435897436
1287,0.759,0.705,0.72,0.863,VÁRZEA PAULISTA,45.50898203592814
1288,0.817,0.739,0.84,0.878,VINHEDO,39.497307001795335
1289,0.767,0.747,0.72,0.838,VOTORANTIM,43.197278911564624
1290,0.79,0.744,0.772,0.857,VOTUPORANGA,49.45490584737364
1291,0.699,0.575,0.706,0.84,ALMIRANTE TAMANDARÉ,52.09424083769634
1292,0.708,0.617,0.695,0.826,ALVORADA DO SUL,36.17021276595745
1293,0.709,0.62,0.699,0.824,AMPÉRE,39.74895397489539
1294,0.748,0.668,0.741,0.845,APUCARANA,39.73333333333333
1295,0.748,0.669,0.751,0.834,ARAPONGAS,40.7979407979408
1296,0.723,0.643,0.715,0.823,ARAPOTI,37.67123287671233
1297,0.74,0.639,0.743,0.852,ARAUCÁRIA,45.2513966480447
1298,0.728,0.641,0.724,0.833,ASSAÍ,40.83969465648856
1299,0.729,0.633,0.713,0.857,ASSIS CHATEAUBRIAND,38.31521739130434
1300,0.747,0.675,0.754,0.818,ASTORGA,42.22222222222222
1301,0.727,0.658,0.714,0.819,BANDEIRANTES,35.560344827586206
1302,0.681,0.537,0.694,0.848,BANDEIRANTES,35.560344827586206
1303,0.734,0.651,0.724,0.84,CAMBÉ,37.83783783783784
1304,0.718,0.605,0.712,0.86,CAMPINA GRANDE DO SUL,41.61073825503356
1305,0.745,0.664,0.73,0.854,CAMPO LARGO,37.11467324290999
1306,0.701,0.607,0.685,0.828,CAMPO MAGRO,37.59398496240601
1307,0.757,0.689,0.749,0.841,CAMPO MOURÃO,40.572171651495445
1308,0.703,0.6,0.704,0.823,CASTRO,41.2087912087912
1309,0.74,0.671,0.74,0.817,CHOPINZINHO,39.47368421052632
1310,0.755,0.685,0.747,0.841,CIANORTE,41.890440386680986
1311,0.694,0.573,0.718,0.813,CLEVELÂNDIA,41.5929203539823
1312,0.733,0.632,0.715,0.87,COLOMBO,42.92415949960907
1313,0.73,0.649,0.747,0.804,COLORADO,28.254847645429365
1314,0.758,0.674,0.775,0.835,COLORADO,28.254847645429365
1315,0.759,0.692,0.746,0.848,CORNÉLIO PROCÓPIO,38.87362637362637
1316,0.723,0.653,0.714,0.81,CORONEL VIVIDA,40.53030303030303
1317,0.823,0.768,0.85,0.855,CURITIBA,36.39561349058556
1318,0.767,0.711,0.747,0.85,DOIS VIZINHOS,33.82594417077176
1319,0.72,0.617,0.713,0.847,FAZENDA RIO GRANDE,49.69230769230769
1320,0.751,0.661,0.748,0.858,FOZ DO IGUAÇU,35.54502369668246
1321,0.774,0.726,0.758,0.844,FRANCISCO BELTRÃO,35.27724665391969
1322,0.731,0.639,0.72,0.85,GOIOERÊ,42.81150159744409
1323,0.731,0.628,0.73,0.853,GUARAPUAVA,42.45880861850444
1324,0.717,0.604,0.737,0.828,GUARATUBA,54.589371980676326
1325,0.71,0.596,0.738,0.813,IBAITI,51.187335092348285
1326,0.726,0.647,0.72,0.821,IBIPORÃ,35.89164785553047
1327,0.726,0.64,0.715,0.835,IRATI,36.70212765957447
1328,0.707,0.609,0.694,0.836,IRATI,36.70212765957447
1329,0.651,0.534,0.654,0.791,IVAÍ,40.458015267175576
1330,0.73,0.661,0.711,0.827,IVAIPORÃ,51.651651651651655
1331,0.743,0.663,0.734,0.844,JACAREZINHO,46.453089244851256
1332,0.743,0.684,0.698,0.859,JAGUARIAÍVA,46.478873239436616
1333,0.747,0.703,0.741,0.801,JANDAIA DO SUL,46.38009049773756
1334,0.706,0.595,0.696,0.848,LAPA,38.87043189368771
1335,0.706,0.594,0.709,0.835,LARANJEIRAS DO SUL,44.63087248322148
1336,0.725,0.645,0.724,0.815,LOANDA,42.30769230769231
1337,0.778,0.712,0.789,0.837,LONDRINA,36.85043524136112
1338,0.655,0.515,0.677,0.807,MANDIRITUBA,45.16129032258064
1339,0.774,0.704,0.782,0.842,MARECHAL CÂNDIDO RONDON,33.734939759036145
1340,0.735,0.666,0.733,0.814,MARIALVA,40.588235294117645
1341,0.808,0.768,0.806,0.852,MARINGÁ,40.28882994400236
1342,0.743,0.662,0.743,0.834,MATINHOS,42.81437125748503
1343,0.652,0.529,0.661,0.793,MAUÁ DA SERRA,46.73913043478261
1344,0.763,0.686,0.762,0.849,MEDIANEIRA,40.2439024390244
1345,0.722,0.628,0.723,0.829,NOVA ESPERANÇA,44.014084507042256
1346,0.71,0.631,0.699,0.813,NOVA OLÍMPIA,37.142857142857146
1347,0.682,0.561,0.704,0.804,NOVA OLÍMPIA,37.142857142857146
1348,0.716,0.632,0.697,0.833,PAIÇANDU,38.095238095238095
1349,0.718,0.618,0.725,0.826,PALMEIRA,35.0
1350,0.671,0.557,0.655,0.827,PALMEIRA,35.0
1351,0.768,0.689,0.76,0.864,PALOTINA,38.83495145631068
1352,0.75,0.676,0.733,0.852,PARANAGUÁ,48.05825242718447
1353,0.763,0.703,0.75,0.844,PARANAVAÍ,40.913160250671446
1354,0.782,0.728,0.778,0.845,PATO BRANCO,31.17033603707996
1355,0.751,0.666,0.761,0.836,PINHAIS,41.29032258064516
1356,0.7,0.574,0.689,0.869,PIRAQUARA,50.82742316784869
1357,0.702,0.621,0.696,0.802,PITANGA,43.63636363636363
1358,0.763,0.703,0.755,0.837,PONTA GROSSA,40.78315478389361
1359,0.738,0.661,0.728,0.834,PORECATU,22.35294117647059
1360,0.676,0.577,0.664,0.807,PRUDENTÓPOLIS,37.014925373134325
1361,0.742,0.665,0.74,0.831,QUATRO BARRAS,37.368421052631575
1362,0.681,0.576,0.69,0.794,QUEDAS DO IGUAÇU,52.9126213592233
1363,0.722,0.63,0.72,0.83,REALEZA,37.46835443037975
1364,0.679,0.545,0.679,0.847,RIO BRANCO DO SUL,54.4891640866873
1365,0.76,0.705,0.721,0.863,RIO NEGRO,44.680851063829785
1366,0.709,0.585,0.702,0.869,RIO NEGRO,44.680851063829785
1367,0.739,0.661,0.744,0.821,ROLÂNDIA,37.16381418092909
1368,0.738,0.689,0.716,0.814,SANTA TEREZINHA DE ITAIPU,29.87012987012987
1369,0.718,0.617,0.733,0.817,SANTO ANTÔNIO DA PLATINA,44.39102564102564
1370,0.758,0.678,0.749,0.859,SÃO JOSÉ DOS PINHAIS,43.084016393442624
1371,0.719,0.623,0.711,0.838,SÃO MATEUS DO SUL,41.53846153846154
1372,0.704,0.588,0.726,0.818,SÃO MIGUEL DO IGUAÇU,38.63636363636363
1373,0.695,0.579,0.681,0.85,SARANDI,37.53623188405797
1374,0.777,0.705,0.776,0.858,SARANDI,37.53623188405797
1375,0.703,0.612,0.694,0.819,TAPEJARA,35.1063829787234
1376,0.76,0.688,0.763,0.837,TAPEJARA,35.1063829787234
1377,0.734,0.657,0.726,0.828,TELÊMACO BORBA,49.12536443148688
1378,0.768,0.702,0.755,0.855,TOLEDO,36.8080517613228
1379,0.739,0.669,0.706,0.854,UBIRATÃ,42.97994269340974
1380,0.761,0.698,0.755,0.836,UMUARAMA,40.72305593451569
1381,0.74,0.68,0.713,0.837,UNIÃO DA VITÓRIA,46.04072398190045
1382,0.687,0.594,0.692,0.79,WENCESLAU BRAZ,53.40599455040872
1383,0.76,0.691,0.745,0.853,ARARANGUÁ,40.82503556187766
1384,0.845,0.789,0.854,0.894,BALNEÁRIO CAMBORIÚ,47.05202312138728
1385,0.739,0.659,0.733,0.836,BIGUAÇU,34.80885311871227
1386,0.806,0.722,0.812,0.894,BLUMENAU,53.14190595089472
1387,0.778,0.716,0.746,0.881,BRAÇO DO NORTE,52.58620689655172
1388,0.795,0.707,0.794,0.894,BRUSQUE,57.00934579439252
1389,0.735,0.62,0.728,0.878,CAÇADOR,51.36363636363637
1390,0.726,0.6,0.736,0.866,CAMBORIÚ,43.916913946587535
1391,0.742,0.658,0.721,0.861,CAMPOS NOVOS,36.015325670498086
1392,0.757,0.692,0.717,0.874,CANOINHAS,47.18446601941748
1393,0.79,0.727,0.779,0.871,CHAPECÓ,47.38028169014085
1394,0.8,0.756,0.777,0.872,CONCÓRDIA,40.97222222222222
1395,0.788,0.737,0.786,0.846,CRICIÚMA,46.833130328867234
1396,0.721,0.62,0.716,0.846,CURITIBANOS,44.73684210526316
1397,0.706,0.61,0.703,0.82,DIONÍSIO CERQUEIRA,34.63035019455253
1398,0.847,0.8,0.87,0.873,FLORIANÓPOLIS,32.18687302952135
1399,0.731,0.637,0.712,0.86,FRAIBURGO,41.04046242774567
1400,0.753,0.668,0.737,0.868,GAROPABA,41.04046242774567
1401,0.751,0.641,0.748,0.885,GUARAMIRIM,44.5
1402,0.741,0.645,0.732,0.861,IÇARA,51.72413793103448
1403,0.765,0.703,0.734,0.868,IMBITUBA,44.785276073619634
1404,0.777,0.701,0.767,0.873,INDAIAL,48.90710382513661
1405,0.795,0.73,0.778,0.884,ITAJAÍ,54.629021667761
1406,0.796,0.727,0.788,0.881,ITAPEMA,47.70017035775128
1407,0.748,0.638,0.749,0.876,ITUPORANGA,48.266666666666666
1408,0.803,0.755,0.793,0.865,JARAGUÁ DO SUL,47.77006937561942
1409,0.827,0.771,0.823,0.891,JOAÇABA,39.47712418300654
1410,0.809,0.749,0.795,0.889,JOINVILLE,48.669950738916256
1411,0.77,0.697,0.755,0.867,LAGES,52.18068535825545
1412,0.752,0.682,0.715,0.871,LAGUNA,43.63636363636363
1413,0.777,0.723,0.738,0.88,MAFRA,49.11147011308562
1414,0.736,0.624,0.731,0.873,NAVEGANTES,56.38841567291312
1415,0.755,0.657,0.749,0.873,ORLEANS,50.427350427350426
1416,0.757,0.672,0.752,0.859,PALHOÇA,37.21093202522775
1417,0.737,0.632,0.757,0.836,PALMITOS,43.92857142857143
1418,0.786,0.724,0.752,0.891,PORTO UNIÃO,48.91640866873065
1419,0.73,0.656,0.712,0.832,QUILOMBO,33.088235294117645
1420,0.802,0.727,0.793,0.894,RIO DO SUL,50.487329434697855
1421,0.738,0.668,0.71,0.848,RIO NEGRINHO,54.75113122171946
1422,0.782,0.719,0.763,0.871,SÃO BENTO DO SUL,48.54545454545455
1423,0.762,0.699,0.74,0.856,SÃO FRANCISCO DO SUL,46.206896551724135
1424,0.687,0.562,0.705,0.817,SÃO JOAQUIM,51.87500000000001
1425,0.809,0.752,0.799,0.88,SÃO JOSÉ,36.60331085223789
1426,0.749,0.695,0.748,0.807,SÃO LOURENÇO DO OESTE,40.37267080745342
1427,0.801,0.739,0.787,0.884,SÃO MIGUEL DO OESTE,40.0
1428,0.779,0.674,0.804,0.872,SEARA,49.59349593495935
1429,0.728,0.617,0.729,0.858,SOMBRIO,47.47252747252747
1430,0.761,0.67,0.749,0.879,TAIÓ,42.5
1431,0.76,0.672,0.747,0.873,TIJUCAS,57.738095238095234
1432,0.784,0.697,0.807,0.856,TIMBÓ,54.1025641025641
1433,0.796,0.74,0.788,0.866,TUBARÃO,48.41341795104261
1434,0.764,0.675,0.772,0.857,VIDEIRA,43.23308270676692
1435,0.775,0.711,0.76,0.861,XANXERÊ,43.83116883116883
1436,0.752,0.662,0.737,0.871,XAXIM,38.81856540084388
1437,0.74,0.664,0.72,0.849,ALEGRETE,33.0078125
1438,0.769,0.706,0.75,0.86,ARROIO DO MEIO,59.34065934065934
1439,0.657,0.522,0.673,0.807,ARROIO GRANDE,33.89830508474576
1440,0.74,0.647,0.739,0.848,BAGÉ,34.68208092485549
1441,0.778,0.695,0.805,0.842,BENTO GONÇALVES,42.0032310177706
1442,0.689,0.558,0.691,0.848,BUTIÁ,37.9746835443038
1443,0.704,0.585,0.699,0.855,CAÇAPAVA DO SUL,36.734693877551024
1444,0.742,0.648,0.739,0.854,CACHOEIRA DO SUL,23.809523809523807
1445,0.697,0.578,0.715,0.819,CAMAQUÃ,30.59006211180124
1446,0.745,0.643,0.755,0.852,CAMPO BOM,44.73684210526316
1447,0.748,0.667,0.738,0.849,CANELA,56.95876288659794
1448,0.65,0.491,0.683,0.819,CANGUÇU,20.437956204379564
1449,0.75,0.636,0.768,0.864,CANOAS,43.94641937145801
1450,0.743,0.637,0.756,0.852,CAPÃO DA CANOA,51.1002444987775
1451,0.637,0.48,0.662,0.814,CAPÃO DO LEÃO,33.65384615384615
1452,0.766,0.707,0.756,0.84,CARAZINHO,43.71482176360225
1453,0.796,0.724,0.835,0.835,CARLOS BARBOSA,45.42372881355932
1454,0.782,0.686,0.812,0.86,CAXIAS DO SUL,47.28370221327968
1455,0.764,0.698,0.752,0.849,CERRO LARGO,29.909365558912388
1456,0.747,0.659,0.726,0.87,CHARQUEADAS,38.13229571984436
1457,0.75,0.653,0.754,0.858,CRUZ ALTA,38.26247689463956
1458,0.743,0.633,0.763,0.848,DOIS IRMÃOS,44.680851063829785
1459,0.708,0.585,0.715,0.848,DOM PEDRITO,32.71604938271605
1460,0.717,0.609,0.717,0.844,ELDORADO DO SUL,43.62745098039216
1461,0.767,0.687,0.764,0.858,ENCANTADO,44.3609022556391
1462,0.657,0.478,0.677,0.875,ENCRUZILHADA DO SUL,39.23076923076923
1463,0.776,0.716,0.782,0.833,ERECHIM,34.82142857142857
1464,0.765,0.677,0.747,0.884,ESPUMOSO,30.37037037037037
1465,0.757,0.652,0.749,0.887,ESTÂNCIA VELHA,44.13793103448276
1466,0.754,0.662,0.769,0.843,ESTEIO,40.12605042016807
1467,0.767,0.684,0.776,0.85,ESTRELA,43.51851851851852
1468,0.777,0.696,0.783,0.861,FARROUPILHA,45.30386740331492
1469,0.76,0.688,0.754,0.846,FREDERICO WESTPHALEN,31.077348066298345
1470,0.786,0.688,0.825,0.856,GARIBALDI,41.42857142857143
1471,0.746,0.658,0.747,0.843,GETÚLIO VARGAS,31.32530120481928
1472,0.721,0.629,0.707,0.842,GIRUÁ,41.0
1473,0.736,0.636,0.727,0.862,GRAVATAÍ,42.492492492492495
1474,0.73,0.639,0.732,0.833,GUAÍBA,36.887608069164266
1475,0.765,0.685,0.781,0.837,GUAPORÉ,33.62068965517241
1476,0.783,0.716,0.782,0.858,HORIZONTINA,39.0728476821192
1477,0.721,0.571,0.749,0.876,IGREJINHA,45.525291828793776
1478,0.781,0.707,0.786,0.858,IJUÍ,31.70731707317073
1479,0.764,0.638,0.825,0.847,IMBÉ,41.32231404958678
1480,0.713,0.626,0.687,0.843,ITAQUI,31.73431734317343
1481,0.784,0.729,0.78,0.848,IVOTI,33.33333333333333
1482,0.707,0.608,0.698,0.832,JAGUARÃO,33.582089552238806
1483,0.716,0.602,0.733,0.833,JÚLIO DE CASTILHOS,30.3886925795053
1484,0.738,0.62,0.734,0.885,LAGOA VERMELHA,32.1285140562249
1485,0.692,0.577,0.711,0.807,MACHADINHO,30.15873015873016
1486,0.774,0.699,0.773,0.857,MARAU,29.66507177033493
1487,0.755,0.654,0.761,0.866,MONTENEGRO,47.246891651865006
1488,0.664,0.493,0.701,0.849,MOSTARDAS,49.48453608247423
1489,0.78,0.688,0.775,0.89,NOVA PETRÓPOLIS,44.0
1490,0.766,0.686,0.782,0.839,NOVA PRATA,28.980891719745223
1491,0.747,0.629,0.778,0.852,NOVO HAMBURGO,42.08456243854474
1492,0.751,0.646,0.769,0.853,OSÓRIO,40.40920716112532
1493,0.737,0.667,0.722,0.831,PALMEIRA DAS MISSÕES,30.17241379310345
1494,0.761,0.691,0.752,0.848,PANAMBI,35.86698337292161
1495,0.704,0.562,0.7,0.886,PAROBÉ,52.41379310344828
1496,0.776,0.699,0.787,0.849,PASSO FUNDO,39.226519337016576
1497,0.739,0.632,0.758,0.844,PELOTAS,31.331090821720327
1498,0.658,0.517,0.672,0.821,PIRATINI,39.175257731958766
1499,0.805,0.702,0.867,0.857,PORTO ALEGRE,39.61239353166276
1500,0.704,0.609,0.673,0.852,QUARAÍ,36.60714285714285
1501,0.744,0.637,0.752,0.861,RIO GRANDE,33.594306049822066
1502,0.693,0.56,0.702,0.846,RIO PARDO,40.86538461538461
1503,0.699,0.576,0.705,0.841,ROSÁRIO DO SUL,33.55263157894737
1504,0.773,0.693,0.782,0.852,SANTA CRUZ DO SUL,39.5260663507109
1505,0.727,0.636,0.715,0.846,SANT'ANA DO LIVRAMENTO,36.02251407129456
1506,0.769,0.693,0.752,0.871,SANTA ROSA,34.17085427135678
1507,0.712,0.591,0.709,0.861,SANTA VITÓRIA DO PALMAR,35.88516746411483
1508,0.766,0.682,0.746,0.882,SANTIAGO,31.90578158458244
1509,0.772,0.696,0.765,0.863,SANTO ÂNGELO,34.960629921259844
1510,0.717,0.594,0.718,0.866,SANTO ANTÔNIO DA PATRULHA,38.70967741935484
1511,0.736,0.643,0.72,0.86,SÃO BORJA,40.05167958656331
1512,0.696,0.56,0.734,0.822,SÃO JERÔNIMO,42.01680672268908
1513,0.623,0.461,0.663,0.792,SÃO JOSÉ DO NORTE,32.8125
1514,0.739,0.612,0.766,0.861,SÃO LEOPOLDO,44.18604651162791
1515,0.687,0.528,0.722,0.849,SÃO LOURENÇO DO SUL,22.16981132075472
1516,0.741,0.664,0.718,0.855,SÃO LUIZ GONZAGA,37.28395061728395
1517,0.768,0.683,0.775,0.855,SÃO MARCOS,41.2280701754386
1518,0.708,0.576,0.708,0.871,SÃO SEPÉ,30.76923076923077
1519,0.685,0.553,0.698,0.831,SÃO VICENTE DO SUL,19.649122807017545
1520,0.711,0.598,0.722,0.832,SAPIRANGA,42.79749478079332
1521,0.726,0.624,0.726,0.844,SAPUCAIA DO SUL,46.46781789638933
1522,0.727,0.579,0.754,0.88,TAQUARA,50.456621004566216
1523,0.733,0.629,0.737,0.849,TAQUARI,46.7948717948718
1524,0.747,0.65,0.751,0.855,TEUTÔNIA,40.27777777777778
1525,0.762,0.685,0.75,0.862,TORRES,36.98347107438016
1526,0.719,0.606,0.727,0.842,TRAMANDAÍ,52.18579234972678
1527,0.759,0.694,0.756,0.834,TRÊS DE MAIO,30.976430976430976
1528,0.768,0.71,0.745,0.858,TRÊS PASSOS,34.38538205980066
1529,0.744,0.661,0.722,0.863,URUGUAIANA,36.10738255033557
1530,0.721,0.605,0.74,0.838,VACARIA,39.70223325062035
1531,0.712,0.6,0.736,0.818,VENÂNCIO AIRES,37.57225433526011
1532,0.773,0.692,0.797,0.838,VERANÓPOLIS,28.90625
1533,0.717,0.591,0.72,0.866,VIAMÃO,45.91002044989775
1534,0.67,0.518,0.705,0.823,ÁGUA CLARA,63.74999999999999
1535,0.673,0.546,0.683,0.818,AMAMBAI,43.83561643835616
1536,0.663,0.557,0.663,0.789,ANASTÁCIO,41.566265060240966
1537,0.697,0.588,0.717,0.804,APARECIDA DO TABOADO,56.4625850340136
1538,0.688,0.562,0.69,0.84,AQUIDAUANA,39.140811455847256
1539,0.71,0.606,0.698,0.847,BATAGUASSU,41.17647058823529
1540,0.698,0.585,0.699,0.83,BELA VISTA,52.083333333333336
1541,0.666,0.573,0.665,0.776,BODOQUENA,43.333333333333336
1542,0.692,0.592,0.676,0.828,CAARAPÓ,52.752293577981646
1543,0.703,0.596,0.715,0.817,CAMAPUÃ,39.74358974358975
1544,0.727,0.627,0.756,0.811,CASSILÂNDIA,43.91143911439114
1545,0.754,0.665,0.758,0.85,CHAPADÃO DO SUL,54.02985074626866
1546,0.7,0.586,0.701,0.834,CORUMBÁ,46.537059538274605
1547,0.706,0.606,0.717,0.811,COSTA RICA,57.60869565217392
1548,0.703,0.579,0.719,0.836,COXIM,43.65482233502538
1549,0.639,0.528,0.64,0.773,DOIS IRMÃOS DO BURITI,43.47826086956522
1550,0.747,0.657,0.753,0.843,DOURADOS,40.07314524555904
1551,0.714,0.621,0.719,0.815,FÁTIMA DO SUL,40.94488188976378
1552,0.654,0.523,0.66,0.809,ITAPORÃ,39.02439024390244
1553,0.62,0.479,0.645,0.772,ITAQUIRAÍ,55.26315789473685
1554,0.72,0.615,0.715,0.85,IVINHEMA,52.99401197604791
1555,0.708,0.579,0.716,0.857,JATEÍ,31.06796116504854
1556,0.704,0.618,0.687,0.822,LADÁRIO,39.85507246376812
1557,0.736,0.613,0.744,0.873,MARACAJU,38.35616438356164
1558,0.632,0.507,0.638,0.782,MIRANDA,53.44827586206896
1559,0.7,0.597,0.715,0.803,NAVIRAÍ,41.935483870967744
1560,0.639,0.483,0.658,0.822,NIOAQUE,43.75
1561,0.721,0.616,0.716,0.85,NOVA ANDRADINA,49.36708860759494
1562,0.721,0.627,0.727,0.823,PARANAÍBA,37.19676549865229
1563,0.701,0.598,0.708,0.812,PONTA PORÃ,50.7227332457293
1564,0.666,0.526,0.677,0.83,PORTO MURTINHO,46.66666666666666
1565,0.664,0.519,0.681,0.83,RIBAS DO RIO PARDO,56.55737704918032
1566,0.715,0.59,0.72,0.861,RIO BRILHANTE,42.25806451612903
1567,0.673,0.521,0.686,0.852,RIO VERDE DE MATO GROSSO,48.14814814814815
1568,0.729,0.608,0.751,0.85,SÃO GABRIEL DO OESTE,47.17741935483871
1569,0.614,0.45,0.66,0.778,SETE QUEDAS,44.0
1570,0.686,0.561,0.694,0.829,SIDROLÂNDIA,45.55555555555556
1571,0.744,0.645,0.752,0.849,TRÊS LAGOAS,46.54471544715447
1572,0.729,0.646,0.723,0.829,ÁGUA BOA,51.66666666666667
1573,0.714,0.629,0.709,0.817,ALTA FLORESTA,48.9051094890511
1574,0.725,0.655,0.704,0.826,ARAPUTANGA,53.95348837209303
1575,0.704,0.649,0.677,0.793,ARENÁPOLIS,39.85507246376812
1576,0.675,0.553,0.682,0.816,ARIPUANÃ,68.53932584269663
1577,0.693,0.595,0.684,0.818,BARRA DO BUGRES,43.90243902439025
1578,0.748,0.693,0.738,0.817,BARRA DO GARÇAS,45.65217391304348
1579,0.696,0.571,0.695,0.85,BRASNORTE,63.51351351351351
1580,0.708,0.633,0.691,0.813,CÁCERES,35.69711538461539
1581,0.734,0.649,0.745,0.819,CAMPO NOVO DO PARECIS,46.31147540983606
1582,0.75,0.67,0.755,0.834,CAMPO VERDE,44.27083333333333
1583,0.665,0.553,0.656,0.809,CARLINDA,61.03896103896104
1584,0.688,0.578,0.677,0.833,CHAPADA DOS GUIMARÃES,46.98795180722892
1585,0.713,0.604,0.732,0.819,COLÍDER,48.310810810810814
1586,0.611,0.443,0.633,0.815,COLNIZA,53.333333333333336
1587,0.689,0.567,0.687,0.84,COMODORO,49.63503649635037
1588,0.668,0.556,0.66,0.812,CONFRESA,55.74229691876751
1589,0.785,0.726,0.8,0.834,CUIABÁ,36.00622810432075
1590,0.718,0.625,0.714,0.831,DIAMANTINO,40.5940594059406
1591,0.692,0.548,0.737,0.819,FELIZ NATAL,52.23880597014925
1592,0.703,0.609,0.692,0.826,GUARANTÃ DO NORTE,63.1578947368421
1593,0.705,0.637,0.677,0.813,GUIRATINGA,33.734939759036145
1594,0.693,0.591,0.694,0.812,ITIQUIRA,45.33333333333333
1595,0.735,0.655,0.728,0.833,JACIARA,35.13513513513514
1596,0.682,0.543,0.699,0.836,JUARA,48.78048780487805
1597,0.716,0.593,0.733,0.845,JUÍNA,48.71134020618557
1598,0.662,0.563,0.647,0.797,JURUENA,48.93617021276596
1599,0.768,0.71,0.766,0.833,LUCAS DO RIO VERDE,47.285464098073554
1600,0.701,0.604,0.7,0.813,MARCELÂNDIA,41.333333333333336
1601,0.704,0.592,0.723,0.816,MIRASSOL D'OESTE,39.41908713692946
1602,0.638,0.529,0.6,0.82,NOSSA SENHORA DO LIVRAMENTO,42.5531914893617
1603,0.758,0.673,0.773,0.837,NOVA MUTUM,46.43962848297213
1604,0.704,0.613,0.713,0.8,NOVA XAVANTINA,40.7035175879397
1605,0.667,0.532,0.679,0.82,PARANATINGA,40.15151515151515
1606,0.649,0.521,0.691,0.761,PEIXOTO DE AZEVEDO,61.34020618556701
1607,0.652,0.534,0.643,0.806,POCONÉ,42.76729559748428
1608,0.703,0.605,0.711,0.807,PONTES E LACERDA,43.98340248962656
1609,0.652,0.523,0.666,0.795,PORTO ESPERIDIÃO,51.19047619047619
1610,0.752,0.653,0.774,0.843,PRIMAVERA DO LESTE,41.90871369294606
1611,0.692,0.565,0.701,0.837,QUERÊNCIA,53.20197044334976
1612,0.719,0.643,0.707,0.816,SÃO JOSÉ DOS QUATRO MARCOS,43.103448275862064
1613,0.682,0.548,0.689,0.841,SÃO JOSÉ DO RIO CLARO,38.25503355704698
1614,0.755,0.698,0.749,0.823,RONDONÓPOLIS,41.17305458768873
1615,0.65,0.52,0.653,0.807,ROSÁRIO OESTE,42.391304347826086
1616,0.656,0.539,0.651,0.806,SANTO ANTÔNIO DO LEVERGER,39.175257731958766
1617,0.668,0.538,0.652,0.848,SÃO FÉLIX DO ARAGUAIA,55.38461538461539
1618,0.732,0.62,0.758,0.836,SAPEZAL,46.79802955665024
1619,0.754,0.682,0.755,0.832,SINOP,42.53683536194747
1620,0.744,0.635,0.774,0.839,SORRISO,49.67405475880052
1621,0.729,0.626,0.749,0.825,TANGARÁ DA SERRA,38.331318016928655
1622,0.698,0.602,0.692,0.815,TERRA NOVA DO NORTE,64.04494382022472
1623,0.688,0.553,0.709,0.829,VILA RICA,41.1214953271028
1624,0.686,0.553,0.71,0.822,ACREÚNA,72.64150943396226
1625,0.686,0.588,0.647,0.848,ÁGUAS LINDAS DE GOIÁS,53.53393981805459
1626,0.682,0.568,0.664,0.841,ALEXÂNIA,58.08580858085809
1627,0.66,0.548,0.64,0.819,ALVORADA DO NORTE,51.06382978723404
1628,0.737,0.66,0.737,0.822,ANÁPOLIS,48.81764438381082
1629,0.718,0.62,0.716,0.834,APARECIDA DE GOIÂNIA,44.232698094282846
1630,0.732,0.68,0.694,0.83,ARAGARÇAS,45.91836734693878
1631,0.701,0.573,0.699,0.86,BOM JESUS DE GOIÁS,59.49820788530465
1632,0.733,0.64,0.739,0.832,CALDAS NOVAS,57.299578059071735
1633,0.692,0.616,0.661,0.815,CAMPOS BELOS,55.98290598290598
1634,0.766,0.715,0.769,0.819,CATALÃO,44.33887569279493
1635,0.775,0.733,0.753,0.842,CERES,49.64322120285424
1636,0.717,0.641,0.706,0.814,CIDADE OCIDENTAL,45.78313253012048
1637,0.699,0.587,0.716,0.814,CRISTALINA,52.87356321839081
1638,0.744,0.666,0.726,0.852,FORMOSA,51.43038779402416
1639,0.727,0.636,0.719,0.84,GOIANÉSIA,53.79250217959896
1640,0.799,0.739,0.824,0.838,GOIÂNIA,39.096697174691606
1641,0.694,0.596,0.674,0.831,GOIANIRA,56.77506775067751
1642,0.709,0.621,0.713,0.805,GOIÁS,68.77828054298642
1643,0.725,0.627,0.737,0.825,GOIATUBA,65.65217391304347
1644,0.72,0.618,0.718,0.842,INHUMAS,46.78899082568808
1645,0.701,0.588,0.711,0.823,IPAMERI,46.97674418604651
1646,0.743,0.667,0.731,0.84,IPORÁ,46.98630136986301
1647,0.719,0.61,0.735,0.828,ITABERAÍ,59.0778097982709
1648,0.725,0.626,0.72,0.844,ITAPACI,59.61538461538461
1649,0.726,0.653,0.7,0.837,ITAPURANGA,51.42857142857142
1650,0.752,0.682,0.744,0.838,ITUMBIARA,55.72562358276644
1651,0.699,0.588,0.692,0.841,JARAGUÁ,51.70454545454546
1652,0.757,0.656,0.774,0.856,JATAÍ,38.10709838107098
1653,0.74,0.638,0.733,0.868,LAGOA SANTA,32.68101761252446
1654,0.701,0.602,0.689,0.831,LUZIÂNIA,50.20188425302826
1655,0.626,0.494,0.61,0.816,MAMBAÍ,48.258706467661696
1656,0.707,0.637,0.691,0.803,MINAÇU,49.45848375451264
1657,0.718,0.584,0.753,0.84,MINEIROS,66.7610953729934
1658,0.721,0.671,0.681,0.82,NERÓPOLIS,55.66218809980806
1659,0.715,0.64,0.709,0.806,NIQUELÂNDIA,48.52216748768473
1660,0.684,0.567,0.664,0.851,NOVO GAMA,50.32154340836013
1661,0.651,0.515,0.67,0.801,PADRE BERNARDO,58.48214285714286
1662,0.721,0.599,0.72,0.87,PIRACANJUBA,56.25
1663,0.693,0.604,0.678,0.813,PIRENÓPOLIS,58.03212851405623
1664,0.744,0.65,0.719,0.88,PIRES DO RIO,42.78606965174129
1665,0.669,0.566,0.653,0.81,PLANALTINA,63.39210747271201
1666,0.727,0.642,0.709,0.845,PORANGATU,60.88328075709779
1667,0.659,0.53,0.659,0.819,POSSE,56.80087051142546
1668,0.74,0.642,0.732,0.863,QUIRINÓPOLIS,53.50223546944859
1669,0.754,0.656,0.765,0.853,RIO VERDE,64.48040885860307
1670,0.719,0.666,0.686,0.814,RUBIATABA,43.51585014409222
1671,0.724,0.627,0.734,0.823,SANTA HELENA DE GOIÁS,66.31892697466468
1672,0.665,0.556,0.647,0.818,SANTO ANTÔNIO DO DESCOBERTO,48.09322033898305
1673,0.731,0.67,0.721,0.809,SÃO LUÍS DE MONTES BELOS,60.96938775510205
1674,0.664,0.536,0.667,0.818,SÃO MIGUEL DO ARAGUAIA,57.86407766990291
1675,0.701,0.617,0.676,0.827,SENADOR CANEDO,46.33431085043988
1676,0.709,0.606,0.721,0.814,SILVÂNIA,55.25812619502868
1677,0.737,0.628,0.74,0.86,URUAÇU,50.112612612612615
1678,0.746,0.695,0.733,0.815,VALPARAÍSO DE GOIÁS,39.05218956208758
1679,0.824,0.742,0.863,0.873,BRASÍLIA,31.39861927895679
